-- phpMyAdmin SQL Dump
-- version 5.2.1
-- https://www.phpmyadmin.net/
--
-- Host: localhost:3306
-- Waktu pembuatan: 09 Okt 2023 pada 00.49
-- Versi server: 8.0.30
-- Versi PHP: 7.4.1

SET SQL_MODE = "NO_AUTO_VALUE_ON_ZERO";
START TRANSACTION;
SET time_zone = "+00:00";


/*!40101 SET @OLD_CHARACTER_SET_CLIENT=@@CHARACTER_SET_CLIENT */;
/*!40101 SET @OLD_CHARACTER_SET_RESULTS=@@CHARACTER_SET_RESULTS */;
/*!40101 SET @OLD_COLLATION_CONNECTION=@@COLLATION_CONNECTION */;
/*!40101 SET NAMES utf8mb4 */;

--
-- Database: `absen`
--

-- --------------------------------------------------------

--
-- Struktur dari tabel `tb_absensi`
--

CREATE TABLE `tb_absensi` (
  `id` int NOT NULL,
  `kelas` varchar(50) DEFAULT NULL,
  `tanggal` date DEFAULT NULL,
  `waktu_absen` datetime NOT NULL DEFAULT CURRENT_TIMESTAMP,
  `nama_guru` varchar(100) DEFAULT NULL,
  `status_absen` varchar(50) DEFAULT NULL,
  `keterangan` text
) ENGINE=InnoDB DEFAULT CHARSET=latin1;

-- --------------------------------------------------------

--
-- Struktur dari tabel `tb_absensi_guru`
--

CREATE TABLE `tb_absensi_guru` (
  `id` int NOT NULL,
  `tanggal` date NOT NULL,
  `waktu_absen` datetime NOT NULL DEFAULT CURRENT_TIMESTAMP,
  `nama_guru` varchar(100) CHARACTER SET latin1 COLLATE latin1_swedish_ci NOT NULL,
  `status_absen` varchar(100) CHARACTER SET latin1 COLLATE latin1_swedish_ci NOT NULL,
  `keterangan` varchar(100) CHARACTER SET latin1 COLLATE latin1_swedish_ci NOT NULL
) ENGINE=InnoDB DEFAULT CHARSET=utf8mb4 COLLATE=utf8mb4_0900_ai_ci;

-- --------------------------------------------------------

--
-- Struktur dari tabel `tb_absensi_siswa`
--

CREATE TABLE `tb_absensi_siswa` (
  `id` int NOT NULL,
  `kelas` varchar(50) NOT NULL,
  `tanggal` date NOT NULL,
  `nama_siswa` varchar(100) NOT NULL,
  `status_absen` varchar(100) NOT NULL,
  `keterangan` text NOT NULL
) ENGINE=InnoDB DEFAULT CHARSET=latin1;

-- --------------------------------------------------------

--
-- Struktur dari tabel `tb_guru`
--

CREATE TABLE `tb_guru` (
  `id_guru` int NOT NULL,
  `nama_guru` varchar(100) NOT NULL
) ENGINE=InnoDB DEFAULT CHARSET=latin1;

--
-- Dumping data untuk tabel `tb_guru`
--

INSERT INTO `tb_guru` (`id_guru`, `nama_guru`) VALUES
(1, 'Hj. Dewi Ningsih, S.Pd.,M.Pd'),
(2, 'Drs. Ismatullah'),
(3, 'Dzuli Kamala, M.Pd.I'),
(4, 'Asvedia S.Pd.I'),
(5, 'Rina Wati, S.Ag'),
(6, 'Nur Fadillah, S.Pd.I'),
(7, 'Muflihin, S.Pd.'),
(8, 'Achmad Bismar W, S.Pd.I'),
(9, 'Dwipa Fredy Putri, M.Pd.'),
(10, 'Mas Azizah, M.Pd'),
(11, 'Ricadesta Amalia S.Pd'),
(12, 'Erfika Kumalasari, M.Pd'),
(13, 'Yuli Mulyawati, S.Pd'),
(14, 'Corry Lusia Sinaga S.E'),
(15, 'Handayani, M.Pd'),
(16, 'Diah Indri Safitri, S.Pd'),
(17, 'Gina Anggriana, S.Pd'),
(18, 'Santi Noviyana, S.Pd'),
(19, 'Carina Aurelia, S.Pd'),
(20, 'Chandra Kusuma, M.Pd'),
(21, 'Resliky Thofan D, S.Pd'),
(22, 'Andhita Marcelia, S.Pd'),
(23, 'Tiara Elifia Rista, S.Pd'),
(24, 'Dra. Sri Wahyuni, M.M'),
(25, 'Dra. Hj. Ernita Wati'),
(26, 'Hj. Zahria Hadiyati, S.Pd'),
(27, 'Novilia S.Pd'),
(28, 'Marlena S.Pd.'),
(29, 'Risfalidah, M.Pd.'),
(30, 'Nurjanah, M.Pd.'),
(31, 'Dina Mariyanti S, S.Pd'),
(32, 'Cucu Herlina S.Pd'),
(33, 'Utari Rezki, S.Pd'),
(34, 'Murniyati, S.Pd'),
(35, 'Citra Haningtyas, S.Pd'),
(36, 'Heni Ayu Pertiwi, S.Si'),
(37, 'Sandria Febrianti, S.Si'),
(38, 'Anita Tri Setiani, S.Pd'),
(39, 'Meri Susanti, M.Pd'),
(40, 'Citra Rafika Utari, S Pd'),
(41, 'Sulasmi, S Pd. M M'),
(42, 'Wayan Sukanta M.Pd'),
(43, 'Dicky Sapto Tejo, S.Pd'),
(44, 'Sukmawati, S.Pd.'),
(45, 'Nuril Astuti, S.Pd'),
(46, 'Nani Kurniaty, S.Pd'),
(47, 'Martalinda, S.Pd'),
(48, 'Dra. Rez Nurlela'),
(49, 'Wita Asiyah, S.Pd'),
(50, 'Trisna Asili Bhawantu, S.Pd'),
(51, 'Nelda Susanti, S.Pd'),
(52, 'Darmala Sari, S.Pd'),
(53, 'Yesi Puspitasari, S.Pd'),
(54, 'Alekka Hermawan, S.Pd'),
(55, 'Yuli Seti Purwaningsih, S.Pd'),
(56, 'Indri Julianti Afnil, S.Pd'),
(57, 'Ahmad Gempar, S.Pd'),
(58, 'Wiranti Kusparwati, S.Pd'),
(59, 'Bema Hayuliani, S.Pd'),
(60, 'Agung Sasongko, S.Si'),
(61, 'Aprilyanti, S.Si'),
(62, 'Kimyawani, S.Pd'),
(63, 'Kesi Rahayu, S.Pd'),
(64, 'Herlina S.Pd'),
(65, 'Sumiyati, S.Pd'),
(66, 'Hj.Yasminarti, S.E.,M.M'),
(67, 'Omy Firliany Hanafiah, S.Pd., M.Si'),
(68, 'Dra, Anneke Maulisa, M.M.Pd'),
(69, 'Sri Mulaydina  S.Pd'),
(70, 'Kartika Sari, S.Pd'),
(71, 'Elya Yulina S.Pd'),
(72, 'Drs. H.Sujana Mei Raharja M.Pd'),
(73, 'Martono, S.E'),
(74, 'Ngatimin, S.E'),
(75, 'Reni Usman, S.Pd'),
(76, 'Putri Ayu Eka Ramadhani, S.Pd, M,Pd'),
(77, 'Dwi Ralimawati, S.Pd'),
(78, 'Mutiara Iwana S.Pd'),
(79, 'Agustina Damayanti, S.Pd'),
(80, 'Dina Sundari, S.Pd'),
(81, 'Ria Handayani, S.E'),
(82, 'Pungky Ayu Lestari, S.Pd'),
(83, 'Dra. Hj. Alina'),
(84, 'Hj. Siti Uswatun Khasanah, M.Pd'),
(85, 'Devita Sari, S.Sos'),
(86, 'Syelfma Octriani, S.Sos'),
(87, 'Noffita Indah Furi, S.E, M.Pd'),
(88, 'Amelia Vidyastuti, M.Pd'),
(89, 'Hj. Euis Nurhayati, SE., M.M.'),
(90, 'Hj. Ela Krisdiana S.Pd'),
(91, 'Adha Marlins S.E'),
(92, 'Fasmita, S.E'),
(93, 'Dwi Januari Siskasari, S.Pd'),
(94, 'Kemala Saudi Rose S.E, M.M'),
(95, 'Damaiyanti, S.S'),
(96, 'Lindaningsili, S.Pd'),
(97, 'Sugeng, S.Pd'),
(98, 'Estianti, S.Pd'),
(99, 'Putri Auggraini, S.S'),
(100, 'Indy Az Zahra A.Md.Par'),
(101, 'Ahmad Dian Maulid, A.Md.Par, S.E'),
(102, 'Insani Rahmawati, S.Tr. Par'),
(103, 'Agus Riady'),
(104, 'Zulfalimi Agustiadi, A.Md.Par'),
(105, 'Ilman Hakim, S.Tr. Par.'),
(106, 'Lasmono, A.Md. Par'),
(107, 'Rama Santika A.Md.Par'),
(108, 'Ovan Ardan, A.Md.Par'),
(109, 'Edi Herinanto, S.Kom'),
(110, 'Drs. Darpin'),
(111, 'Junpo, S.Kom'),
(112, 'Ayu Jayanti, S.Kom.'),
(113, 'Supriyatno, S.Kom'),
(114, 'Willy Audika Putri S.Kom'),
(115, 'Anggi Fratica S.Kom.'),
(116, 'Novi Anita S.Kom'),
(117, 'Ratih Windari, S.Kom'),
(118, 'Bayu Alimuddin Sany, S.Kom'),
(119, 'Ni Made Novia Rezkianti, S.T'),
(120, 'Dewi Anggraini, S.Kom'),
(121, 'Rahmi Permata Hati, S.Kom'),
(122, 'Hary Widodo, S.Kom'),
(123, 'Dian Sri Purwanti, S.Kom'),
(124, 'Tonino Andre Dwi Widodo, M.Ti.'),
(125, 'Dafril Ashadi, S.Kom.'),
(126, 'Ahmad Eko Saputra, S.Kom.'),
(127, 'Meilanza Wardah Hasanah, S.Pd.'),
(128, 'Ulfi Zakiyah, S.Sn'),
(129, 'Elizabet Dina Sutanti, S.Pd'),
(130, 'Numa Ima  S.Pd'),
(131, 'Yan Mulyana A.Md Par.'),
(132, 'Marydawati Turnip, S.Pd.'),
(133, 'Resdiono'),
(134, 'Ranggi'),
(135, 'lin Mariyanti, S.S'),
(136, 'Dra. Arinalia M.M.'),
(137, 'Dani Rudiyansah, S.Pd.'),
(138, 'Maryanah, S.Pd.'),
(139, 'Nani Wulandari, S.Pd.'),
(140, 'Misna Yunita. S.Pd.'),
(141, 'Laedy Puspita Putri Taupan, S.Pd.'),
(142, 'Martini Indriani, S.Pd.'),
(143, 'Annisa Anggrayani, S.Pd.'),
(144, 'Dea Aurelia S.Psi.'),
(145, 'Falahudin, S.Pd.'),
(146, 'Dini Arum P, S.Pd.'),
(147, 'Putri Alifa S.Pd.'),
(148, 'Yunita Sari, S.Pd'),
(149, 'Sukaisili, S.Ag'),
(150, 'Marudin Sihite, S.Th');

-- --------------------------------------------------------

--
-- Struktur dari tabel `tb_hari`
--

CREATE TABLE `tb_hari` (
  `id_hari` int NOT NULL,
  `nama_hari` varchar(20) NOT NULL
) ENGINE=InnoDB DEFAULT CHARSET=latin1;

--
-- Dumping data untuk tabel `tb_hari`
--

INSERT INTO `tb_hari` (`id_hari`, `nama_hari`) VALUES
(1, 'Senin'),
(2, 'Selasa'),
(3, 'Rabu'),
(4, 'Kamis'),
(5, 'Jumat');

-- --------------------------------------------------------

--
-- Struktur dari tabel `tb_jadwal`
--

CREATE TABLE `tb_jadwal` (
  `id` int NOT NULL,
  `id_hari` int NOT NULL,
  `nama_hari` varchar(50) NOT NULL,
  `id_kelas` int NOT NULL,
  `nama_kelas` varchar(50) NOT NULL,
  `id_guru` int NOT NULL,
  `nama_guru` varchar(50) NOT NULL,
  `keterangan` varchar(100) NOT NULL
) ENGINE=InnoDB DEFAULT CHARSET=latin1;

--
-- Dumping data untuk tabel `tb_jadwal`
--

INSERT INTO `tb_jadwal` (`id`, `id_hari`, `nama_hari`, `id_kelas`, `nama_kelas`, `id_guru`, `nama_guru`, `keterangan`) VALUES
(1, 1, 'Senin', 1, 'X AKL 1', 77, 'Putri Ayu Eka Ramadhani, S.Pd, M,Pd', 'Jam ke 2-5'),
(2, 1, 'Senin', 1, 'X AKL 1', 49, 'Wita Asiyah, S.Pd', 'Jam ke 6-7'),
(3, 1, 'Senin', 1, 'X AKL 1', 17, 'Gina Anggriana, S.Pd', 'Jam ke 8-11'),
(4, 2, 'Selasa', 1, 'X AKL 1', 38, 'Anita Tri Setiani, S.Pd', 'Jam ke 1-2'),
(5, 2, 'Selasa', 1, 'X AKL 1', 55, 'Yuli Seti Purwaningsih, S.Pd', 'Jam ke 3-5'),
(6, 2, 'Selasa', 1, 'X AKL 1', 23, 'Tiara Elifia Rista, S.Pd', 'Jam ke 6-7'),
(7, 2, 'Selasa', 1, 'X AKL 1', 71, 'Elya Yulina S.Pd', 'Jam ke 7-10'),
(8, 3, 'Rabu', 1, 'X AKL 1', 75, 'Reni Usman, S.Pd', 'Jam ke 1-2'),
(9, 3, 'Rabu', 1, 'X AKL 1', 14, 'Corry Lusia Sinaga S.E', 'Jam ke 3-4'),
(10, 3, 'Rabu', 1, 'X AKL 1', 63, 'Kesi Rahayu, S.Pd', 'Jam ke 5-10'),
(11, 4, 'Kamis', 1, 'X AKL 1', 44, 'Sukmawati, S.Pd.', 'Jam ke 1-4'),
(12, 4, 'Kamis', 1, 'X AKL 1', 71, 'Elya Yulina S.Pd', 'Jam ke 5-6'),
(13, 4, 'Kamis', 1, 'X AKL 1', 147, 'Putri Alifa S.Pd.', 'Jam ke 7-10'),
(14, 4, 'Kamis', 1, 'X AKL 1', 7, 'Muflihin, S.Pd.', 'Jam ke 8-10'),
(15, 5, 'Jum\'at', 1, 'X AKL 1', 36, 'Heni Ayu Pertiwi, S.Si', 'Jam ke 2-5'),
(16, 5, 'Jum\'at', 1, 'X AKL 1', 80, 'Dina Sundari, S.Pd', 'Jam ke 6-7'),
(17, 5, 'Jum\'at', 1, 'X AKL 1', 28, 'Marlena S.Pd.', 'Jam ke 7-10'),
(18, 1, 'Senin', 2, 'X AKL 2', 56, 'Indri Julianti Afnil, S.Pd', 'Jam ke 2-4'),
(19, 1, 'Senin', 2, 'X AKL 2', 36, 'Heni Ayu Pertiwi, S.Si', 'Jam ke 5-8'),
(20, 1, 'Senin', 2, 'X AKL 2', 147, 'Putri Alifa S.Pd.', 'Jam ke 9'),
(21, 1, 'Senin', 2, 'X AKL 2', 75, 'Reni Usman, S.Pd', 'Jam ke 10-11'),
(22, 2, 'Selasa', 2, 'X AKL 2', 63, 'Kesi Rahayu, S.Pd', 'Jam ke 1-6'),
(23, 2, 'Selasa', 2, 'X AKL 2', 44, 'Sukmawati, S.Pd.', 'Jam ke 7-10'),
(24, 3, 'Rabu', 2, 'X AKL 2', 68, 'Dra, Anneke Maulisa, M.M.Pd', 'Jam ke 1-2'),
(25, 3, 'Rabu', 2, 'X AKL 2', 23, 'Tiara Elifia Rista, S.Pd', 'Jam ke 3'),
(26, 3, 'Rabu', 2, 'X AKL 2', 7, 'Muflihin, S.Pd.', 'Jam ke 4-6'),
(27, 3, 'Rabu', 2, 'X AKL 2', 68, 'Dra, Anneke Maulisa, M.M.Pd', 'Jam ke 7-10'),
(28, 4, 'Kamis', 2, 'X AKL 2', 49, 'Wita Asiyah, S.Pd', 'Jam ke 1-2'),
(29, 4, 'Kamis', 2, 'X AKL 2', 12, 'Erfika Kumalasari, M.Pd', 'Jam ke 3-4'),
(30, 4, 'Kamis', 2, 'X AKL 2', 74, 'Ngatimin, S.E', 'Jam ke 5-8'),
(31, 4, 'Kamis', 2, 'X AKL 2', 38, 'Anita Tri Setiani, S.Pd', 'Jam ke 9-10'),
(32, 5, 'Jum\'at', 2, 'X AKL 2', 77, 'Putri Ayu Eka Ramadhani, S.Pd, M,Pd', 'Jam ke 2-5'),
(33, 5, 'Jum\'at', 2, 'X AKL 2', 36, 'Heni Ayu Pertiwi, S.Si', 'Jam ke 6'),
(34, 5, 'Jum\'at', 2, 'X AKL 2', 17, 'Gina Anggriana, S.Pd', 'Jam ke 7-10'),
(35, 1, 'Senin', 3, 'X AKL 3', 17, 'Gina Anggriana, S.Pd', 'Jam ke 2-5'),
(36, 1, 'Senin', 3, 'X AKL 3', 71, 'Elya Yulina S.Pd\nElya Yulina S.Pd\n', 'Jam ke 6-7'),
(37, 1, 'Senin', 3, 'X AKL 3', 46, 'Nani Kurniaty, S.Pd', 'Jam ke 8-11'),
(38, 2, 'Selasa', 3, 'X AKL 3', 56, 'Indri Julianti Afnil, S.Pd', 'Jam ke 1-3'),
(39, 2, 'Selasa', 3, 'X AKL 3', 7, 'Muflihin, S.Pd.', 'Jam ke 4-6'),
(40, 2, 'Selasa', 3, 'X AKL 3', 29, 'Risfalidah, M.Pd.', 'Jam ke 7-10'),
(41, 3, 'Rabu', 3, 'X AKL 3', 14, 'Corry Lusia Sinaga S.E', 'Jam ke 1-2'),
(42, 3, 'Rabu', 3, 'X AKL 3', 77, 'Putri Ayu Eka Ramadhani, S.Pd, M,Pd', 'Jam ke 3-6'),
(43, 3, 'Rabu', 3, 'X AKL 3', 79, 'Agustina Damayanti, S.Pd', 'Jam ke 7-10'),
(44, 4, 'Kamis', 3, 'X AKL 3', 63, 'Kesi Rahayu, S.Pd', 'Jam ke 1-6'),
(45, 4, 'Kamis', 3, 'X AKL 3', 71, 'Elya Yulina S.Pd\n', 'Jam ke 7-10'),
(46, 5, 'Jum\'at', 3, 'X AKL 3', 75, 'Reni Usman, S.Pd', 'Jam ke 2-3'),
(47, 5, 'Jum\'at', 3, 'X AKL 3', 36, 'Heni Ayu Pertiwi, S.Si', 'Jam ke 4'),
(48, 5, 'Jum\'at', 3, 'X AKL 3', 23, 'Tiara Elifia Rista, S.Pd', 'Jam ke 5'),
(49, 5, 'Jum\'at', 3, 'X AKL 3', 147, 'Putri Alifa S.Pd.', 'Jam ke 6'),
(50, 5, 'Jum\'at', 3, 'X AKL 3', 39, 'Meri Susanti, M.Pd', 'Jam ke 7-8'),
(51, 5, 'Jum\'at', 3, 'X AKL 3', 50, 'Trisna Asili Bhawantu, S.Pd', 'Jam ke 9-10'),
(52, 1, 'Senin', 4, 'X AKL 4', 74, 'Ngatimin, S.E', 'Jam ke 2-5'),
(53, 1, 'Senin', 4, 'X AKL 4', 63, 'Kesi Rahayu, S.Pd', 'Jam ke 6-11'),
(54, 2, 'Selasa', 4, 'X AKL 4', 12, 'Erfika Kumalasari, M.Pd', 'Jam ke 1-2'),
(55, 2, 'Selasa', 4, 'X AKL 4', 75, 'Reni Usman, S.Pd', 'Jam ke 3-4'),
(56, 2, 'Selasa', 4, 'X AKL 4', 56, 'Indri Julianti Afnil, S.Pd', 'Jam ke 5-7'),
(57, 2, 'Selasa', 4, 'X AKL 4', 6, 'Nur Fadillah, S.Pd.I', 'Jam ke 8-10'),
(58, 3, 'Rabu', 4, 'X AKL 4', 23, 'Tiara Elifia Rista, S.Pd', 'Jam ke 1'),
(59, 3, 'Rabu', 4, 'X AKL 4', 35, 'Citra Haningtyas, S.Pd', 'Jam ke 2'),
(60, 3, 'Rabu', 4, 'X AKL 4', 39, 'Meri Susanti, M.Pd', 'Jam ke 3-4'),
(61, 3, 'Rabu', 4, 'X AKL 4', 68, 'Dra, Anneke Maulisa, M.M.Pd', 'Jam ke 5-6'),
(62, 3, 'Rabu', 4, 'X AKL 4', 18, 'Santi Noviyana, S.Pd', 'Jam ke 7-10'),
(63, 4, 'Kamis', 4, 'X AKL 4', 29, 'Risfalidah, M.Pd.', 'Jam ke 1-4'),
(64, 4, 'Kamis', 4, 'X AKL 4', 50, 'Trisna Asili Bhawantu, S.Pd', 'Jam ke 5-6'),
(65, 4, 'Kamis', 4, 'X AKL 4', 77, 'Putri Ayu Eka Ramadhani, S.Pd, M,Pd', 'Jam ke 7-10'),
(66, 5, 'Jum\'at', 4, 'X AKL 4', 68, 'Dra, Anneke Maulisa, M.M.Pd', 'Jam ke 2-5'),
(67, 5, 'Jum\'at', 4, 'X AKL 4', 41, 'Sulasmi, S Pd. M M', 'Jam ke 6-9'),
(68, 5, 'Jum\'at', 4, 'X AKL 4', 147, 'Putri Alifa S.Pd.', 'Jam ke 10'),
(69, 1, 'Senin', 5, 'X AKL 5', 55, 'Yuli Seti Purwaningsih, S.Pd', 'Jam ke 2-4'),
(70, 1, 'Senin', 5, 'X AKL 5', 6, 'Nur Fadillah, S.Pd.I', 'Jam ke 5-7'),
(71, 1, 'Senin', 5, 'X AKL 5', 80, 'Dina Sundari, S.Pd', 'Jam ke 8-11'),
(72, 2, 'Selasa', 5, 'X AKL 5', 18, 'Santi Noviyana, S.Pd', 'Jam ke 1-4'),
(73, 2, 'Selasa', 5, 'X AKL 5', 71, 'Elya Yulina S.Pd', 'Jam ke 5-6'),
(74, 2, 'Selasa', 5, 'X AKL 5', 77, 'Putri Ayu Eka Ramadhani, S.Pd, M,Pd', 'Jam ke 7-10'),
(75, 3, 'Rabu', 5, 'X AKL 5', 29, 'Risfalidah, M.Pd.', 'Jam ke 1-4'),
(76, 3, 'Rabu', 5, 'X AKL 5', 39, 'Meri Susanti, M.Pd', 'Jam ke 5-6'),
(77, 3, 'Rabu', 5, 'X AKL 5', 13, 'Yuli Mulyawati, S.Pd', 'Jam ke 7-8'),
(78, 3, 'Rabu', 5, 'X AKL 5', 50, 'Trisna Asili Bhawantu, S.Pd', 'Jam ke 9-10'),
(79, 4, 'Kamis', 5, 'X AKL 5', 71, 'Elya Yulina S.Pd', 'Jam ke 1-4'),
(80, 4, 'Kamis', 5, 'X AKL 5', 35, 'Citra Haningtyas, S.Pd', 'Jam ke 5'),
(81, 4, 'Kamis', 5, 'X AKL 5', 147, 'Putri Alifa S.Pd.', 'Jam ke 6'),
(82, 4, 'Kamis', 5, 'X AKL 5', 41, 'Sulasmi, S Pd. M M', 'Jam ke 7-10'),
(83, 5, 'Jum\'at', 5, 'X AKL 5', 61, 'Aprilyanti, S.Si', 'Jam ke 2-7'),
(84, 5, 'Jum\'at', 5, 'X AKL 5', 23, 'Tiara Elifia Rista, S.Pd', 'Jam ke 8'),
(85, 5, 'Jum\'at', 5, 'X AKL 5', 75, 'Reni Usman, S.Pd', 'Jam ke 9-10'),
(86, 1, 'Senin', 6, 'X MPLB', 35, 'Citra Haningtyas, S.Pd', 'Jam ke 2'),
(87, 1, 'Senin', 6, 'X MPLB', 8, 'Achmad Bismar W, S.Pd.I', 'Jam ke 3-5'),
(88, 1, 'Senin', 6, 'X MPLB', 82, 'Pungky Ayu Lestari, S.Pd', 'Jam ke 6-9'),
(89, 1, 'Senin', 6, 'X MPLB', 49, 'Wita Asiyah, S.Pd', 'Jam ke 10-11'),
(90, 2, 'Selasa', 6, 'X MPLB', 13, 'Yuli Mulyawati, S.Pd', 'Jam ke 1-2'),
(91, 2, 'Selasa', 6, 'X MPLB', 38, 'Anita Tri Setiani, S.Pd', 'Jam ke 3-4'),
(92, 2, 'Selasa', 6, 'X MPLB', 83, 'Dra. Hj. Alina', 'Jam ke 5-10'),
(93, 3, 'Rabu', 6, 'X MPLB', 19, 'Carina Aurelia, S.Pd', 'Jam ke 1-4'),
(94, 3, 'Rabu', 6, 'X MPLB', 83, 'Dra. Hj. Alina', 'Jam ke 5-10'),
(95, 4, 'Kamis', 6, 'X MPLB', 98, 'Estianti, S.Pd', 'Jam ke 1-6'),
(96, 4, 'Kamis', 6, 'X MPLB', 139, 'Nani Wulandari, S.Pd.', 'Jam ke 7'),
(97, 4, 'Kamis', 6, 'X MPLB', 58, 'Wiranti Kusparwati, S.Pd', 'Jam ke 8-10'),
(98, 5, 'Jum\'at', 6, 'X MPLB', 44, 'Sukmawati, S.Pd.', 'Jam ke 2-5'),
(99, 5, 'Jum\'at', 6, 'X MPLB', 23, 'Tiara Elifia Rista, S.Pd', 'Jam ke 6-9'),
(100, 5, 'Jum\'at', 6, 'X MPLB', 33, 'Utari Rezki, S.Pd', 'Jam ke 7-10'),
(101, 1, 'Senin', 7, 'X Pem 1', 34, 'Murniyati, S.Pd', 'Jam ke 2-5'),
(102, 1, 'Senin', 7, 'X Pem 1', 62, 'Kimyawani, S.Pd', 'Jam ke 6-11'),
(103, 2, 'Selasa', 7, 'X Pem 1', 6, 'Nur Fadillah, S.Pd.I', 'Jam ke 1-3'),
(104, 2, 'Selasa', 7, 'X Pem 1', 92, 'Fasmita, S.E', 'Jam ke 4-9'),
(105, 2, 'Selasa', 7, 'X Pem 1', 146, 'Dini Arum P, S.Pd.', 'Jam ke 10'),
(106, 3, 'Rabu', 7, 'X Pem 1', 90, 'Hj. Ela Krisdiana S.Pd', 'Jam ke 1-6'),
(107, 3, 'Rabu', 7, 'X Pem 1', 19, 'Carina Aurelia, S.Pd', 'Jam ke 7'),
(108, 3, 'Rabu', 7, 'X Pem 1', 59, 'Bema Hayuliani, S.Pd', 'Jam ke 8-10'),
(109, 4, 'Kamis', 7, 'X Pem 1', 19, 'Carina Aurelia, S.Pd', 'Jam ke 1-4'),
(110, 4, 'Kamis', 7, 'X Pem 1', 12, 'Erfika Kumalasari, M.Pd', 'Jam ke 5-6'),
(111, 4, 'Kamis', 7, 'X Pem 1', 46, 'Nani Kurniaty, S.Pd', 'Jam ke 7-10'),
(112, 5, 'Jum\'at', 7, 'X Pem 1', 50, 'Trisna Asili Bhawantu, S.Pd', 'Jam ke 2-3'),
(113, 5, 'Jum\'at', 7, 'X Pem 1', 23, 'Tiara Elifia Rista, S.Pd', 'Jam ke 4-9'),
(114, 5, 'Jum\'at', 7, 'X Pem 1', 13, 'Yuli Mulyawati, S.Pd', 'Jam ke 5-6'),
(115, 5, 'Jum\'at', 7, 'X Pem 1', 91, 'Adha Marlins S.E', 'Jam ke 7-10'),
(116, 1, 'Senin', 8, 'X Pem 2', 50, 'Trisna Asili Bhawantu, S.Pd', 'Jam ke 1-2'),
(117, 1, 'Senin', 8, 'X Pem 2', 23, 'Tiara Elifia Rista, S.Pd', 'Jam ke 3-7'),
(118, 1, 'Senin', 8, 'X Pem 2', 13, 'Yuli Mulyawati, S.Pd', 'Jam ke 8-11'),
(119, 2, 'Selasa', 8, 'X Pem 2', 91, 'Adha Marlins S.E', 'Jam ke 1-4'),
(120, 2, 'Selasa', 8, 'X Pem 2', 62, 'Kimyawani, S.Pd', 'Jam ke 5-10'),
(121, 3, 'Rabu', 8, 'X Pem 2', 46, 'Nani Kurniaty, S.Pd', 'Jam ke 1-4'),
(122, 3, 'Rabu', 8, 'X Pem 2', 6, 'Nur Fadillah, S.Pd.I', 'Jam ke 5-7'),
(123, 3, 'Rabu', 8, 'X Pem 2', 54, 'Alekka Hermawan, S.Pd', 'Jam ke 8-10'),
(124, 4, 'Kamis', 8, 'X Pem 2', 34, 'Murniyati, S.Pd', 'Jam ke 1-4'),
(125, 4, 'Kamis', 8, 'X Pem 2', 89, 'Hj. Euis Nurhayati, SE., M.M.', 'Jam ke 5-10'),
(126, 5, 'Jum\'at', 8, 'X Pem 2', 91, 'Adha Marlins S.E', 'Jam ke 1'),
(127, 5, 'Jum\'at', 8, 'X Pem 2', 23, 'Tiara Elifia Rista, S.Pd', 'Jam ke 2'),
(128, 5, 'Jum\'at', 8, 'X Pem 2', 14, 'Corry Lusia Sinaga S.E', 'Jam ke 3-9'),
(129, 5, 'Jum\'at', 8, 'X Pem 2', 146, 'Dini Arum P, S.Pd.', 'Jam ke 10'),
(130, 1, 'Senin', 9, 'X ULP 1', 98, 'Estianti, S.Pd', 'Jam ke 2-7'),
(131, 1, 'Senin', 9, 'X ULP 1', 19, 'Carina Aurelia, S.Pd', 'Jam ke 8'),
(132, 1, 'Senin', 9, 'X ULP 1', 54, 'Alekka Hermawan, S.Pd', 'Jam ke 9-11'),
(133, 2, 'Selasa', 9, 'X ULP 1', 32, 'Cucu Herlina S.Pd', 'Jam ke 1-4'),
(134, 2, 'Selasa', 9, 'X ULP 1', 13, 'Yuli Mulyawati, S.Pd', 'Jam ke 5-6'),
(135, 2, 'Selasa', 9, 'X ULP 1', 95, 'Damaiyanti, S.S', 'Jam ke 7-10'),
(136, 3, 'Rabu', 9, 'X ULP 1', 13, 'Yuli Mulyawati, S.Pd', 'Jam ke 1-2'),
(137, 3, 'Rabu', 9, 'X ULP 1', 146, 'Dini Arum P, S.Pd.', 'Jam ke 3'),
(138, 3, 'Rabu', 9, 'X ULP 1', 23, 'Tiara Elifia Rista, S.Pd', 'Jam ke 4'),
(139, 3, 'Rabu', 9, 'X ULP 1', 100, 'Indy Az Zahra A.Md.Par', 'Jam ke 5-10'),
(140, 4, 'Kamis', 9, 'X ULP 1', 82, 'Pungky Ayu Lestari, S.Pd', 'Jam ke 1-4'),
(141, 4, 'Kamis', 9, 'X ULP 1', 19, 'Carina Aurelia, S.Pd', 'Jam ke 5-8'),
(142, 4, 'Kamis', 9, 'X ULP 1', 50, 'Trisna Asili Bhawantu, S.Pd', 'Jam ke 9-10'),
(143, 5, 'Jum\'at', 9, 'X ULP 1', 6, 'Nur Fadillah, S.Pd.I', 'Jam ke 2-4'),
(144, 5, 'Jum\'at', 9, 'X ULP 1', 100, 'Indy Az Zahra A.Md.Par', 'Jam ke 5-10'),
(145, 1, 'Senin', 10, 'X ULP 2', 96, 'Lindaningsili, S.Pd', 'Jam ke 2-7'),
(146, 1, 'Senin', 10, 'X ULP 2', 6, 'Nur Fadillah, S.Pd.I', 'Jam ke 8-10'),
(147, 1, 'Senin', 10, 'X ULP 2', 146, 'Dini Arum P, S.Pd.', 'Jam ke 11'),
(148, 2, 'Selasa', 10, 'X ULP 2', 96, 'Lindaningsili, S.Pd', 'Jam ke 1-6'),
(149, 2, 'Selasa', 10, 'X ULP 2', 23, 'Tiara Elifia Rista, S.Pd', 'Jam ke 7-10'),
(150, 3, 'Rabu', 10, 'X ULP 2', 95, 'Damaiyanti, S.S', 'Jam ke 1-4'),
(151, 3, 'Rabu', 10, 'X ULP 2', 98, 'Estianti, S.Pd', 'Jam ke 5-10'),
(152, 4, 'Kamis', 10, 'X ULP 2', 59, 'Bema Hayuliani, S.Pd', 'Jam ke 1'),
(153, 4, 'Kamis', 10, 'X ULP 2', 23, 'Tiara Elifia Rista, S.Pd', 'Jam ke 2'),
(154, 4, 'Kamis', 10, 'X ULP 2', 32, 'Cucu Herlina S.Pd', 'Jam ke 3-6'),
(155, 4, 'Kamis', 10, 'X ULP 2', 82, 'Pungky Ayu Lestari, S.Pd', 'Jam ke 7-10'),
(156, 5, 'Jum\'at', 10, 'X ULP 2', 14, 'Corry Lusia Sinaga S.E', 'Jam ke 2-3'),
(157, 5, 'Jum\'at', 10, 'X ULP 2', 50, 'Trisna Asili Bhawantu, S.Pd', 'Jam ke 4-5'),
(158, 5, 'Jum\'at', 10, 'X ULP 2', 54, 'Alekka Hermawan, S.Pd', 'Jam ke 6-8'),
(159, 5, 'Jum\'at', 10, 'X ULP 2', 40, 'Citra Rafika Utari, S Pd', 'Jam ke 9-10'),
(160, 1, 'Senin', 11, 'X TJKT 1', 49, 'Wita Asiyah, S.Pd', 'Jam ke 2-3'),
(161, 1, 'Senin', 11, 'X TJKT 1', 43, 'Dicky Sapto Tejo, S.Pd', 'Jam ke 4-7'),
(162, 1, 'Senin', 11, 'X TJKT 1', 146, 'Dini Arum P, S.Pd.', 'Jam ke 8'),
(163, 1, 'Senin', 11, 'X TJKT 1', 7, 'Muflihin, S.Pd.', 'Jam ke 9-11'),
(164, 2, 'Selasa', 11, 'X TJKT 1', 31, 'Dina Mariyanti S, S.Pd', 'Jam ke 1-4'),
(165, 2, 'Selasa', 11, 'X TJKT 1', 91, 'Adha Marlins S.E', 'Jam ke 5-8'),
(166, 2, 'Selasa', 11, 'X TJKT 1', 39, 'Meri Susanti, M.Pd', 'Jam ke 9-10'),
(167, 3, 'Rabu', 11, 'X TJKT 1', 59, 'Bema Hayuliani, S.Pd', 'Jam ke 1-4'),
(168, 3, 'Rabu', 11, 'X TJKT 1', 110, 'Drs. Darpin', 'Jam ke 5-10'),
(169, 4, 'Kamis', 11, 'X TJKT 1', 110, 'Drs. Darpin', 'Jam ke 1-6'),
(170, 4, 'Kamis', 11, 'X TJKT 1', 20, 'Chandra Kusuma, M.Pd', 'Jam ke 7-10'),
(171, 5, 'Jum\'at', 11, 'X TJKT 1', 12, 'Erfika Kumalasari, M.Pd', 'Jam ke 2-3'),
(172, 5, 'Jum\'at', 11, 'X TJKT 1', 60, 'Agung Sasongko, S.Si', 'Jam ke 4-9'),
(173, 5, 'Jum\'at', 11, 'X TJKT 1', 23, 'Tiara Elifia Rista, S.Pd', 'Jam ke 10'),
(174, 1, 'Senin', 12, 'X TJKT 2', 36, 'Heni Ayu Pertiwi, S.Si', 'Jam ke 2'),
(175, 1, 'Senin', 12, 'X TJKT 2', 39, 'Meri Susanti, M.Pd', 'Jam ke 3-4'),
(176, 1, 'Senin', 12, 'X TJKT 2', 7, 'Muflihin, S.Pd.', 'Jam ke 5-7'),
(177, 1, 'Senin', 12, 'X TJKT 2', 31, 'Dina Mariyanti S, S.Pd', 'Jam ke 8-11'),
(178, 2, 'Selas', 12, 'X TJKT 2', 60, 'Agung Sasongko, S.Si', 'Jam ke 1-6'),
(179, 2, 'Selas', 12, 'X TJKT 2', 14, 'Corry Lusia Sinaga S.E', 'Jam ke 7-8'),
(180, 2, 'Selas', 12, 'X TJKT 2', 49, 'Wita Asiyah, S.Pd', 'Jam ke 9-10'),
(181, 3, 'Rabu', 12, 'X TJKT 2', 115, 'Anggi Fratica S.Kom.', 'Jam ke 1-6'),
(182, 3, 'Rabu', 12, 'X TJKT 2', 43, 'Dicky Sapto Tejo, S.Pd', 'Jam ke 7-10'),
(183, 4, 'Kamis', 12, 'X TJKT 2', 115, 'Anggi Fratica S.Kom.', 'Jam ke 1-6'),
(184, 4, 'Kamis', 12, 'X TJKT 2', 146, 'Dini Arum P, S.Pd.', 'Jam ke 7'),
(185, 4, 'Kamis', 12, 'X TJKT 2', 59, 'Bema Hayuliani, S.Pd', 'Jam ke 8-10'),
(186, 5, 'Jum\'at', 12, 'X TJKT 2', 23, 'Tiara Elifia Rista, S.Pd', 'Jam ke 2'),
(187, 5, 'Jum\'at', 12, 'X TJKT 2', 20, 'Chandra Kusuma, M.Pd', 'Jam ke 3-6'),
(188, 5, 'Jum\'at', 12, 'X TJKT 2', 121, 'Rahmi Permata Hati, S.Kom', 'Jam ke 7-10'),
(189, 1, 'Senin', 13, 'X TJKT 3', 21, 'Resliky Thofan D, S.Pd', 'Jam ke 2-5'),
(190, 1, 'Senin', 13, 'X TJKT 3', 121, 'Rahmi Permata Hati, S.Kom', 'Jam ke 6-9'),
(191, 1, 'Senin', 13, 'X TJKT 3', 12, 'Erfika Kumalasari, M.Pd', 'Jam ke 10-11'),
(192, 2, 'Selasa', 13, 'X TJKT 3', 41, 'Sulasmi, S Pd. M M', 'Jam ke 1-4'),
(193, 2, 'Selasa', 13, 'X TJKT 3', 112, 'Ayu Jayanti, S.Kom.', 'Jam ke 5-10'),
(194, 3, 'Rabu', 13, 'X TJKT 3', 112, 'Ayu Jayanti, S.Kom.', 'Jam ke 1-6'),
(195, 3, 'Rabu', 13, 'X TJKT 3', 59, 'Bema Hayuliani, S.Pd', 'Jam ke 7'),
(196, 3, 'Rabu', 13, 'X TJKT 3', 7, 'Muflihin, S.Pd.', 'Jam ke 8-10'),
(197, 4, 'Kamis', 13, 'X TJKT 3', 60, 'Agung Sasongko, S.Si', 'Jam ke 1-6'),
(198, 4, 'Kamis', 13, 'X TJKT 3', 49, 'Wita Asiyah, S.Pd', 'Jam ke 7-8'),
(199, 4, 'Kamis', 13, 'X TJKT 3', 148, 'Yunita Sari, S.Pd', 'Jam ke 9'),
(200, 4, 'Kamis', 13, 'X TJKT 3', 146, 'Dini Arum P, S.Pd.', 'Jam ke 10'),
(201, 5, 'Jum\'at', 13, 'X TJKT 3', 57, 'Ahmad Gempar, S.Pd', 'Jam ke 2-4'),
(202, 5, 'Jum\'at', 13, 'X TJKT 3', 39, 'Meri Susanti, M.Pd', 'Jam ke 5-6'),
(203, 5, 'Jum\'at', 13, 'X TJKT 3', 31, 'Dina Mariyanti S, S.Pd', 'Jam ke 7-10'),
(204, 1, 'Senin', 14, 'X DKV 1', 120, 'Dewi Anggraini, S.Kom', 'Jam ke 2-7'),
(205, 1, 'Senin', 14, 'X DKV 1', 49, 'Wita Asiyah, S.Pd', 'Jam ke 8-9'),
(206, 1, 'Senin', 14, 'X DKV 1', 148, 'Yunita Sari, S.Pd', 'Jam ke 10'),
(207, 1, 'Selasa', 14, 'X DKV 1', 145, 'Falahudin, S.Pd.', 'Jam ke 11'),
(208, 2, 'Selasa', 14, 'X DKV 1', 40, 'Citra Rafika Utari, S Pd', 'Jam ke 1-2'),
(209, 2, 'Selasa', 14, 'X DKV 1', 80, 'Dina Sundari, S.Pd', 'Jam ke 3-6'),
(210, 2, 'Selasa', 14, 'X DKV 1', 59, 'Bema Hayuliani, S.Pd', 'Jam ke 7-10'),
(211, 3, 'Rabu', 14, 'X DKV 1', 21, 'Resliky Thofan D, S.Pd', 'Jam ke 1-4'),
(212, 3, 'Rabu', 14, 'X DKV 1', 14, 'Corry Lusia Sinaga S.E', 'Jam ke 5-6'),
(213, 3, 'Rabu', 14, 'X DKV 1', 31, 'Dina Mariyanti S, S.Pd', 'Jam ke 7-10'),
(214, 4, 'Kamis', 14, 'X DKV 1', 62, 'Kimyawani, S.Pd', 'Jam ke 1-6'),
(215, 4, 'Kamis', 14, 'X DKV 1', 43, 'Dicky Sapto Tejo, S.Pd', 'Jam ke 7-10'),
(216, 5, 'Jum\'at', 14, 'X DKV 1', 7, 'Muflihin, S.Pd.', 'Jam ke 2-4'),
(217, 5, 'Jum\'at', 14, 'X DKV 1', 120, 'Dewi Anggraini, S.Kom', 'Jam ke 5-10'),
(218, 1, 'Senin', 15, 'X DKV 2', 22, 'Andhita Marcelia, S.Pd', 'Jam ke 2-5'),
(219, 1, 'Senin', 15, 'X DKV 2', 13, 'Yuli Mulyawati, S.Pd', 'Jam ke 6-7'),
(220, 1, 'Senin', 15, 'X DKV 2', 43, 'Dicky Sapto Tejo, S.Pd', 'Jam ke 8-11'),
(221, 2, 'Selasa', 15, 'X DKV 2', 59, 'Bema Hayuliani, S.Pd', 'Jam ke 1'),
(222, 2, 'Selasa', 15, 'X DKV 2', 121, 'Rahmi Permata Hati, S.Kom', 'Jam ke 2-7'),
(223, 2, 'Selasa', 15, 'X DKV 2', 7, 'Muflihin, S.Pd.', 'Jam ke 8-10'),
(224, 3, 'Rabu', 15, 'X DKV 2', 49, 'Wita Asiyah, S.Pd', 'Jam ke 1-2'),
(225, 3, 'Rabu', 15, 'X DKV 2', 148, 'Yunita Sari, S.Pd', 'Jam ke 3'),
(226, 3, 'Rabu', 15, 'X DKV 2', 40, 'Citra Rafika Utari, S Pd', 'Jam ke 4-5'),
(227, 3, 'Rabu', 15, 'X DKV 2', 145, 'Falahudin, S.Pd.', 'Jam ke 6'),
(228, 3, 'Rabu', 15, 'X DKV 2', 33, 'Utari Rezki, S.Pd', 'Jam ke 7-10'),
(229, 4, 'Kamis', 15, 'X DKV 2', 121, 'Rahmi Permata Hati, S.Kom', 'Jam ke 1-6'),
(230, 4, 'Kamis', 15, 'X DKV 2', 80, 'Dina Sundari, S.Pd', 'Jam ke 7-10'),
(231, 5, 'Jum\'at', 15, 'X DKV 2', 54, 'Alekka Hermawan, S.Pd', 'Jam ke 2-4'),
(232, 5, 'Jum\'at', 15, 'X DKV 2', 62, 'Kimyawani, S.Pd', 'Jam ke 5-10'),
(233, 1, 'Senin', 16, 'X PPLG 1', 60, 'Agung Sasongko, S.Si', 'Jam ke 2-7'),
(234, 1, 'Senin', 16, 'X PPLG 1', 22, 'Andhita Marcelia, S.Pd', 'Jam ke 8-11'),
(235, 2, 'Selasa', 16, 'X PPLG 1', 123, 'Dian Sri Purwanti, S.Kom', 'Jam ke 1-6'),
(236, 2, 'Selasa', 16, 'X PPLG 1', 31, 'Dina Mariyanti S, S.Pd', 'Jam ke 7-10'),
(237, 3, 'Rabu', 16, 'X PPLG 1', 7, 'Muflihin, S.Pd.', 'Jam ke 1-3'),
(238, 3, 'Rabu', 16, 'X PPLG 1', 49, 'Wita Asiyah, S.Pd', 'Jam ke 4-5'),
(239, 3, 'Rabu', 16, 'X PPLG 1', 57, 'Ahmad Gempar, S.Pd', 'Jam ke 6-8'),
(240, 3, 'Rabu', 16, 'X PPLG 1', 12, 'Erfika Kumalasari, M.Pd', 'Jam ke 9-10'),
(241, 4, 'Kamis', 16, 'X PPLG 1', 46, 'Nani Kurniaty, S.Pd', 'Jam ke 1-4'),
(242, 4, 'Kamis', 16, 'X PPLG 1', 124, 'Tonino Andre Dwi Widodo, M.Ti.', 'Jam ke 5-8'),
(243, 4, 'Kamis', 16, 'X PPLG 1', 40, 'Citra Rafika Utari, S Pd', 'Jam ke 9-10'),
(244, 5, 'Jum\'at', 16, 'X PPLG 1', 123, 'Dian Sri Purwanti, S.Kom', 'Jam ke 2-7'),
(245, 5, 'Jum\'at', 16, 'X PPLG 1', 148, 'Yunita Sari, S.Pd', 'Jam ke 8'),
(246, 5, 'Jum\'at', 16, 'X PPLG 1', 147, 'Putri Alifa S.Pd.', 'Jam ke 9'),
(247, 5, 'Jum\'at', 16, 'X PPLG 1', 34, 'Murniyati, S.Pd', 'Jam ke 10'),
(248, 1, 'Senin', 17, 'X PPLG 2', 125, 'Dafril Ashadi, S.Kom.', 'Jam ke 2-7'),
(249, 1, 'Senin', 17, 'X PPLG 2', 124, 'Tonino Andre Dwi Widodo, M.Ti.', 'Jam ke 8-11'),
(250, 2, 'Selasa', 17, 'X PPLG 2', 46, 'Nani Kurniaty, S.Pd', 'Jam ke 1-4'),
(251, 2, 'Selasa', 17, 'X PPLG 2', 147, 'Putri Alifa S.Pd.', 'Jam ke 5'),
(252, 2, 'Selasa', 17, 'X PPLG 2', 40, 'Citra Rafika Utari, S Pd', 'Jam ke 6-7'),
(253, 2, 'Selasa', 17, 'X PPLG 2', 57, 'Ahmad Gempar, S.Pd', 'Jam ke 8-10'),
(254, 3, 'Rabu', 17, 'X PPLG 2', 31, 'Dina Mariyanti S, S.Pd', 'Jam ke 1-4'),
(255, 3, 'Rabu', 17, 'X PPLG 2', 60, 'Agung Sasongko, S.Si', 'Jam ke 5-10'),
(256, 4, 'Kamis', 17, 'X PPLG 2', 50, 'Trisna Asili Bhawantu, S.Pd', 'Jam ke 1-2'),
(257, 4, 'Kamis', 17, 'X PPLG 2', 148, 'Yunita Sari, S.Pd', 'Jam ke 3'),
(258, 4, 'Kamis', 17, 'X PPLG 2', 21, 'Resliky Thofan D, S.Pd', 'Jam ke 4-6'),
(259, 4, 'Kamis', 17, 'X PPLG 2', 34, 'Murniyati, S.Pd', 'Jam ke 7'),
(260, 4, 'Kamis', 17, 'X PPLG 2', 13, 'Yuli Mulyawati, S.Pd', 'Jam ke 9-10'),
(261, 5, 'Jum\'at', 17, 'X PPLG 2', 8, 'Achmad Bismar W, S.Pd.I', 'Jam ke 2-4'),
(262, 5, 'Jum\'at', 17, 'X PPLG 2', 125, 'Dafril Ashadi, S.Kom.', 'Jam ke 5-10'),
(263, 1, 'Senin', 18, 'X Pht 1', 97, 'Sugeng, S.Pd', 'Jam ke 2-5'),
(264, 1, 'Senin', 18, 'X Pht 1', 102, 'Insani Rahmawati, S.Tr. Par', 'Jam ke 6-11'),
(265, 2, 'Selasa', 18, 'X Pht 1', 102, 'Insani Rahmawati, S.Tr. Par', 'Jam ke 1-6'),
(266, 2, 'Selasa', 18, 'X Pht 1', 148, 'Yunita Sari, S.Pd', 'Jam ke 7'),
(267, 2, 'Selasa', 18, 'X Pht 1', 55, 'Yuli Seti Purwaningsih, S.Pd', 'Jam ke 8-10'),
(268, 3, 'Rabu', 18, 'X Pht 1', 30, 'Nurjanah, M.Pd.', 'Jam ke 1-4'),
(269, 3, 'Rabu', 18, 'X Pht 1', 12, 'Erfika Kumalasari, M.Pd', 'Jam ke 5-6'),
(270, 3, 'Rabu', 18, 'X Pht 1', 50, 'Trisna Asili Bhawantu, S.Pd', 'Jam ke 7-8'),
(271, 3, 'Rabu', 18, 'X Pht 1', 34, 'Murniyati, S.Pd', 'Jam ke 9'),
(272, 3, 'Rabu', 18, 'X Pht 1', 145, 'Falahudin, S.Pd.', 'Jam ke 10'),
(273, 4, 'Kamis', 18, 'X Pht 1', 61, 'Aprilyanti, S.Si', 'Jam ke 1-6'),
(274, 4, 'Kamis', 18, 'X Pht 1', 22, 'Andhita Marcelia, S.Pd', 'Jam ke 7-10'),
(275, 5, 'Jum\'at', 18, 'X Pht 1', 79, 'Agustina Damayanti, S.Pd', 'Jam ke 2-5'),
(276, 5, 'Jum\'at', 18, 'X Pht 1', 12, 'Erfika Kumalasari, M.Pd', 'Jam ke 6-7'),
(277, 5, 'Jum\'at', 18, 'X Pht 1', 8, 'Achmad Bismar W, S.Pd.I', 'Jam ke 8-10'),
(278, 1, 'Senin', 19, 'X Pht 2', 61, 'Aprilyanti, S.Si', 'Jam ke 2-7'),
(279, 1, 'Senin', 19, 'X Pht 2', 77, 'Dwi Ralimawati, S.Pd', 'Jam ke 8-11'),
(280, 2, 'Selasa', 19, 'X Pht 2', 107, 'Rama Santika A.Md.Par', 'Jam ke 1-6'),
(281, 2, 'Selasa', 19, 'X Pht 2', 12, 'Erfika Kumalasari, M.Pd', 'Jam ke 7-8'),
(282, 2, 'Selasa', 19, 'X Pht 2', 50, 'Trisna Asili Bhawantu, S.Pd', 'Jam ke 9-10'),
(283, 3, 'Rabu', 19, 'X Pht 2', 148, 'Yunita Sari, S.Pd', 'Jam ke 1'),
(284, 3, 'Rabu', 19, 'X Pht 2', 145, 'Falahudin, S.Pd.', 'Jam ke 2'),
(285, 3, 'Rabu', 19, 'X Pht 2', 12, 'Erfika Kumalasari, M.Pd', 'Jam ke 3-4'),
(286, 3, 'Rabu', 19, 'X Pht 2', 8, 'Achmad Bismar W, S.Pd.I', 'Jam ke 5-7'),
(287, 3, 'Rabu', 19, 'X Pht 2', 55, 'Yuli Seti Purwaningsih, S.Pd', 'Jam ke 8-10'),
(288, 4, 'Kamis', 19, 'X Pht 2', 107, 'Rama Santika A.Md.Par', 'Jam ke 1-6'),
(289, 4, 'Kamis', 19, 'X Pht 2', 97, 'Sugeng, S.Pd', 'Jam ke 7-10'),
(290, 5, 'Jum\'at', 19, 'X Pht 2', 32, 'Cucu Herlina S.Pd', 'Jam ke 2-5'),
(291, 5, 'Jum\'at', 19, 'X Pht 2', 35, 'Citra Haningtyas, S.Pd', 'Jam ke 6'),
(292, 5, 'Jum\'at', 19, 'X Pht 2', 21, 'Resliky Thofan D, S.Pd', 'Jam ke 7-10'),
(293, 1, 'Senin', 20, 'X Pht 3', 145, 'Falahudin, S.Pd.', 'Jam ke 2'),
(294, 1, 'Senin', 20, 'X Pht 3', 148, 'Yunita Sari, S.Pd', 'Jam ke 3'),
(295, 1, 'Senin', 20, 'X Pht 3', 20, 'Chandra Kusuma, M.Pd', 'Jam ke 4-7'),
(296, 1, 'Senin', 20, 'X Pht 3', 33, 'Utari Rezki, S.Pd', 'Jam ke 8-11'),
(297, 2, 'Selasa', 20, 'X Pht 3', 45, 'Nuril Astuti, S.Pd', 'Jam ke 1-4'),
(298, 2, 'Selasa', 20, 'X Pht 3', 50, 'Trisna Asili Bhawantu, S.Pd', 'Jam ke 5-6'),
(299, 2, 'Selasa', 20, 'X Pht 3', 35, 'Citra Haningtyas, S.Pd', 'Jam ke 7'),
(300, 2, 'Selasa', 20, 'X Pht 3', 8, 'Achmad Bismar W, S.Pd.I', 'Jam ke 8-10'),
(301, 3, 'Rabu', 20, 'X Pht 3', 61, 'Aprilyanti, S.Si', 'Jam ke 1-6'),
(302, 3, 'Rabu', 20, 'X Pht 3', 12, 'Erfika Kumalasari, M.Pd', 'Jam ke 7-8'),
(303, 3, 'Rabu', 20, 'X Pht 3', 14, 'Corry Lusia Sinaga S.E', 'Jam ke 9-10'),
(304, 4, 'Kamis', 20, 'X Pht 3', 77, 'Dwi Ralimawati, S.Pd', 'Jam ke 1-4'),
(305, 4, 'Kamis', 20, 'X Pht 3', 102, 'Insani Rahmawati, S.Tr. Par', 'Jam ke 5-10'),
(306, 5, 'Jumat', 20, 'X Pht 3', 102, 'Insani Rahmawati, S.Tr. Par', 'Jam ke 2-7'),
(307, 5, 'Jumat', 20, 'X Pht 3', 57, 'Ahmad Gempar, S.Pd', 'Jam ke 8-10'),
(308, 1, 'Senin', 21, 'X Kul 1', 44, 'Sukmawati, S.Pd.', 'Jam ke 2-5'),
(309, 1, 'Senin', 21, 'X Kul 1', 14, 'Corry Lusia Sinaga S.E', 'Jam ke 6-7'),
(310, 1, 'Senin', 21, 'X Kul 1', 30, 'Nurjanah, M.Pd.', 'Jam ke 8-11'),
(311, 2, 'Selasa', 21, 'X Kul 1', 135, 'lin Mariyanti, S.S', 'Jam ke 1-6'),
(312, 2, 'Selasa', 21, 'X Kul 1', 76, 'Putri Ayu Eka Ramadhani, S.Pd, M,Pd', 'Jam ke 7-10'),
(313, 3, 'Rabu', 21, 'X Kul 1', 135, 'lin Mariyanti, S.S', 'Jam ke 1-6'),
(314, 3, 'Rabu', 21, 'X Kul 1', 22, 'Andhita Marcelia, S.Pd', 'Jam ke 7-10'),
(315, 4, 'Kamis', 21, 'X Kul 1', 36, 'Heni Ayu Pertiwi, S.Si', 'Jam ke 1-6'),
(316, 4, 'Kamis', 21, 'X Kul 1', 35, 'Citra Haningtyas, S.Pd', 'Jam ke 7'),
(317, 4, 'Kamis', 21, 'X Kul 1', 56, 'Indri Julianti Afnil, S.Pd', 'Jam ke 8-10'),
(318, 5, 'Jum\'at', 21, 'X Kul 1', 38, 'Anita Tri Setiani, S.Pd', 'Jam ke 2-3'),
(319, 5, 'Jum\'at', 21, 'X Kul 1', 148, 'Yunita Sari, S.Pd', 'Jam ke 4'),
(320, 5, 'Jum\'at', 21, 'X Kul 1', 8, 'Achmad Bismar W, S.Pd.I', 'Jam ke 5-7'),
(321, 5, 'Jum\'at', 21, 'X Kul 1', 49, 'Wita Asiyah, S.Pd', 'Jam ke 4-9'),
(322, 5, 'Jum\'at', 21, 'X Kul 1', 140, 'Misna Yunita. S.Pd.', 'Jam ke 10'),
(323, 1, 'Senin', 22, 'X Kul 2', 48, 'Dra. Rez Nurlela', 'Jam ke 2-5'),
(324, 1, 'Senin', 22, 'X Kul 2', 132, 'Marydawati Turnip, S.Pd.', 'Jam ke 6-11'),
(325, 2, 'Selasa', 22, 'X Kul 2', 36, 'Heni Ayu Pertiwi, S.Si', 'Jam ke 1'),
(326, 2, 'Selasa', 22, 'X Kul 2', 141, 'Laedy Puspita Putri Taupan, S.Pd.', 'Jam ke 2'),
(327, 2, 'Selasa', 22, 'X Kul 2', 49, 'Wita Asiyah, S.Pd', 'Jam ke 3-4'),
(328, 2, 'Selasa', 22, 'X Kul 2', 132, 'Marydawati Turnip, S.Pd.', 'Jam ke 5-10'),
(329, 3, 'Rabu', 22, 'X Kul 2', 37, 'Sandria Febrianti, S.Si', 'Jam ke 1-6'),
(330, 3, 'Rabu', 22, 'X Kul 2', 23, 'Tiara Elifia Rista, S.Pd', 'Jam ke 7-10'),
(331, 4, 'Kamis', 22, 'X Kul 2', 30, 'Nurjanah, M.Pd.', 'Jam ke 1-4'),
(332, 4, 'Kamis', 22, 'X Kul 2', 148, 'Yunita Sari, S.Pd', 'Jam ke 5'),
(333, 4, 'Kamis', 22, 'X Kul 2', 13, 'Yuli Mulyawati, S.Pd', 'Jam ke 6-7'),
(334, 4, 'Kamis', 22, 'X Kul 2', 8, 'Achmad Bismar W, S.Pd.I', 'Jam ke 8-10'),
(335, 5, 'Jum\'at', 22, 'X Kul 2', 56, 'Indri Julianti Afnil, S.Pd', 'Jam ke 2-4'),
(336, 5, 'Jum\'at', 22, 'X Kul 2', 76, 'Putri Ayu Eka Ramadhani, S.Pd, M,Pd', 'Jam ke 5-8'),
(337, 5, 'Jum\'at', 22, 'X Kul 2', 38, 'Anita Tri Setiani, S.Pd', 'Jam ke 9-10'),
(338, 1, 'Senin', 23, 'X Bus 1', 41, 'Sulasmi, S Pd. M M', 'Jam ke 2-5'),
(339, 1, 'Senin', 23, 'X Bus 1', 34, 'Murniyati, S.Pd', 'Jam ke 6-11'),
(340, 2, 'Selasa', 23, 'X Bus 1', 14, 'Corry Lusia Sinaga S.E', 'Jam ke 1-2'),
(341, 2, 'Selasa', 23, 'X Bus 1', 35, 'Citra Haningtyas, S.Pd', 'Jam ke 3-6'),
(342, 2, 'Selasa', 23, 'X Bus 1', 49, 'Wita Asiyah, S.Pd', 'Jam ke 7-8'),
(343, 2, 'Selasa', 23, 'X Bus 1', 38, 'Anita Tri Setiani, S.Pd', 'Jam ke 9-10'),
(344, 3, 'Rabu', 23, 'X Bus 1', 36, 'Heni Ayu Pertiwi, S.Si', 'Jam ke 1'),
(345, 3, 'Rabu', 23, 'X Bus 1', 148, 'Yunita Sari, S.Pd', 'Jam ke 2'),
(346, 3, 'Rabu', 23, 'X Bus 1', 141, 'Laedy Puspita Putri Taupan, S.Pd.', 'Jam ke 3'),
(347, 3, 'Rabu', 23, 'X Bus 1', 17, 'Gina Anggriana, S.Pd', 'Jam ke 4-7'),
(348, 3, 'Rabu', 23, 'X Bus 1', 8, 'Achmad Bismar W, S.Pd.I', 'Jam ke 8-10'),
(349, 4, 'Kamis', 23, 'X Bus 1', 70, 'Kartika Sari, S.Pd', 'Jam ke 1-4'),
(350, 4, 'Kamis', 23, 'X Bus 1', 128, 'Ulfi Zakiyah, S.Sn', 'Jam ke 5-10'),
(351, 5, 'Jum\'at', 23, 'X Bus 1', 128, 'Ulfi Zakiyah, S.Sn', 'Jam ke 2-7'),
(352, 5, 'Jum\'at', 23, 'X Bus 1', 56, 'Indri Julianti Afnil, S.Pd', 'Jam ke 8-10'),
(353, 1, 'Senin', 24, 'X Bus 2', 141, 'Laedy Puspita Putri Taupan, S.Pd.', 'Jam ke 2'),
(354, 1, 'Senin', 24, 'X Bus 2', 35, 'Citra Haningtyas, S.Pd', 'Jam ke 3-8'),
(355, 1, 'Senin', 24, 'X Bus 2', 56, 'Indri Julianti Afnil, S.Pd', 'Jam ke 9-11'),
(356, 2, 'Selasa', 24, 'X Bus 2', 37, 'Sandria Febrianti, S.Si', 'Jam ke 1-4'),
(357, 2, 'Selasa', 24, 'X Bus 2', 70, 'Kartika Sari, S.Pd', 'Jam ke 5-8'),
(358, 2, 'Selasa', 24, 'X Bus 2', 40, 'Citra Rafika Utari, S Pd', 'Jam ke 9-10'),
(359, 3, 'Rabu', 24, 'X Bus 2', 41, 'Sulasmi, S Pd. M M', 'Jam ke 1-4'),
(360, 3, 'Rabu', 24, 'X Bus 2', 50, 'Trisna Asili Bhawantu, S.Pd', 'Jam ke 5-6'),
(361, 3, 'Rabu', 24, 'X Bus 2', 20, 'Chandra Kusuma, M.Pd', 'Jam ke 7-10'),
(362, 4, 'Kamis', 24, 'X Bus 2', 6, 'Nur Fadillah, S.Pd.I', 'Jam ke 1-3'),
(363, 4, 'Kamis', 24, 'X Bus 2', 148, 'Yunita Sari, S.Pd', 'Jam ke 4'),
(364, 4, 'Kamis', 24, 'X Bus 2', 130, 'Numa Ima  S.Pd', 'Jam ke 5-10'),
(365, 5, 'Jum\'at', 24, 'X Bus 2', 130, 'Numa Ima  S.Pd', 'Jam ke 2-7'),
(366, 5, 'Jum\'at', 24, 'X Bus 2', 36, 'Heni Ayu Pertiwi, S.Si', 'Jam ke 8'),
(367, 5, 'Jum\'at', 24, 'X Bus 2', 13, 'Yuli Mulyawati, S.Pd', 'Jam ke 9-10'),
(368, 1, 'Senin', 25, 'XI AKL 1', 81, 'Ria Handayani, S.E', 'Jam ke 2-6'),
(369, 1, 'Senin', 25, 'XI AKL 1', 69, 'Sri Mulaydina  S.Pd', 'Jam ke 7-11'),
(370, 2, 'Selasa', 25, 'XI AKL 1', 140, 'Misna Yunita. S.Pd.', 'Jam ke 1'),
(371, 2, 'Selasa', 25, 'XI AKL 1', 75, 'Reni Usman, S.Pd', 'Jam ke 2-5'),
(372, 2, 'Selasa', 25, 'XI AKL 1', 37, 'Sandria Febrianti, S.Si', 'Jam ke 6'),
(373, 2, 'Selasa', 25, 'XI AKL 1', 58, 'Wiranti Kusparwati, S.Pd', 'Jam ke 7-8'),
(374, 2, 'Selasa', 25, 'XI AKL 1', 12, 'Erfika Kumalasari, M.Pd', 'Jam ke 9-10'),
(375, 3, 'Rabu', 25, 'XI AKL 1', 67, 'Omy Firliany Hanafiah, S.Pd., M.Si', 'Jam ke 1-2'),
(376, 3, 'Rabu', 25, 'XI AKL 1', 51, 'Nelda Susanti, S.Pd', 'Jam ke 3'),
(377, 3, 'Rabu', 25, 'XI AKL 1', 70, 'Kartika Sari, S.Pd', 'Jam ke 4-7'),
(378, 3, 'Rabu', 25, 'XI AKL 1', 19, 'Carina Aurelia, S.Pd', 'Jam ke 8-10'),
(379, 4, 'Kamis', 25, 'XI AKL 1', 48, 'Dra. Rez Nurlela', 'Jam ke 1-4'),
(380, 4, 'Kamis', 25, 'XI AKL 1', 38, 'Anita Tri Setiani, S.Pd', 'Jam ke 5-6'),
(381, 4, 'Kamis', 25, 'XI AKL 1', 72, 'Drs. H.Sujana Mei Raharja M.Pd', 'Jam ke 7-10'),
(382, 5, 'Jum\'at', 25, 'XI AKL 1', 67, 'Omy Firliany Hanafiah, S.Pd., M.Si', 'Jam ke 2'),
(383, 5, 'Jum\'at', 25, 'XI AKL 1', 3, 'Dzuli Kamala, M.Pd.I', 'Jam ke 3-5'),
(384, 5, 'Jum\'at', 25, 'XI AKL 1', 78, 'Mutiara Iwana S.Pd', 'Jam ke 6-7'),
(385, 5, 'Jum\'at', 25, 'XI AKL 1', 26, 'Hj. Zahria Hadiyati, S.Pd', 'Jam ke 8-10'),
(386, 1, 'Senin', 26, 'XI AKL 2', 13, 'Yuli Mulyawati, S.Pd', 'Jam ke 2-3'),
(387, 1, 'Senin', 26, 'XI AKL 2', 71, 'Elya Yulina S.Pd', 'Jam ke 4-5'),
(388, 1, 'Senin', 26, 'XI AKL 2', 38, 'Anita Tri Setiani, S.Pd', 'Jam ke 6-7'),
(389, 1, 'Senin', 26, 'XI AKL 2', 73, 'Martono, S.E', 'Jam ke 8-11'),
(390, 2, 'Selasa', 26, 'XI AKL 2', 48, 'Dra. Rez Nurlela', 'Jam ke 1-4'),
(391, 2, 'Selasa', 26, 'XI AKL 2', 58, 'Wiranti Kusparwati, S.Pd', 'Jam ke 5-6'),
(392, 2, 'Selasa', 26, 'XI AKL 2', 140, 'Misna Yunita. S.Pd.', 'Jam ke 7'),
(393, 2, 'Selasa', 26, 'XI AKL 2', 3, 'Dzuli Kamala, M.Pd.I', 'Jam ke 8-10'),
(394, 3, 'Rabu', 26, 'XI AKL 2', 76, 'Putri Ayu Eka Ramadhani, S.Pd, M,Pd', 'Jam ke 1-4'),
(395, 3, 'Rabu', 26, 'XI AKL 2', 78, 'Mutiara Iwana S.Pd', 'Jam ke 5-9'),
(396, 3, 'Rabu', 26, 'XI AKL 2', 75, 'Reni Usman, S.Pd', 'Jam ke 10'),
(397, 4, 'Kamis', 26, 'XI AKL 2', 66, 'Hj.Yasminarti, S.E.,M.M', 'Jam ke 1-4'),
(398, 4, 'Kamis', 26, 'XI AKL 2', 37, 'Sandria Febrianti, S.Si', 'Jam ke 5'),
(399, 4, 'Kamis', 26, 'XI AKL 2', 67, 'Omy Firliany Hanafiah, S.Pd., M.Si', 'Jam ke 6-10'),
(400, 5, 'Jum\'at', 26, 'XI AKL 2', 28, 'Marlena S.Pd.', 'Jam ke 2-4'),
(401, 5, 'Jum\'at', 26, 'XI AKL 2', 75, 'Reni Usman, S.Pd', 'Jam ke 5-6'),
(402, 5, 'Jum\'at', 26, 'XI AKL 2', 19, 'Carina Aurelia, S.Pd', 'Jam ke 7-9'),
(403, 5, 'Jum\'at', 26, 'XI AKL 2', 51, 'Nelda Susanti, S.Pd', 'Jam ke 10'),
(404, 1, 'Senin', 27, 'XI AKL 3', 14, 'Corry Lusia Sinaga S.E', 'Jam ke 2-3'),
(405, 1, 'Senin', 27, 'XI AKL 3', 69, 'Sri Mulaydina  S.Pd', 'Jam ke 4'),
(406, 1, 'Senin', 27, 'XI AKL 3', 28, 'Marlena S.Pd.', 'Jam ke 5-7'),
(407, 1, 'Senin', 27, 'XI AKL 3', 140, 'Misna Yunita. S.Pd.', 'Jam ke 8'),
(408, 1, 'Senin', 27, 'XI AKL 3', 19, 'Carina Aurelia, S.Pd', 'Jam ke 9-11'),
(409, 2, 'Selasa', 27, 'XI AKL 3', 70, 'Kartika Sari, S.Pd', 'Jam ke 1-4'),
(410, 2, 'Selasa', 27, 'XI AKL 3', 37, 'Sandria Febrianti, S.Si', 'Jam ke 5'),
(411, 2, 'Selasa', 27, 'XI AKL 3', 78, 'Mutiara Iwana S.Pd', 'Jam ke 6-10'),
(412, 3, 'Rabu', 27, 'XI AKL 3', 48, 'Dra. Rez Nurlela', 'Jam ke 1-4'),
(413, 3, 'Rabu', 27, 'XI AKL 3', 71, 'Elya Yulina S.Pd', 'Jam ke 5-6'),
(414, 3, 'Rabu', 27, 'XI AKL 3', 39, 'Meri Susanti, M.Pd', 'Jam ke 7-8'),
(415, 3, 'Rabu', 27, 'XI AKL 3', 58, 'Wiranti Kusparwati, S.Pd', 'Jam ke 9-10'),
(416, 4, 'Kamis', 27, 'XI AKL 3', 67, 'Omy Firliany Hanafiah, S.Pd., M.Si', 'Jam ke 1-2'),
(417, 4, 'Kamis', 27, 'XI AKL 3', 51, 'Nelda Susanti, S.Pd', 'Jam ke 3'),
(418, 4, 'Kamis', 27, 'XI AKL 3', 2, 'Drs. Ismatullah', 'Jam ke 4-6'),
(419, 4, 'Kamis', 27, 'XI AKL 3', 76, 'Putri Ayu Eka Ramadhani, S.Pd, M,Pd', 'Jam ke 7-10'),
(420, 5, 'Jum\'at', 27, 'XI AKL 3', 66, 'Hj.Yasminarti, S.E.,M.M', 'Jam ke 2-6'),
(421, 5, 'Jum\'at', 27, 'XI AKL 3', 73, 'Martono, S.E', 'Jam ke 7-10'),
(422, 1, 'Senin', 28, 'XI AKL 4', 11, 'Ricadesta Amalia S.Pd', 'Jam ke 2-3'),
(423, 1, 'Senin', 28, 'XI AKL 4', 73, 'Martono, S.E', 'Jam ke 4-7'),
(424, 1, 'Senin', 28, 'XI AKL 4', 76, 'Putri Ayu Eka Ramadhani, S.Pd, M,Pd', 'Jam ke 8-11'),
(425, 2, 'Selasa', 28, 'XI AKL 4', 42, 'Wayan Sukanta M.Pd', 'Jam ke 1-4'),
(426, 2, 'Selasa', 28, 'XI AKL 4', 59, 'Bema Hayuliani, S.Pd', 'Jam ke 5-6'),
(427, 2, 'Selasa', 28, 'XI AKL 4', 39, 'Meri Susanti, M.Pd', 'Jam ke 7-8'),
(428, 2, 'Selasa', 28, 'XI AKL 4', 67, 'Omy Firliany Hanafiah, S.Pd., M.Si', 'Jam ke 9-10'),
(429, 3, 'Rabu', 28, 'XI AKL 4', 18, 'Santi Noviyana, S.Pd', 'Jam ke 1-3'),
(430, 3, 'Rabu', 28, 'XI AKL 4', 51, 'Nelda Susanti, S.Pd', 'Jam ke 4'),
(431, 3, 'Rabu', 28, 'XI AKL 4', 67, 'Omy Firliany Hanafiah, S.Pd., M.Si', 'Jam ke 5'),
(432, 3, 'Rabu', 28, 'XI AKL 4', 2, 'Drs. Ismatullah', 'Jam ke 6-8'),
(433, 3, 'Rabu', 28, 'XI AKL 4', 71, 'Elya Yulina S.Pd', 'Jam ke 9-10'),
(434, 4, 'Kamis', 28, 'XI AKL 4', 140, 'Misna Yunita. S.Pd.', 'Jam ke 1'),
(435, 4, 'Kamis', 28, 'XI AKL 4', 37, 'Sandria Febrianti, S.Si', 'Jam ke 2'),
(436, 4, 'Kamis', 28, 'XI AKL 4', 78, 'Mutiara Iwana S.Pd', 'Jam ke 3-7'),
(437, 4, 'Kamis', 28, 'XI AKL 4', 28, 'Marlena S.Pd.', 'Jam ke 8-10'),
(438, 5, 'Jum\'at', 28, 'XI AKL 4', 70, 'Kartika Sari, S.Pd', 'Jam ke 2-5'),
(439, 5, 'Jum\'at', 28, 'XI AKL 4', 69, 'Sri Mulaydina  S.Pd', 'Jam ke 6-10'),
(440, 1, 'Senin', 29, 'XI AKL 5', 28, 'Marlena S.Pd.', 'Jam ke 2-4'),
(441, 1, 'Senin', 29, 'XI AKL 5', 39, 'Meri Susanti, M.Pd', 'Jam ke 5-6'),
(442, 1, 'Senin', 29, 'XI AKL 5', 78, 'Mutiara Iwana S.Pd', 'Jam ke 7-11'),
(443, 2, 'Selasa', 29, 'XI AKL 5', 55, 'Yuli Seti Purwaningsih, S.Pd', 'Jam ke 1-2'),
(444, 2, 'Selasa', 29, 'XI AKL 5', 14, 'Corry Lusia Sinaga S.E', 'Jam ke 3-4'),
(445, 2, 'Selasa', 29, 'XI AKL 5', 66, 'Hj.Yasminarti, S.E.,M.M', 'Jam ke 5-9'),
(446, 2, 'Selasa', 29, 'XI AKL 5', 51, 'Nelda Susanti, S.Pd', 'Jam ke 10'),
(447, 3, 'Rabu', 29, 'XI AKL 5', 2, 'Drs. Ismatullah', 'Jam ke 1-3'),
(448, 3, 'Rabu', 29, 'XI AKL 5', 67, 'Omy Firliany Hanafiah, S.Pd., M.Si', 'Jam ke 4 & 9-10'),
(449, 3, 'Rabu', 29, 'XI AKL 5', 66, 'Hj.Yasminarti, S.E.,M.M', 'Jam ke 5-8'),
(450, 4, 'Kamis', 29, 'XI AKL 5', 72, 'Drs. H.Sujana Mei Raharja M.Pd', 'Jam ke 1-4'),
(451, 4, 'Kamis', 29, 'XI AKL 5', 140, 'Misna Yunita. S.Pd.', 'Jam ke 5'),
(452, 4, 'Kamis', 29, 'XI AKL 5', 18, 'Santi Noviyana, S.Pd', 'Jam ke 6-8'),
(453, 4, 'Kamis', 29, 'XI AKL 5', 78, 'Mutiara Iwana S.Pd', 'Jam ke 9-10'),
(454, 5, 'Jum\'at', 29, 'XI AKL 5', 42, 'Wayan Sukanta M.Pd', 'Jam ke 2-5'),
(455, 5, 'Jum\'at', 29, 'XI AKL 5', 37, 'Sandria Febrianti, S.Si', 'Jam ke 6'),
(456, 5, 'Jum\'at', 29, 'XI AKL 5', 74, 'Ngatimin, S.E', 'Jam ke 7-10'),
(457, 1, 'Senin', 30, 'XI MPLB', 82, 'Pungky Ayu Lestari, S.Pd', 'Jam ke 2-5'),
(458, 1, 'Senin', 30, 'XI MPLB', 3, 'Dzuli Kamala, M.Pd.I', 'Jam ke 6-8'),
(459, 1, 'Senin', 30, 'XI MPLB', 85, 'Devita Sari, S.Sos', 'Jam ke 9-11'),
(460, 2, 'Selasa', 30, 'XI MPLB', 84, 'Hj. Siti Uswatun Khasanah, M.Pd', 'Jam ke 1-6'),
(461, 2, 'Selasa', 30, 'XI MPLB', 38, 'Anita Tri Setiani, S.Pd', 'Jam ke 7-8'),
(462, 2, 'Selasa', 30, 'XI MPLB', 58, 'Wiranti Kusparwati, S.Pd', 'Jam ke 9-10'),
(463, 3, 'Rabu', 30, 'XI MPLB', 47, 'Martalinda, S.Pd', 'Jam ke 1-4'),
(464, 3, 'Rabu', 30, 'XI MPLB', 51, 'Nelda Susanti, S.Pd', 'Jam ke 5'),
(465, 3, 'Rabu', 30, 'XI MPLB', 86, 'Syelfma Octriani, S.Sos', 'Jam ke 6-10'),
(466, 4, 'Kamis', 30, 'XI MPLB', 22, 'Andhita Marcelia, S.Pd', 'Jam ke 1-3'),
(467, 4, 'Kamis', 30, 'XI MPLB', 37, 'Sandria Febrianti, S.Si', 'Jam ke 4'),
(468, 4, 'Kamis', 30, 'XI MPLB', 139, 'Nani Wulandari, S.Pd.', 'Jam ke 5'),
(469, 4, 'Kamis', 30, 'XI MPLB', 9, 'Dwipa Fredy Putri, M.Pd.', 'Jam ke 6-7'),
(470, 4, 'Kamis', 30, 'XI MPLB', 83, 'Dra. Hj. Alina', 'Jam ke 8-10'),
(471, 5, 'Kamis', 30, 'XI MPLB', 82, 'Pungky Ayu Lestari, S.Pd', 'Jam ke 2-7'),
(472, 5, 'Kamis', 30, 'XI MPLB', 24, 'Dra. Sri Wahyuni, M.M', 'Jam ke 8-10'),
(473, 1, 'Senin', 31, 'XI Pem 1', 121, 'Rahmi Permata Hati, S.Kom', 'Jam ke 2-5'),
(474, 1, 'Senin', 31, 'XI Pem 1', 19, 'Carina Aurelia, S.Pd', 'Jam ke 6'),
(475, 1, 'Senin', 31, 'XI Pem 1', 81, 'Ria Handayani, S.E', 'Jam ke 7-11'),
(476, 2, 'Selasa', 31, 'XI Pem 1', 47, 'Martalinda, S.Pd', 'Jam ke 1-4'),
(477, 2, 'Selasa', 31, 'XI Pem 1', 90, 'Hj. Ela Krisdiana S.Pd', 'Jam ke 5-10'),
(478, 3, 'Rabu', 31, 'XI Pem 1', 51, 'Nelda Susanti, S.Pd', 'Jam ke 1'),
(479, 3, 'Rabu', 31, 'XI Pem 1', 92, 'Fasmita, S.E', 'Jam ke 2-7'),
(480, 3, 'Rabu', 31, 'XI Pem 1', 3, 'Dzuli Kamala, M.Pd.I', 'Jam ke 8-10'),
(481, 4, 'Kamis', 31, 'XI Pem 1', 38, 'Anita Tri Setiani, S.Pd', 'Jam ke 1-2'),
(482, 4, 'Kamis', 31, 'XI Pem 1', 13, 'Yuli Mulyawati, S.Pd', 'Jam ke 3-4'),
(483, 4, 'Kamis', 31, 'XI Pem 1', 59, 'Bema Hayuliani, S.Pd', 'Jam ke 5-6'),
(484, 4, 'Kamis', 31, 'XI Pem 1', 143, 'Annisa Anggrayani, S.Pd.', 'Jam ke 7'),
(485, 4, 'Kamis', 31, 'XI Pem 1', 26, 'Hj. Zahria Hadiyati, S.Pd', 'Jam ke 8-10'),
(486, 5, 'Jum\'at', 31, 'XI Pem 1', 89, 'Hj. Euis Nurhayati, SE., M.M.', 'Jam ke 2-7'),
(487, 5, 'Jum\'at', 31, 'XI Pem 1', 20, 'Chandra Kusuma, M.Pd', 'Jam ke 8-10'),
(488, 1, 'Senin', 32, 'XI Pem 2', 38, 'Anita Tri Setiani, S.Pd', 'Jam ke 2-3'),
(489, 1, 'Senin', 32, 'XI Pem 2', 89, 'Hj. Euis Nurhayati, SE., M.M.', 'Jam ke 4-9'),
(490, 1, 'Senin', 32, 'XI Pem 2', 55, 'Yuli Seti Purwaningsih, S.Pd', 'Jam ke 10-11'),
(491, 2, 'Selasa', 32, 'XI Pem 2', 143, 'Annisa Anggrayani, S.Pd.', 'Jam ke 1'),
(492, 2, 'Selasa', 32, 'XI Pem 2', 20, 'Chandra Kusuma, M.Pd', 'Jam ke 2-4'),
(493, 2, 'Selasa', 32, 'XI Pem 2', 12, 'Erfika Kumalasari, M.Pd', 'Jam ke 5-6'),
(494, 2, 'Selasa', 32, 'XI Pem 2', 51, 'Nelda Susanti, S.Pd', 'Jam ke 7'),
(495, 2, 'Selasa', 32, 'XI Pem 2', 26, 'Hj. Zahria Hadiyati, S.Pd', 'Jam ke 8-10'),
(496, 3, 'Rabu', 32, 'XI Pem 2', 81, 'Ria Handayani, S.E', 'Jam ke 1-5'),
(497, 3, 'Rabu', 32, 'XI Pem 2', 19, 'Carina Aurelia, S.Pd', 'Jam ke 6'),
(498, 3, 'Rabu', 32, 'XI Pem 2', 121, 'Rahmi Permata Hati, S.Kom', 'Jam ke 7-10'),
(499, 4, 'Kamis', 32, 'XI Pem 2', 90, 'Hj. Ela Krisdiana S.Pd', 'Jam ke 1-6'),
(500, 4, 'Kamis', 32, 'XI Pem 2', 47, 'Martalinda, S.Pd', 'Jam ke 7-10'),
(501, 5, 'Jum\'at', 32, 'XI Pem 2', 92, 'Fasmita, S.E', 'Jam ke 2-7'),
(502, 5, 'Jum\'at', 32, 'XI Pem 2', 3, 'Dzuli Kamala, M.Pd.I', 'Jam ke 8-10'),
(503, 1, 'Senin', 33, 'XI Pem 3', 51, 'Nelda Susanti, S.Pd', 'Jam ke 2'),
(504, 1, 'Senin', 33, 'XI Pem 3', 143, 'Annisa Anggrayani, S.Pd.', 'Jam ke 3'),
(505, 1, 'Senin', 33, 'XI Pem 3', 38, 'Anita Tri Setiani, S.Pd', 'Jam ke 4-5'),
(506, 1, 'Senin', 33, 'XI Pem 3', 92, 'Fasmita, S.E', 'Jam ke 6-11'),
(507, 2, 'Selasa', 33, 'XI Pem 3', 89, 'Hj. Euis Nurhayati, SE., M.M.', 'Jam ke 1-6'),
(508, 2, 'Selasa', 33, 'XI Pem 3', 20, 'Chandra Kusuma, M.Pd', 'Jam ke 7-9'),
(509, 2, 'Selasa', 33, 'XI Pem 3', 17, 'Gina Anggriana, S.Pd', 'Jam ke 10'),
(510, 3, 'Rabu', 33, 'XI Pem 3', 54, 'Alekka Hermawan, S.Pd', 'Jam ke 1-2'),
(511, 3, 'Rabu', 33, 'XI Pem 3', 121, 'Rahmi Permata Hati, S.Kom', 'Jam ke 3-6'),
(512, 3, 'Rabu', 33, 'XI Pem 3', 47, 'Martalinda, S.Pd', 'Jam ke 7-10'),
(513, 4, 'Kamis', 33, 'XI Pem 3', 91, 'Adha Marlins S.E', 'Jam ke 1-5'),
(514, 4, 'Kamis', 33, 'XI Pem 3', 14, 'Corry Lusia Sinaga S.E', 'Jam ke 6-7'),
(515, 4, 'Kamis', 33, 'XI Pem 3', 3, 'Dzuli Kamala, M.Pd.I', 'Jam ke 8-10'),
(516, 5, 'Jum\'at', 33, 'XI Pem 3', 26, 'Hj. Zahria Hadiyati, S.Pd', 'Jam ke 2-4'),
(517, 5, 'Jum\'at', 33, 'XI Pem 3', 90, 'Hj. Ela Krisdiana S.Pd', 'Jam ke 5-10'),
(518, 1, 'Senin', 34, 'XI ULP 1', 2, 'Drs. Ismatullah', 'Jam ke 2-4'),
(519, 1, 'Senin', 34, 'XI ULP 1', 27, 'Novilia S.Pd', 'Jam ke 5-7'),
(520, 1, 'Senin', 34, 'XI ULP 1', 98, 'Estianti, S.Pd', 'Jam ke 8-11'),
(521, 2, 'Selasa', 34, 'XI ULP 1', 145, 'Falahudin, S.Pd.', 'Jam ke 1'),
(522, 2, 'Selasa', 34, 'XI ULP 1', 95, 'Damaiyanti, S.S', 'Jam ke 2-5'),
(523, 2, 'Selasa', 34, 'XI ULP 1', 53, 'Yesi Puspitasari, S.Pd', 'Jam ke 6-10'),
(524, 3, 'Rabu', 34, 'XI ULP 1', 12, 'Erfika Kumalasari, M.Pd', 'Jam ke 1-2'),
(525, 3, 'Rabu', 34, 'XI ULP 1', 22, 'Andhita Marcelia, S.Pd', 'Jam ke 3-5'),
(526, 3, 'Rabu', 34, 'XI ULP 1', 95, 'Damaiyanti, S.S', 'Jam ke 6-9'),
(527, 3, 'Rabu', 34, 'XI ULP 1', 17, 'Gina Anggriana, S.Pd', 'Jam ke 10'),
(528, 4, 'Kamis', 34, 'XI ULP 1', 95, 'Damaiyanti, S.S', 'Jam ke 1-4'),
(529, 4, 'Kamis', 34, 'XI ULP 1', 99, 'Putri Auggraini, S.S', 'Jam ke 5-10'),
(530, 5, 'Jum\'at', 34, 'XI ULP 1', 97, 'Sugeng, S.Pd', 'Jam ke 2-5'),
(531, 5, 'Jum\'at', 34, 'XI ULP 1', 38, 'Anita Tri Setiani, S.Pd', 'Jam ke 6-7'),
(532, 5, 'Jum\'at', 34, 'XI ULP 1', 51, 'Nelda Susanti, S.Pd', 'Jam ke 8'),
(533, 5, 'Jum\'at', 34, 'XI ULP 1', 54, 'Alekka Hermawan, S.Pd', 'Jam ke 9-10'),
(534, 1, 'Senin', 35, 'XI ULP 2', 47, 'Martalinda, S.Pd', 'Jam ke 2-5'),
(535, 1, 'Senin', 35, 'XI ULP 2', 95, 'Damaiyanti, S.S', 'Jam ke 6-9'),
(536, 1, 'Senin', 35, 'XI ULP 2', 38, 'Anita Tri Setiani, S.Pd', 'Jam ke 10-11'),
(537, 2, 'Selasa', 35, 'XI ULP 2', 2, 'Drs. Ismatullah', 'Jam ke 1-3'),
(538, 2, 'Selasa', 35, 'XI ULP 2', 54, 'Alekka Hermawan, S.Pd', 'Jam ke 4-5'),
(539, 2, 'Selasa', 35, 'XI ULP 2', 51, 'Nelda Susanti, S.Pd', 'Jam ke 6'),
(540, 2, 'Selasa', 35, 'XI ULP 2', 97, 'Sugeng, S.Pd', 'Jam ke 7-10'),
(541, 3, 'Rabu', 35, 'XI ULP 2', 100, 'Indy Az Zahra A.Md.Par', 'Jam ke 1-4'),
(542, 3, 'Rabu', 35, 'XI ULP 2', 99, 'Putri Auggraini, S.S', 'Jam ke 5-10'),
(543, 4, 'Kamis', 35, 'XI ULP 2', 17, 'Gina Anggriana, S.Pd', 'Jam ke 1'),
(544, 4, 'Kamis', 35, 'XI ULP 2', 81, 'Ria Handayani, S.E', 'Jam ke 2-6'),
(545, 4, 'Kamis', 35, 'XI ULP 2', 100, 'Indy Az Zahra A.Md.Par', 'Jam ke 7-10'),
(546, 5, 'Jum\'at', 35, 'XI ULP 2', 27, 'Novilia S.Pd', 'Jam ke 2-4'),
(547, 5, 'Jum\'at', 35, 'XI ULP 2', 145, 'Falahudin, S.Pd.', 'Jam ke 5'),
(548, 5, 'Jum\'at', 35, 'XI ULP 2', 9, 'Dwipa Fredy Putri, M.Pd.', 'Jam ke 6-7'),
(549, 5, 'Jum\'at', 35, 'XI ULP 2', 22, 'Andhita Marcelia, S.Pd', 'Jam ke 8-10'),
(550, 1, 'Senin', 36, 'XI TJKT 1', 109, 'Edi Herinanto, S.Kom', 'Jam ke 1-8'),
(551, 1, 'Senin', 36, 'XI TJKT 1', 148, 'Yunita Sari, S.Pd', 'Jam ke 9'),
(552, 1, 'Senin', 36, 'XI TJKT 1', 14, 'Corry Lusia Sinaga S.E', 'Jam ke 10-11'),
(553, 2, 'Selasa', 36, 'XI TJKT 1', 17, 'Gina Anggriana, S.Pd', 'Jam ke 1-3'),
(554, 2, 'Selasa', 36, 'XI TJKT 1', 109, 'Edi Herinanto, S.Kom', 'Jam ke 4-10'),
(555, 3, 'Rabu', 36, 'XI TJKT 1', 55, 'Yuli Seti Purwaningsih, S.Pd', 'Jam ke 1 & 4-5'),
(556, 3, 'Rabu', 36, 'XI TJKT 1', 137, 'Dani Rudiyansah, S.Pd.', 'Jam ke 2'),
(557, 3, 'Rabu', 36, 'XI TJKT 1', 113, 'Supriyatno, S.Kom', 'Jam ke 5-8'),
(558, 3, 'Rabu', 36, 'XI TJKT 1', 39, 'Meri Susanti, M.Pd', 'Jam ke 9-10'),
(559, 4, 'Kamis', 36, 'XI TJKT 1', 45, 'Nuril Astuti, S.Pd', 'Jam ke 1-4'),
(560, 4, 'Kamis', 36, 'XI TJKT 1', 4, 'Asvedia S.Pd.I', 'Jam ke 5-7'),
(561, 4, 'Kamis', 36, 'XI TJKT 1', 33, 'Utari Rezki, S.Pd', 'Jam ke 8-10'),
(562, 5, 'Jum\'at', 36, 'XI TJKT 1', 81, 'Ria Handayani, S.E', 'Jam ke 2-6'),
(563, 5, 'Jum\'at', 36, 'XI TJKT 1', 113, 'Supriyatno, S.Kom', 'Jam ke 7-10'),
(564, 1, 'Senin', 37, 'XI TJKT 2', 9, 'Dwipa Fredy Putri, M.Pd.', 'Jam ke 2-3'),
(565, 1, 'Senin', 37, 'XI TJKT 2', 113, 'Supriyatno, S.Kom', 'Jam ke 4-11'),
(566, 2, 'Selasa', 37, 'XI TJKT 2', 113, 'Supriyatno, S.Kom', 'Jam ke 1-4'),
(567, 2, 'Selasa', 37, 'XI TJKT 2', 116, 'Novi Anita S.Kom', 'Jam ke 5-9'),
(568, 2, 'Selasa', 37, 'XI TJKT 2', 114, 'Willy Audika Putri S.Kom', 'Jam ke 10'),
(569, 3, 'Rabu', 37, 'XI TJKT 2', 17, 'Gina Anggriana, S.Pd', 'Jam ke 1-3'),
(570, 3, 'Rabu', 37, 'XI TJKT 2', 4, 'Asvedia S.Pd.I', 'Jam ke 4-6'),
(571, 3, 'Rabu', 37, 'XI TJKT 2', 45, 'Nuril Astuti, S.Pd', 'Jam ke 7-10'),
(572, 4, 'Kamis', 37, 'XI TJKT 2', 33, 'Utari Rezki, S.Pd', 'Jam ke 1-3'),
(573, 4, 'Kamis', 37, 'XI TJKT 2', 39, 'Meri Susanti, M.Pd', 'Jam ke 4-5'),
(574, 4, 'Kamis', 37, 'XI TJKT 2', 51, 'Nelda Susanti, S.Pd', 'Jam ke 6-10'),
(575, 5, 'Jum\'at', 37, 'XI TJKT 2', 116, 'Novi Anita S.Kom', 'Jam ke 2-6'),
(576, 5, 'Jum\'at', 37, 'XI TJKT 2', 58, 'Wiranti Kusparwati, S.Pd', 'Jam ke 7-8'),
(577, 5, 'Jum\'at', 37, 'XI TJKT 2', 35, 'Citra Haningtyas, S.Pd', 'Jam ke 9'),
(578, 5, 'Jum\'at', 37, 'XI TJKT 2', 148, 'Yunita Sari, S.Pd', 'Jam ke 10'),
(579, 1, 'Senin', 38, 'XI TJKT 3', 116, 'Novi Anita S.Kom', 'Jam ke 2-7'),
(580, 1, 'Senin', 38, 'XI TJKT 3', 45, 'Nuril Astuti, S.Pd', 'Jam ke 8-11'),
(581, 2, 'Selasa', 38, 'XI TJKT 3', 51, 'Nelda Susanti, S.Pd', 'Jam ke 1-5'),
(582, 2, 'Selasa', 38, 'XI TJKT 3', 17, 'Gina Anggriana, S.Pd', 'Jam ke 6-8'),
(583, 2, 'Selasa', 38, 'XI TJKT 3', 54, 'Alekka Hermawan, S.Pd', 'Jam ke 9-10'),
(584, 3, 'Rabu', 38, 'XI TJKT 3', 4, 'Asvedia S.Pd.I', 'Jam ke 1-3'),
(585, 3, 'Rabu', 38, 'XI TJKT 3', 116, 'Novi Anita S.Kom', 'Jam ke 4-9'),
(586, 3, 'Rabu', 38, 'XI TJKT 3', 136, 'Dra. Arinalia M.M.', 'Jam ke 10'),
(587, 4, 'Kamis', 38, 'XI TJKT 3', 113, 'Supriyatno, S.Kom', 'Jam ke 1-10'),
(588, 5, 'Jum\'at', 38, 'XI TJKT 3', 35, 'Citra Haningtyas, S.Pd', 'Jam ke 2'),
(589, 5, 'Jum\'at', 38, 'XI TJKT 3', 148, 'Yunita Sari, S.Pd', 'Jam ke 3'),
(590, 5, 'Jum\'at', 38, 'XI TJKT 3', 33, 'Utari Rezki, S.Pd', 'Jam ke 4-6'),
(591, 5, 'Jum\'at', 38, 'XI TJKT 3', 13, 'Yuli Mulyawati, S.Pd', 'Jam ke 7-8'),
(592, 5, 'Jum\'at', 38, 'XI TJKT 3', 39, 'Meri Susanti, M.Pd', 'Jam ke 9-10'),
(593, 1, 'Senin', 39, 'XI DKV 1', 27, 'Mas Azizah, M.Pd', 'Jam ke 2-4'),
(594, 1, 'Senin', 39, 'XI DKV 1', 4, 'Asvedia S.Pd.I', 'Jam ke 5-7'),
(595, 1, 'Senin', 39, 'XI DKV 1', 120, 'Dewi Anggraini, S.Kom', 'Jam ke 8-11'),
(596, 2, 'Selasa', 39, 'XI DKV 1', 136, 'Dra. Arinalia M.M.', 'Jam ke 1'),
(597, 2, 'Selasa', 39, 'XI DKV 1', 59, 'Bema Hayuliani, S.Pd', 'Jam ke 2-3'),
(598, 2, 'Selasa', 39, 'XI DKV 1', 40, 'Citra Rafika Utari, S Pd', 'Jam ke 4-5'),
(599, 2, 'Selasa', 39, 'XI DKV 1', 119, 'Ni Made Novia Rezkianti, S.T', 'Jam ke 6-10'),
(600, 3, 'Rabu', 39, 'XI DKV 1', 117, 'Ratih Windari, S.Kom', 'Jam ke 1-4'),
(601, 3, 'Rabu', 39, 'XI DKV 1', 148, 'Yunita Sari, S.Pd', 'Jam ke 5'),
(602, 3, 'Rabu', 39, 'XI DKV 1', 119, 'Ni Made Novia Rezkianti, S.T', 'Jam ke 6-10'),
(603, 4, 'Kamis', 39, 'XI DKV 1', 20, 'Chandra Kusuma, M.Pd', 'Jam ke 1-3'),
(604, 4, 'Kamis', 39, 'XI DKV 1', 9, 'Dwipa Fredy Putri, M.Pd.', 'Jam ke 4-5'),
(605, 4, 'Kamis', 39, 'XI DKV 1', 37, 'Sandria Febrianti, S.Si', 'Jam ke 6'),
(606, 4, 'Kamis', 39, 'XI DKV 1', 120, 'Dewi Anggraini, S.Kom', 'Jam ke 7-10'),
(607, 5, 'Jum\'at', 39, 'XI DKV 1', 45, 'Nuril Astuti, S.Pd', 'Jam ke 2-5'),
(608, 5, 'Jum\'at', 39, 'XI DKV 1', 119, 'Ni Made Novia Rezkianti, S.T', 'Jam ke 6-10'),
(609, 1, 'Senin', 40, 'XI DKV 2', 119, 'Ni Made Novia Rezkianti, S.T', 'Jam ke 2-11'),
(610, 2, 'Selasa', 40, 'XI DKV 2', 120, 'Dewi Anggraini, S.Kom', 'Jam ke 1-4 & 6-10'),
(611, 2, 'Selasa', 40, 'XI DKV 2', 148, 'Yunita Sari, S.Pd', 'Jam ke 5'),
(612, 3, 'Rabu', 40, 'XI DKV 2', 120, 'Dewi Anggraini, S.Kom', 'Jam ke 1-4'),
(613, 3, 'Rabu', 40, 'XI DKV 2', 55, 'Yuli Seti Purwaningsih, S.Pd', 'Jam ke 5-6'),
(614, 3, 'Rabu', 40, 'XI DKV 2', 46, 'Nani Kurniaty, S.Pd', 'Jam ke 7-10'),
(615, 4, 'Kamis', 40, 'XI DKV 2', 21, 'Resliky Thofan D, S.Pd', 'Jam ke 1-3'),
(616, 4, 'Kamis', 40, 'XI DKV 2', 27, 'Novilia S.Pd', 'Jam ke 4-6'),
(617, 4, 'Kamis', 40, 'XI DKV 2', 118, 'Bayu Alimuddin Sany, S.Kom', 'Jam ke 7-10'),
(618, 5, 'Jum\'at', 40, 'XI DKV 2', 40, 'Citra Rafika Utari, S Pd', 'Jam ke 2-3'),
(619, 5, 'Jum\'at', 40, 'XI DKV 2', 37, 'Sandria Febrianti, S.Si', 'Jam ke 4'),
(620, 5, 'Jum\'at', 40, 'XI DKV 2', 4, 'Asvedia S.Pd.I', 'Jam ke 5-7'),
(621, 5, 'Jum\'at', 40, 'XI DKV 2', 136, 'Dra. Arinalia M.M.', 'Jam ke 8'),
(622, 5, 'Jum\'at', 40, 'XI DKV 2', 12, 'Erfika Kumalasari, M.Pd', 'Jam ke 9-10'),
(623, 1, 'Senin', 41, 'XI PPLG 1', 126, 'Ahmad Eko Saputra, S.Kom.', 'Jam ke 2-5 & 7-11'),
(624, 1, 'Senin', 41, 'XI PPLG 1', 148, 'Yunita Sari, S.Pd', 'Jam ke 6'),
(625, 2, 'Selasa', 41, 'XI PPLG 1', 126, 'Ahmad Eko Saputra, S.Kom.', 'Jam ke 1-4'),
(626, 2, 'Selasa', 41, 'XI PPLG 1', 38, 'Anita Tri Setiani, S.Pd', 'Jam ke 5-6'),
(627, 2, 'Selasa', 41, 'XI PPLG 1', 27, 'Novilia S.Pd', 'Jam ke 7-9'),
(628, 2, 'Selasa', 41, 'XI PPLG 1', 20, 'Chandra Kusuma, M.Pd', 'Jam ke 10'),
(629, 3, 'Rabu', 41, 'XI PPLG 1', 125, 'Dafril Ashadi, S.Kom.', 'Jam ke 1-5'),
(630, 3, 'Rabu', 41, 'XI PPLG 1', 51, 'Nelda Susanti, S.Pd', 'Jam ke 6-10'),
(631, 4, 'Kamis', 41, 'XI PPLG 1', 14, 'Corry Lusia Sinaga S.E', 'Jam ke 1-2'),
(632, 4, 'Kamis', 41, 'XI PPLG 1', 125, 'Dafril Ashadi, S.Kom.', 'Jam ke 3-6'),
(633, 4, 'Kamis', 41, 'XI PPLG 1', 136, 'Dra. Arinalia M.M.', 'Jam ke 7'),
(634, 4, 'Kamis', 41, 'XI PPLG 1', 4, 'Asvedia S.Pd.I', 'Jam ke 8-10'),
(635, 5, 'Jum\'at', 41, 'XI PPLG 1', 21, 'Resliky Thofan D, S.Pd', 'Jam ke 2-4'),
(636, 5, 'Jum\'at', 41, 'XI PPLG 1', 57, 'Ahmad Gempar, S.Pd', 'Jam ke 5-6'),
(637, 5, 'Jum\'at', 41, 'XI PPLG 1', 46, 'Nani Kurniaty, S.Pd', 'Jam ke 7-10'),
(638, 1, 'Senin', 42, 'XI PPLG 2', 4, 'Asvedia S.Pd.I', 'Jam ke 2-4'),
(639, 1, 'Senin', 42, 'XI PPLG 2', 51, 'Nelda Susanti, S.Pd', 'Jam ke 5-9'),
(640, 1, 'Senin', 42, 'XI PPLG 2', 40, 'Citra Rafika Utari, S Pd', 'Jam ke 10-11'),
(641, 2, 'Selasa', 42, 'XI PPLG 2', 21, 'Resliky Thofan D, S.Pd', 'Jam ke 1-3'),
(642, 2, 'Selasa', 42, 'XI PPLG 2', 27, 'Novilia S.Pd', 'Jam ke 4-6'),
(643, 2, 'Selasa', 42, 'XI PPLG 2', 125, 'Dafril Ashadi, S.Kom.', 'Jam ke 7-10'),
(644, 3, 'Rabu', 42, 'XI PPLG 2', 126, 'Ahmad Eko Saputra, S.Kom.', 'Jam ke 1-5'),
(645, 3, 'Rabu', 42, 'XI PPLG 2', 125, 'Dafril Ashadi, S.Kom.', 'Jam ke 6-10'),
(646, 4, 'Kamis', 42, 'XI PPLG 2', 126, 'Ahmad Eko Saputra, S.Kom.', 'Jam ke 1-4 & 7-10'),
(647, 4, 'Kamis', 42, 'XI PPLG 2', 20, 'Chandra Kusuma, M.Pd', 'Jam ke 5'),
(648, 4, 'Kamis', 42, 'XI PPLG 2', 148, 'Yunita Sari, S.Pd', 'Jam ke 6'),
(649, 5, 'Jum\'at', 42, 'XI PPLG 2', 46, 'Nani Kurniaty, S.Pd', 'Jam ke 2-5'),
(650, 5, 'Jum\'at', 42, 'XI PPLG 2', 11, 'Ricadesta Amalia S.Pd', 'Jam ke 6-7'),
(651, 5, 'Jum\'at', 42, 'XI PPLG 2', 144, 'Willy Audika Putri S.Kom', 'Jam ke 8'),
(652, 5, 'Jum\'at', 42, 'XI PPLG 2', 58, 'Wiranti Kusparwati, S.Pd', 'Jam ke 9-10'),
(653, 1, 'Senin', 43, 'XI Pht 1', 29, 'Risfalidah, M.Pd.', 'Jam ke 2-4'),
(654, 1, 'Senin', 43, 'XI Pht 1', 148, 'Yunita Sari, S.Pd', 'Jam ke 5'),
(655, 1, 'Senin', 43, 'XI Pht 1', 101, 'Ahmad Dian Maulid, A.Md.Par, S.E', 'Jam ke 6-11'),
(656, 2, 'Selasa', 43, 'XI Pht 1', 101, 'Ahmad Dian Maulid, A.Md.Par, S.E', 'Jam ke 1-4'),
(657, 2, 'Selasa', 43, 'XI Pht 1', 143, 'Annisa Anggrayani, S.Pd.', 'Jam ke 5'),
(658, 2, 'Selasa', 43, 'XI Pht 1', 52, 'Darmala Sari, S.Pd', 'Jam ke 6-10'),
(659, 3, 'Rabu', 43, 'XI Pht 1', 5, 'Rina Wati, S.Ag', 'Jam ke 1-3'),
(660, 3, 'Rabu', 43, 'XI Pht 1', 20, 'Chandra Kusuma, M.Pd', 'Jam ke 4'),
(661, 3, 'Rabu', 43, 'XI Pht 1', 101, 'Ahmad Dian Maulid, A.Md.Par, S.E', 'Jam ke 5-10'),
(662, 4, 'Kamis', 43, 'XI Pht 1', 101, 'Ahmad Dian Maulid, A.Md.Par, S.E', 'Jam ke 1-6'),
(663, 4, 'Kamis', 43, 'XI Pht 1', 40, 'Citra Rafika Utari, S Pd', 'Jam ke 7-8');
INSERT INTO `tb_jadwal` (`id`, `id_hari`, `nama_hari`, `id_kelas`, `nama_kelas`, `id_guru`, `nama_guru`, `keterangan`) VALUES
(664, 4, 'Kamis', 43, 'XI Pht 1', 57, 'Ahmad Gempar, S.Pd', 'Jam ke 9-10'),
(665, 5, 'Jum\'at', 43, 'XI Pht 1', 13, 'Yuli Mulyawati, S.Pd', 'Jam ke 2-3'),
(666, 5, 'Jum\'at', 43, 'XI Pht 1', 19, 'Carina Aurelia, S.Pd', 'Jam ke 4-6'),
(667, 5, 'Jum\'at', 43, 'XI Pht 1', 97, 'Sugeng, S.Pd', 'Jam ke 7-10'),
(668, 1, 'Senin', 44, 'XI Pht 2', 104, 'Zulfalimi Agustiadi, A.Md.Par', 'Jam ke 2-7'),
(669, 1, 'Senin', 44, 'XI Pht 2', 21, 'Resliky Thofan D, S.Pd', 'Jam ke 8'),
(670, 1, 'Senin', 44, 'XI Pht 2', 5, 'Rina Wati, S.Ag', 'Jam ke 9-11'),
(671, 2, 'Selasa', 44, 'XI Pht 2', 52, 'Yuli Seti Purwaningsih, S.Pd', 'Jam ke 1-5'),
(672, 2, 'Selasa', 44, 'XI Pht 2', 22, 'Andhita Marcelia, S.Pd', 'Jam ke 6-8'),
(673, 2, 'Selasa', 44, 'XI Pht 2', 148, 'Yunita Sari, S.Pd', 'Jam ke 9'),
(674, 2, 'Selasa', 44, 'XI Pht 2', 143, 'Annisa Anggrayani, S.Pd.', 'Jam ke 10'),
(675, 3, 'Rabu', 44, 'XI Pht 2', 97, 'Sugeng, S.Pd', 'Jam ke 1-4'),
(676, 3, 'Rabu', 44, 'XI Pht 2', 104, 'Zulfalimi Agustiadi, A.Md.Par', 'Jam ke 5-10'),
(677, 4, 'Kamis', 44, 'XI Pht 2', 12, 'Erfika Kumalasari, M.Pd', 'Jam ke 1-2'),
(678, 4, 'Kamis', 44, 'XI Pht 2', 54, 'Alekka Hermawan, S.Pd', 'Jam ke 3-4'),
(679, 4, 'Kamis', 44, 'XI Pht 2', 40, 'Citra Rafika Utari, S Pd', 'Jam ke 5-6'),
(680, 4, 'Kamis', 44, 'XI Pht 2', 101, 'Ahmad Dian Maulid, A.Md.Par, S.E', 'Jam ke 7-10'),
(681, 5, 'Jum\'at', 44, 'XI Pht 2', 29, 'Risfalidah, M.Pd.', 'Jam ke 2-4'),
(682, 5, 'Jum\'at', 44, 'XI Pht 2', 108, 'Ovan Ardan, A.Md.Par', 'Jam ke 5-10'),
(683, 1, 'Senin', 45, 'XI Pht 3', 19, 'Carina Aurelia, S.Pd', 'Jam ke 2-4'),
(684, 1, 'Senin', 45, 'XI Pht 3', 105, 'Ilman Hakim, S.Tr. Par.', 'Jam ke 5-6'),
(685, 1, 'Senin', 45, 'XI Pht 3', 52, 'Darmala Sari, S.Pd', 'Jam ke 7-11'),
(686, 2, 'Selasa', 45, 'XI Pht 3', 105, 'Ilman Hakim, S.Tr. Par.', 'Jam ke 1-8'),
(687, 2, 'Selasa', 45, 'XI Pht 3', 143, 'Annisa Anggrayani, S.Pd.', 'Jam ke 9'),
(688, 2, 'Selasa', 45, 'XI Pht 3', 21, 'Resliky Thofan D, S.Pd', 'Jam ke 10'),
(689, 3, 'Rabu', 45, 'XI Pht 3', 9, 'Dwipa Fredy Putri, M.Pd.', 'Jam ke 1-2'),
(690, 3, 'Rabu', 45, 'XI Pht 3', 105, 'Ilman Hakim, S.Tr. Par.', 'Jam ke 3-10'),
(691, 4, 'Kamis', 45, 'XI Pht 3', 148, 'Yunita Sari, S.Pd', 'Jam ke 1'),
(692, 4, 'Kamis', 45, 'XI Pht 3', 57, 'Ahmad Gempar, S.Pd', 'Jam ke 2-3'),
(693, 4, 'Kamis', 45, 'XI Pht 3', 55, 'Yuli Seti Purwaningsih, S.Pd', 'Jam ke 4-6'),
(694, 4, 'Kamis', 45, 'XI Pht 3', 107, 'Rama Santika A.Md.Par', 'Jam ke 7-10'),
(695, 5, 'Jum\'at', 45, 'XI Pht 3', 48, 'Dra. Rez Nurlela', 'Jam ke 2-5'),
(696, 5, 'Jum\'at', 45, 'XI Pht 3', 40, 'Citra Rafika Utari, S Pd', 'Jam ke 6-7'),
(697, 5, 'Jum\'at', 45, 'XI Pht 3', 30, 'Nurjanah, M.Pd.', 'Jam ke 8-10'),
(698, 1, 'Senin', 46, 'XI Kul 1', 139, 'Nani Wulandari, S.Pd.', 'Jam ke 2'),
(699, 1, 'Senin', 46, 'XI Kul 1', 131, 'Yan Mulyana A.Md Par.', 'Jam ke 3-8'),
(700, 1, 'Senin', 46, 'XI Kul 1', 21, 'Resliky Thofan D, S.Pd', 'Jam ke 9-11'),
(701, 2, 'Selasa', 46, 'XI Kul 1', 30, 'Nurjanah, M.Pd.', 'Jam ke 1-3'),
(702, 2, 'Selasa', 46, 'XI Kul 1', 148, 'Yunita Sari, S.Pd', 'Jam ke 4'),
(703, 2, 'Selasa', 46, 'XI Kul 1', 21, 'Resliky Thofan D, S.Pd', 'Jam ke 5'),
(704, 2, 'Selasa', 46, 'XI Kul 1', 55, 'Yuli Seti Purwaningsih, S.Pd', 'Jam ke 6-7'),
(705, 2, 'Selasa', 46, 'XI Kul 1', 5, 'Rina Wati, S.Ag', 'Jam ke 8-10'),
(706, 3, 'Rabu', 46, 'XI Kul 1', 132, 'Marydawati Turnip, S.Pd.', 'Jam ke 1-8'),
(707, 3, 'Rabu', 46, 'XI Kul 1', 13, 'Yuli Mulyawati, S.Pd', 'Jam ke 9-10'),
(708, 4, 'Kamis', 46, 'XI Kul 1', 42, 'Wayan Sukanta M.Pd', 'Jam ke 1-4'),
(709, 4, 'Kamis', 46, 'XI Kul 1', 134, 'Ranggi', 'Jam ke 5-8'),
(710, 4, 'Kamis', 46, 'XI Kul 1', 39, 'Meri Susanti, M.Pd', 'Jam ke 9-10'),
(711, 5, 'Jum\'at', 46, 'XI Kul 1', 135, 'lin Mariyanti, S.S', 'Jam ke 2-5'),
(712, 5, 'Jum\'at', 46, 'XI Kul 1', 86, 'Syelfma Octriani, S.Sos', 'Jam ke 6-10'),
(713, 1, 'Senin', 47, 'XI Kul 2', 86, 'Syelfma Octriani, S.Sos', 'Jam ke 2-6'),
(714, 1, 'Senin', 47, 'XI Kul 2', 134, 'Ranggi', 'Jam ke 7-10'),
(715, 1, 'Senin', 47, 'XI Kul 2', 139, 'Nani Wulandari, S.Pd.', 'Jam ke 11'),
(716, 2, 'Selasa', 47, 'XI Kul 2', 148, 'Yunita Sari, S.Pd', 'Jam ke 1'),
(717, 2, 'Selasa', 47, 'XI Kul 2', 5, 'Rina Wati, S.Ag', 'Jam ke 2-4'),
(718, 2, 'Selasa', 47, 'XI Kul 2', 39, 'Meri Susanti, M.Pd', 'Jam ke 5-6'),
(719, 2, 'Selasa', 47, 'XI Kul 2', 42, 'Wayan Sukanta M.Pd', 'Jam ke 7-10'),
(720, 3, 'Rabu', 47, 'XI Kul 2', 24, 'Dra. Sri Wahyuni, M.M', 'Jam ke 1-3'),
(721, 3, 'Rabu', 47, 'XI Kul 2', 54, 'Alekka Hermawan, S.Pd', 'Jam ke 4-5'),
(722, 3, 'Rabu', 47, 'XI Kul 2', 11, 'Ricadesta Amalia S.Pd', 'Jam ke 6-7'),
(723, 3, 'Rabu', 47, 'XI Kul 2', 21, 'Resliky Thofan D, S.Pd', 'Jam ke 8-10'),
(724, 4, 'Kamis', 47, 'XI Kul 2', 135, 'lin Mariyanti, S.S', 'Jam ke 1-4'),
(725, 4, 'Kamis', 47, 'XI Kul 2', 131, 'Yan Mulyana A.Md Par.', 'Jam ke 5-10'),
(726, 5, 'Jum\'at', 47, 'XI Kul 2', 37, 'Sandria Febrianti, S.Si', 'Jam ke 2'),
(727, 5, 'Jum\'at', 47, 'XI Kul 2', 132, 'Marydawati Turnip, S.Pd.', 'Jam ke 3-10'),
(728, 1, 'Senin', 48, 'XI Bus', 129, 'Elizabet Dina Sutanti, S.Pd', 'Jam ke 2-11'),
(729, 2, 'Selasa', 48, 'XI Bus', 58, 'Wiranti Kusparwati, S.Pd', 'Jam ke 1-2'),
(730, 2, 'Selasa', 48, 'XI Bus', 39, 'Meri Susanti, M.Pd', 'Jam ke 3-4'),
(731, 2, 'Selasa', 48, 'XI Bus', 144, 'Dea Aurelia S.Psi.', 'Jam ke 5'),
(732, 2, 'Selasa', 48, 'XI Bus', 148, 'Yunita Sari, S.Pd', 'Jam ke 6'),
(733, 2, 'Selasa', 48, 'XI Bus', 128, 'Ulfi Zakiyah, S.Sn', 'Jam ke 7-10'),
(734, 3, 'Rabu', 48, 'XI Bus', 129, 'Elizabet Dina Sutanti, S.Pd', 'Jam ke 1-8'),
(735, 3, 'Rabu', 48, 'XI Bus', 9, 'Dwipa Fredy Putri, M.Pd.', 'Jam ke 9-10'),
(736, 4, 'Kamis', 48, 'XI Bus', 37, 'Sandria Febrianti, S.Si', 'Jam ke 1'),
(737, 4, 'Kamis', 48, 'XI Bus', 17, 'Gina Anggriana, S.Pd', 'Jam ke 2-4'),
(738, 4, 'Kamis', 48, 'XI Bus', 33, 'Utari Rezki, S.Pd', 'Jam ke 5-7'),
(739, 4, 'Kamis', 48, 'XI Bus', 5, 'Rina Wati, S.Ag', 'Jam ke 8-10'),
(740, 5, 'Jum\'at', 48, 'XI Bus', 47, 'Martalinda, S.Pd', 'Jam ke 2-5'),
(741, 5, 'Jum\'at', 48, 'XI Bus', 52, 'Darmala Sari, S.Pd', 'Jam ke 6-10'),
(742, 1, 'Senin', 49, 'XII AKL 1', 138, 'Maryanah, S.Pd.', 'Jam Ke 2'),
(743, 1, 'senin', 49, 'XII AKL 1', 3, 'Dzuli Kamala, M.Pd.I', 'Jam Ke 3-5'),
(744, 1, 'Senin', 49, 'XII AKL 1', 26, 'Hj. Zahria Hadiyati, S.Pd', 'Jam Ke 6-8'),
(745, 1, 'senin', 49, 'XII AKL 1', 16, 'Diah Indri Safitri, S.Pd', 'Jam Ke 9-11'),
(746, 2, 'Selasa', 49, 'XII AKL 1', 76, 'Putri Ayu Eka Ramadhani, S.Pd, M,Pd', 'Jam Ke 1-5'),
(747, 2, 'Selasa', 49, 'XII AKL 1', 79, 'Agustina Damayanti, S.Pd', 'Jam Ke 6-11'),
(748, 3, 'Rabu', 49, 'XII AKL 1', 65, 'Sumiyati, S.Pd', 'Jam Ke 1-6'),
(749, 3, 'Rabu', 49, 'XII AKL 1', 80, 'Dina Sundari, S.Pd', 'Jam Ke 7-11'),
(750, 4, 'Kamis', 49, 'XII AKL 1', 64, 'Herlina S.Pd', 'Jam Ke 1-6'),
(751, 4, 'Kamis', 49, 'XII AKL 1', 11, 'Ricadesta Amalia S.Pd', 'Jam Ke 7'),
(752, 4, 'Kamis', 49, 'XII AKL 1', 69, 'Sri Mulaydina  S.Pd', 'Jam Ke 8-9'),
(753, 4, 'Kamis', 49, 'XII AKL 1', 148, 'Yunita Sari, S.Pd', 'Jam Ke 10'),
(754, 5, 'Jum\'at', 49, 'XII AKL 1', 9, 'Dwipa Fredy Putri, M.Pd.', 'Jam Ke 2-3'),
(755, 5, 'Jum\'at', 49, 'XII AKL 1', 67, 'Omy Firliany Hanafiah, S.Pd., M.Si', 'Jam Ke 4-6'),
(756, 5, 'Jum\'at', 49, 'XII AKL 1', 44, 'Sukmawati, S.Pd.', 'Jam Ke 7-10'),
(757, 1, 'Senin', 50, 'XII AKL 2', 65, 'Sumiyati, S.Pd', 'Jam Ke 2-7'),
(758, 1, 'Senin', 50, 'XII AKL 2', 148, 'Yunita Sari, S.Pd', 'Jam Ke 8'),
(759, 1, 'Senin', 50, 'XII AKL 2', 3, 'Dzuli Kamala, M.Pd.I', 'Jam Ke 9-11'),
(760, 2, 'Selasa', 50, 'XII AKL 2', 44, 'Sukmawati, S.Pd.', 'Jam Ke 1-4'),
(761, 2, 'Selasa', 50, 'XII AKL 2', 73, 'Martono, S.E', 'Jam Ke 5-10'),
(762, 2, 'Selasa', 50, 'XII AKL 2', 138, 'Maryanah, S.Pd.', 'Jam Ke 11'),
(763, 3, 'Rabu', 50, 'XII AKL 2', 79, 'Agustina Damayanti, S.Pd', 'Jam Ke 1-5'),
(764, 3, 'Rabu', 50, 'XII AKL 2', 16, 'Diah Indri Safitri, S.Pd', 'Jam Ke 6-8'),
(765, 3, 'Rabu', 50, 'XII AKL 2', 26, 'Hj. Zahria Hadiyati, S.Pd', 'Jam Ke 9-11'),
(766, 4, 'Kamis', 50, 'XII AKL 2', 69, 'Sri Mulaydina  S.Pd', 'Jam Ke 1-2'),
(767, 4, 'Kamis', 50, 'XII AKL 2', 10, 'Mas Azizah, M.Pd', 'Jam Ke 3-4'),
(768, 4, 'Kamis', 50, 'XII AKL 2', 66, 'Hj.Yasminarti, S.E.,M.M', 'Jam Ke 5-10'),
(769, 5, 'Jum\'at', 50, 'XII AKL 2', 74, 'Ngatimin, S.E', 'Jam Ke 2-6'),
(770, 5, 'Jum\'at', 50, 'XII AKL 2', 77, 'Dwi Ralimawati, S.Pd', 'Jam Ke 7-9'),
(771, 5, 'Jum\'at', 50, 'XII AKL 2', 32, 'Cucu Herlina S.Pd', 'Jam Ke 10'),
(772, 1, 'Senin', 51, 'XII AKL 3', 80, 'Dina Sundari, S.Pd', 'Jam Ke 2-7'),
(773, 1, 'Senin', 51, 'XII AKL 3', 32, 'Cucu Herlina S.Pd', 'Jam Ke 8'),
(774, 1, 'Senin', 51, 'XII AKL 3', 2, 'Dzuli Kamala, M.Pd.I', 'Jam Ke 9-11'),
(775, 2, 'Selasa', 51, 'XII AKL 3', 81, 'Ria Handayani, S.E', 'Jam Ke 1-5'),
(776, 2, 'Selasa', 51, 'XII AKL 3', 67, 'Omy Firliany Hanafiah, S.Pd., M.Si', 'Jam Ke 6-8'),
(777, 2, 'Selasa', 51, 'XII AKL 3', 28, 'Marlena S.Pd.', 'Jam Ke 9-11'),
(778, 3, 'Rabu', 51, 'XII AKL 3', 69, 'Sri Mulaydina  S.Pd', 'Jam Ke 1-2'),
(779, 3, 'Rabu', 51, 'XII AKL 3', 43, 'Dicky Sapto Tejo, S.Pd', 'Jam Ke 3-6'),
(780, 3, 'Rabu', 51, 'XII AKL 3', 76, 'Putri Ayu Eka Ramadhani, S.Pd, M,Pd', 'Jam Ke 7-11'),
(781, 4, 'Kamis', 51, 'XII AKL 3', 65, 'Sumiyati, S.Pd', 'Jam Ke 1-6'),
(782, 4, 'Kamis', 51, 'XII AKL 3', 148, 'Yunita Sari, S.Pd', 'Jam Ke 7-11'),
(783, 4, 'Kamis', 51, 'XII AKL 3', 11, 'Ricadesta Amalia S.Pd', 'Jam Ke 8-9'),
(784, 4, 'Kamis', 51, 'XII AKL 3', 138, 'Maryanah, S.Pd.', 'Jam Ke 10'),
(785, 5, 'Jum\'at', 51, 'XII AKL 3', 16, 'Diah Indri Safitri, S.Pd', 'Jam Ke 2-4'),
(786, 5, 'Jum\'at', 51, 'XII AKL 3', 64, 'Herlina S.Pd', 'Jam Ke 5-10'),
(787, 1, 'Senin', 52, 'XII AKL 4', 79, 'Agustina Damayanti, S.Pd', 'Jam Ke 2-6'),
(788, 1, 'Senin', 52, 'XII AKL 4', 74, 'Ngatimin, S.E', 'Jam Ke 7-11'),
(789, 2, 'Selasa', 52, 'XII AKL 4', 77, 'Dwi Ralimawati, S.Pd', 'Jam Ke 1-3'),
(790, 2, 'Selasa', 52, 'XII AKL 4', 43, 'Dicky Sapto Tejo, S.Pd', 'Jam Ke 4-7'),
(791, 2, 'Selasa', 52, 'XII AKL 4', 69, 'Sri Mulaydina  S.Pd', 'Jam Ke 8-9'),
(792, 2, 'Selasa', 52, 'XII AKL 4', 148, 'Yunita Sari, S.Pd', 'Jam Ke 10'),
(793, 2, 'Selasa', 52, 'XII AKL 4', 55, 'Yuli Seti Purwaningsih, S.Pd', 'Jam Ke 11'),
(794, 3, 'Rabu', 52, 'XII AKL 4', 70, 'Kartika Sari, S.Pd', 'Jam Ke 1-3'),
(795, 3, 'Rabu', 52, 'XII AKL 4', 11, 'Ricadesta Amalia S.Pd', 'Jam Ke 4-5'),
(796, 3, 'Rabu', 52, 'XII AKL 4', 73, 'Martono, S.E', 'Jam Ke 6-11'),
(797, 4, 'Kamis', 52, 'XII AKL 4', 28, 'Marlena S.Pd.', 'Jam Ke 1-3'),
(798, 4, 'Kamis', 52, 'XII AKL 4', 138, 'Maryanah, S.Pd.', 'Jam Ke 4'),
(799, 4, 'Kamis', 52, 'XII AKL 4', 70, 'Kartika Sari, S.Pd', 'Jam Ke 5-7'),
(800, 4, 'Kamis', 52, 'XII AKL 4', 2, 'Drs. Ismatullah', 'Jam Ke 8-10'),
(801, 5, 'Jum\'at', 52, 'XII AKL 4', 65, 'Sumiyati, S.Pd', 'Jam Ke 2-7'),
(802, 5, 'Jum\'at', 52, 'XII AKL 4', 16, 'Diah Indri Safitri, S.Pd', 'Jam Ke 8-10'),
(803, 1, 'Senin', 53, 'XII AKL 5', 76, 'Putri Ayu Eka Ramadhani, S.Pd, M,Pd', 'Jam Ke 2-6'),
(804, 1, 'Senin', 53, 'XII AKL 5', 32, 'Cucu Herlina S.Pd', 'Jam Ke 7'),
(805, 1, 'Senin', 53, 'XII AKL 5', 47, 'Martalinda, S.Pd', 'Jam Ke 8-11'),
(806, 2, 'Selasa', 53, 'XII AKL 5', 28, 'Marlena S.Pd.', 'Jam Ke 1-3'),
(807, 2, 'Selasa', 53, 'XII AKL 5', 2, 'Drs. Ismatullah', 'Jam Ke 4-6'),
(808, 2, 'Selasa', 53, 'XII AKL 5', 75, 'Reni Usman, S.Pd', 'Jam Ke 7-11'),
(809, 3, 'Rabu', 53, 'XII AKL 5', 10, 'Mas Azizah, M.Pd', 'Jam Ke 1-2'),
(810, 3, 'Rabu', 53, 'XII AKL 5', 69, 'Sri Mulaydina  S.Pd', 'Jam Ke 3-8'),
(811, 3, 'Rabu', 53, 'XII AKL 5', 70, 'Kartika Sari, S.Pd', 'Jam Ke 9-11'),
(812, 4, 'Kamis', 53, 'XII AKL 5', 79, 'Agustina Damayanti, S.Pd', 'Jam Ke 1-6'),
(813, 4, 'Kamis', 53, 'XII AKL 5', 138, 'Maryanah, S.Pd.', 'Jam Ke 7'),
(814, 4, 'Kamis', 53, 'XII AKL 5', 70, 'Kartika Sari, S.Pd', 'Jam Ke 8-10'),
(815, 5, 'Jum\'at', 53, 'XII AKL 5', 148, 'Yunita Sari, S.Pd', 'Jam Ke 2'),
(816, 5, 'Jum\'at', 53, 'XII AKL 5', 69, 'Sri Mulaydina  S.Pd', 'Jam Ke 3-4'),
(817, 5, 'Jum\'at', 53, 'XII AKL 5', 16, 'Diah Indri Safitri, S.Pd', 'Jam Ke 5-7'),
(818, 5, 'Jum\'at', 53, 'XII AKL 5', 67, 'Omy Firliany Hanafiah, S.Pd., M.Si', 'Jam Ke 8-10'),
(819, 1, 'Senin', 54, 'XII MPLB', 83, 'Dra. Hj. Alina', 'Jam Ke 2-6'),
(820, 1, 'Senin', 54, 'XII MPLB', 44, 'Sukmawati, S.Pd.', 'Jam Ke 7-10'),
(821, 1, 'Senin', 54, 'XII MPLB', 148, 'Yunita Sari, S.Pd', 'Jam Ke 11'),
(822, 2, 'Selasa', 54, 'XII MPLB', 9, 'Dwipa Fredy Putri, M.Pd.', 'Jam Ke 1-2'),
(823, 2, 'Selasa', 54, 'XII MPLB', 3, 'Dzuli Kamala, M.Pd.I', 'Jam Ke 3-5'),
(824, 2, 'Selasa', 54, 'XII MPLB', 82, 'Pungky Ayu Lestari, S.Pd', 'Jam Ke 6-11'),
(825, 3, 'Rabu', 54, 'XII MPLB', 25, 'Dra. Hj. Ernita Wati', 'Jam Ke 1-3'),
(826, 3, 'Rabu', 54, 'XII MPLB', 84, 'Hj. Siti Uswatun Khasanah, M.Pd', 'Jam Ke 4-11'),
(827, 4, 'Kamis', 54, 'XII MPLB', 84, 'Hj. Siti Uswatun Khasanah, M.Pd', 'Jam Ke 1-2'),
(828, 4, 'Kamis', 54, 'XII MPLB', 37, 'Sandria Febrianti, S.Si', 'Jam Ke 3'),
(829, 4, 'Kamis', 54, 'XII MPLB', 83, 'Dra. Hj. Alina', 'Jam Ke 4-7'),
(830, 4, 'Kamis', 54, 'XII MPLB', 16, 'Diah Indri Safitri, S.Pd', 'Jam Ke 8-10'),
(831, 5, 'Jum\'at', 54, 'XII MPLB', 84, 'Hj. Siti Uswatun Khasanah, M.Pd', 'Jam Ke 2-9'),
(832, 5, 'Jum\'at', 54, 'XII MPLB', 137, 'Dani Rudiyansah, S.Pd.', 'Jam Ke 10'),
(833, 1, 'Senin', 55, 'XII PM 1', 148, 'Yunita Sari, S.Pd', 'Jam Ke 2'),
(834, 1, 'Senin', 55, 'XII PM 1', 141, 'Laedy Puspita Putri Taupan, S.Pd.', 'Jam Ke 3'),
(835, 1, 'Senin', 55, 'XII PM 1', 94, 'Kemala Saudi Rose S.E, M.M', 'Jam Ke 4-11'),
(836, 2, 'Selasa', 55, 'XII PM 1', 24, 'Dra. Sri Wahyuni, M.M', 'Jam Ke 1-3'),
(837, 2, 'Selasa', 55, 'XII PM 1', 93, 'Dwi Januari Siskasari, S.Pd', 'Jam Ke 4-7'),
(838, 2, 'Selasa', 55, 'XII PM 1', 41, 'Sulasmi, S Pd. M M', 'Jam Ke 8-11'),
(839, 3, 'Rabu', 55, 'XII PM 1', 11, 'Ricadesta Amalia S.Pd', 'Jam Ke 1-2'),
(840, 3, 'Rabu', 55, 'XII PM 1', 88, 'Amelia Vidyastuti, M.Pd', 'Jam Ke 3-7'),
(841, 3, 'Rabu', 55, 'XII PM 1', 34, 'Murniyati, S.Pd', 'Jam Ke 8'),
(842, 3, 'Rabu', 55, 'XII PM 1', 15, 'Handayani, M.Pd', 'Jam Ke 9-11'),
(843, 4, 'Kamis', 55, 'XII PM 1', 93, 'Dwi Januari Siskasari, S.Pd', 'Jam Ke 1-4'),
(844, 4, 'Kamis', 55, 'XII PM 1', 122, 'Hary Widodo, S.Kom', 'Jam Ke 5-10'),
(845, 5, 'Jum\'at', 55, 'XII PM 1', 4, 'Asvedia S.Pd.I', 'Jam Ke 2-4'),
(846, 5, 'Jum\'\'at', 55, 'XII PM 1', 87, 'Noffita Indah Furi, S.E, M.Pd', 'Jam Ke 5-10'),
(847, 1, 'Senin', 56, 'XII PM 2', 88, 'Amelia Vidyastuti, M.Pd', 'Jam Ke 2-6'),
(848, 1, 'Senin', 56, 'XII PM 2', 9, 'Dwipa Fredy Putri, M.Pd.', 'Jam Ke 7-8'),
(849, 1, 'Senin', 56, 'XII PM 2', 24, 'Dra. Sri Wahyuni, M.M', 'Jam Ke 9-11'),
(850, 2, 'Selasa', 56, 'XII PM 2', 16, 'Diah Indri Safitri, S.Pd', 'Jam Ke 1-3'),
(851, 2, 'Selasa', 56, 'XII PM 2', 94, 'Kemala Saudi Rose S.E, M.M', 'Jam Ke 4-11'),
(852, 3, 'Rabu', 56, 'XII PM 2', 34, 'Murniyati, S.Pd', 'Jam Ke 1'),
(853, 3, 'Rabu', 56, 'XII PM 2', 91, 'Adha Marlins S.E', 'Jam Ke 2-7'),
(854, 3, 'Rabu', 56, 'XII PM 2', 41, 'Sulasmi, S Pd. M M', 'Jam Ke 8-11'),
(855, 4, 'Kamis', 56, 'XII PM 2', 4, 'Asvedia S.Pd.I', 'Jam Ke 1-3'),
(856, 4, 'Kamis', 56, 'XII PM 2', 87, 'Noffita Indah Furi, S.E, M.Pd', 'Jam Ke 4-9'),
(857, 4, 'Kamis', 56, 'XII PM 2', 141, 'Laedy Puspita Putri Taupan, S.Pd.', 'Jam Ke 10'),
(858, 5, 'Jum\'at', 56, 'XII PM 2', 93, 'Dwi Januari Siskasari, S.Pd', 'Jam Ke 2-5 & 7-10'),
(859, 5, 'Jum\'at', 56, 'XII PM 2', 148, 'Yunita Sari, S.Pd', 'Jam Ke 6'),
(860, 1, 'Senin', 57, 'XII PM 3', 75, 'Reni Usman, S.Pd', 'Jam Ke 2-7'),
(861, 1, 'Senin', 57, 'XII PM 3 ', 93, 'Dwi Januari Siskasari, S.Pd', 'Jam Ke 8-11'),
(862, 2, 'Selasa', 57, 'XII PM 3', 80, 'Dina Sundari, S.Pd', 'Jam Ke 1'),
(863, 2, 'Selasa', 57, 'XII PM 3', 148, 'Yunita Sari, S.Pd', 'Jam Ke 2'),
(864, 2, 'Selasa', 57, 'XII PM 3', 88, 'Amelia Vidyastuti, M.Pd', 'Jam Ke 3-7'),
(865, 2, 'Selasa', 57, 'XII PM 3', 93, 'Dwi Januari Siskasari, S.Pd', 'Jam Ke 8-11'),
(866, 3, 'Rabu', 57, 'XII PM 3', 87, 'Noffita Indah Furi, S.E, M.Pd', 'Jam Ke 1-6'),
(867, 3, 'Rabu', 57, 'XII PM 3', 4, 'Asvedia S.Pd.I', 'Jam Ke 7-9'),
(868, 3, 'Rabu', 57, 'XII PM 3', 11, 'Ricadesta Amalia S.Pd', 'Jam Ke 10-11'),
(869, 4, 'Kamis', 57, 'XII PM 3', 16, 'Diah Indri Safitri, S.Pd', 'Jam Ke 1-3'),
(870, 4, 'Kamis', 57, 'XII PM 3', 24, 'Dra. Sri Wahyuni, M.M', 'Jam Ke 4-6'),
(871, 4, 'Kamis', 57, 'XII PM 3', 45, 'Nuril Astuti, S.Pd', 'Jam Ke 7-10'),
(872, 5, 'Jum\'at', 57, 'XII PM 3', 94, 'Kemala Saudi Rose S.E, M.M', 'Jam Ke 2-9'),
(873, 5, 'Jum\'at', 57, 'XII PM 3', 141, 'Laedy Puspita Putri Taupan, S.Pd.', 'Jam ke 10'),
(874, 1, 'Senin', 58, 'XII ULP 1', 16, 'Diah Indri Safitri, S.Pd', 'Jam ke 2-4'),
(875, 1, 'Senin', 58, 'XII ULP 1', 99, 'Putri Auggraini, S.S', 'Jam ke 5-11'),
(876, 2, 'Selasa', 58, 'XII ULP 1', 142, 'Martini Indriani, S.Pd.', 'Jam ke 1'),
(877, 2, 'Selasa', 58, 'XII ULP 1', 97, 'Sugeng, S.Pd', 'Jam ke 2-6'),
(878, 2, 'Selasa', 58, 'XII ULP 1', 2, 'Drs. Ismatullah', 'Jam ke 7-9'),
(879, 2, 'Selasa', 58, 'XII ULP 1', 11, 'Ricadesta Amalia S.Pd', 'Jam ke 10-11'),
(880, 3, 'Rabu', 58, 'XII ULP 1', 96, 'Lindaningsili, S.Pd', 'Jam ke 1-6'),
(881, 3, 'Rabu', 58, 'XII ULP 1', 53, 'Yesi Puspitasari, S.Pd', 'Jam ke 7-11'),
(882, 4, 'Kamis', 58, 'XII ULP 1', 47, 'Martalinda, S.Pd', 'Jam ke 1-4'),
(883, 4, 'Kamis', 58, 'XII ULP 1', 95, 'Damaiyanti, S.S', 'Jam ke 5-10'),
(884, 5, 'Jum\'at', 58, 'XII ULP 1', 25, 'Dra. Hj. Ernita Wati', 'Jam ke 2-4'),
(885, 5, 'Jum\'at', 58, 'XII ULP 1', 98, 'Estianti, S.Pd', 'Jam ke 5-8'),
(886, 5, 'Jum\'at', 58, 'XII ULP 1', 148, 'Yunita Sari, S.Pd', 'Jam ke 9'),
(887, 5, 'Jum\'at', 58, 'XII ULP 1', 78, 'Mutiara Iwana S.Pd', 'Jam ke 10'),
(888, 1, 'Senin', 59, 'XII ULP 2', 18, 'Mutiara Iwana S.Pd', 'Jam ke 2-4'),
(889, 1, 'Senin', 59, 'XII ULP 2', 142, 'Martini Indriani, S.Pd.', 'Jam ke 5'),
(890, 1, 'Senin', 59, 'XII ULP 2', 2, 'Drs. Ismatullah', 'Jam ke 6-8'),
(891, 1, 'Senin', 59, 'XII ULP 2', 25, 'Dra. Hj. Ernita Wati', 'Jam ke 9-11'),
(892, 2, 'Selasa', 59, 'XII ULP 2', 99, 'Putri Auggraini, S.S', 'Jam ke 1-6'),
(893, 2, 'Selasa', 59, 'XII ULP 2', 98, 'Estianti, S.Pd', 'Jam ke 7-10'),
(894, 2, 'Selasa', 59, 'XII ULP 2', 148, 'Yunita Sari, S.Pd', 'Jam ke 11'),
(895, 3, 'Rabu', 59, 'XII ULP 2', 53, 'Yesi Puspitasari, S.Pd', 'Jam ke 1-5'),
(896, 3, 'Rabu', 59, 'XII ULP 2', 97, 'Sugeng, S.Pd', 'Jam ke 6-10'),
(897, 3, 'Rabu', 59, 'XII ULP 2', 78, 'Mutiara Iwana S.Pd', 'Jam ke 11'),
(898, 4, 'Kamis', 59, 'XII ULP 2', 96, 'Lindaningsili, S.Pd', 'Jam ke 1-6'),
(899, 4, 'Kamis', 59, 'XII ULP 2', 48, 'Dra. Rez Nurlela', 'Jam ke 7-10'),
(900, 5, 'Jum\'at', 59, 'XII ULP 2', 99, 'Putri Auggraini, S.S', 'Jam ke 2-8'),
(901, 5, 'Jum\'at', 59, 'XII ULP 2', 10, 'Mas Azizah, M.Pd', 'Jam ke 9-10'),
(902, 1, 'Senin', 60, 'XII TJKT 1', 10, 'Mas Azizah, M.Pd', 'Jam ke 2-3'),
(903, 1, 'Senin', 60, 'XII TJKT 1', 112, 'Ayu Jayanti, S.Kom.', 'Jam ke 4-11'),
(904, 2, 'Selasa', 60, 'XII TJKT 1', 85, 'Devita Sari, S.Sos', 'Jam ke 1-5'),
(905, 2, 'Selasa', 60, 'XII TJKT 1', 115, 'Anggi Fratica S.Kom.', 'Jam ke 6-11'),
(906, 3, 'Rabu', 60, 'XII TJKT 1', 42, 'Wayan Sukanta M.Pd', 'Jam ke 1-4'),
(907, 3, 'Rabu', 60, 'XII TJKT 1', 114, 'Willy Audika Putri S.Kom', 'Jam ke 5-11'),
(908, 4, 'Kamis', 60, 'XII TJKT 1', 15, 'Handayani, M.Pd', 'Jam ke 1-3'),
(909, 4, 'Kamis', 60, 'XII TJKT 1', 114, 'Willy Audika Putri S.Kom', 'Jam ke 4-10'),
(910, 5, 'Jum\'at', 60, 'XII TJKT 1', 78, 'Mutiara Iwana S.Pd', 'Jam ke 2'),
(911, 5, 'Jum\'at', 60, 'XII TJKT 1', 139, 'Nani Wulandari, S.Pd.', 'Jam ke 3'),
(912, 5, 'Jum\'at', 60, 'XII TJKT 1', 49, 'Wita Asiyah, S.Pd', 'Jam ke 4'),
(913, 5, 'Jum\'at', 60, 'XII TJKT 1', 26, 'Hj. Zahria Hadiyati, S.Pd', 'Jam ke 5-7'),
(914, 5, 'Jum\'at', 60, 'XII TJKT 1', 5, 'Rina Wati, S.Ag', 'Jam ke 8-10'),
(915, 1, 'Senin', 61, 'XII TJKT 2', 114, 'Willy Audika Putri S.Kom', 'Jam ke 2-7'),
(916, 1, 'Senin', 61, 'XII TJKT 2', 79, 'Agustina Damayanti, S.Pd', 'Jam ke 8'),
(917, 1, 'Senin', 61, 'XII TJKT 2', 139, 'Nani Wulandari, S.Pd.', 'Jam ke 9'),
(918, 1, 'Senin', 61, 'XII TJKT 2', 9, 'Dwipa Fredy Putri, M.Pd.', 'Jam ke 10-11'),
(919, 2, 'Selasa', 61, 'XII TJKT 2', 15, 'Handayani, M.Pd', 'Jam ke 1-3'),
(920, 2, 'Selasa', 61, 'XII TJKT 2', 114, 'Willy Audika Putri S.Kom', 'Jam ke 4-11'),
(921, 3, 'Rabu', 61, 'XII TJKT 2', 26, 'Hj. Zahria Hadiyati, S.Pd', 'Jam ke 1-3'),
(922, 3, 'Rabu', 61, 'XII TJKT 2', 111, 'Junpo, S.Kom', 'Jam ke 4-11'),
(923, 4, 'Kamis', 61, 'XII TJKT 2', 5, 'Rina Wati, S.Ag', 'Jam ke 1-3'),
(924, 4, 'Kamis', 61, 'XII TJKT 2', 112, 'Ayu Jayanti, S.Kom.', 'Jam ke 4-9'),
(925, 4, 'Kamis', 61, 'XII TJKT 2', 49, 'Wita Asiyah, S.Pd', 'Jam ke 10'),
(926, 5, 'Jum\'at', 61, 'XII TJKT 2', 51, 'Nelda Susanti, S.Pd', 'Jam ke 2-6'),
(927, 5, 'Jum\'at', 61, 'XII TJKT 2', 42, 'Wayan Sukanta M.Pd', 'Jam ke 7-10'),
(928, 1, 'Senin', 62, 'XII TJKT 3', 15, 'Handayani, M.Pd', 'Jam ke  2-4'),
(929, 1, 'Senin', 62, 'XII TJKT 3', 49, 'Wita Asiyah, S.Pd', 'Jam ke 5'),
(930, 1, 'Senin', 62, 'XII TJKT 3', 111, 'Junpo, S.Kom', 'Jam ke 6-11'),
(931, 2, 'Selasa', 62, 'XII TJKT 3', 111, 'Junpo, S.Kom', 'Jam ke 1-6'),
(932, 2, 'Selasa', 62, 'XII TJKT 3', 137, 'Dani Rudiyansah, S.Pd.', 'Jam ke 7'),
(933, 2, 'Selasa', 62, 'XII TJKT 3', 45, 'Nuril Astuti, S.Pd', 'Jam ke 8-11'),
(934, 3, 'Rabu', 62, 'XII TJKT 3', 85, 'Devita Sari, S.Sos', 'Jam ke 1-5'),
(935, 3, 'Rabu', 62, 'XII TJKT 3', 5, 'Rina Wati, S.Ag', 'Jam ke 6-8'),
(936, 3, 'Rabu', 62, 'XII TJKT 3', 29, 'Risfalidah, M.Pd.', 'Jam ke 9-11'),
(937, 4, 'Kamis', 62, 'XII TJKT 3', 11, 'Ricadesta Amalia S.Pd', 'Jam ke 1-2'),
(938, 4, 'Kamis', 62, 'XII TJKT 3', 109, 'Edi Herinanto, S.Kom', 'Jam ke 3-10'),
(939, 5, 'Jum\'at', 62, 'XII TJKT 3', 112, 'Ayu Jayanti, S.Kom.', 'Jam ke 2-9'),
(940, 5, 'Jum\'at', 62, 'XII TJKT 3', 49, 'Wita Asiyah, S.Pd', 'Jam ke 10'),
(941, 1, 'Senin', 63, 'XII TJKT 4', 45, 'Nuril Astuti, S.Pd', 'Jam ke 2-5'),
(942, 1, 'Senin', 63, 'XII TJKT 4', 115, 'Anggi Fratica S.Kom.', 'Jam ke  6-11'),
(943, 2, 'Selasa', 63, 'XII TJKT 4', 29, 'Risfalidah, M.Pd.', 'Jam ke  1-3'),
(944, 2, 'Selasa', 63, 'XII TJKT 4', 79, 'Agustina Damayanti, S.Pd', 'Jam ke  4'),
(945, 2, 'Selasa', 63, 'XII TJKT 4', 49, 'Wita Asiyah, S.Pd', 'Jam ke  5'),
(946, 2, 'Selasa', 63, 'XII TJKT 4', 137, 'Dani Rudiyansah, S.Pd.', 'Jam ke  6'),
(947, 2, 'Selasa', 63, 'XII TJKT 4', 85, 'Devita Sari, S.Sos', 'Jam ke  7-11'),
(948, 3, 'Rabu', 63, 'XII TJKT 4', 15, 'Handayani, M.Pd', 'Jam ke 1-3'),
(949, 3, 'Rabu', 63, 'XII TJKT 4', 109, 'Edi Herinanto, S.Kom', 'Jam ke 4-11'),
(950, 4, 'Kamis', 63, 'XII TJKT 4', 9, 'Dwipa Fredy Putri, M.Pd.', 'Jam ke  1-2'),
(951, 4, 'Kamis', 63, 'XII TJKT 4', 111, 'Junpo, S.Kom', 'Jam ke 3-10'),
(952, 5, 'Jum\'at', 63, 'XII TJKT 4', 5, 'Rina Wati, S.Ag', 'Jam ke  2-4'),
(953, 5, 'Jum\'at', 63, 'XII TJKT 4', 114, 'Willy Audika Putri S.Kom', 'Jam ke 5-10'),
(954, 1, 'Senin', 64, 'XII DKV 1', 118, 'Bayu Alimuddin Sany, S.Kom', 'Jam ke 2-7'),
(955, 1, 'Senin', 64, 'XII DKV 1', 42, 'Wayan Sukanta M.Pd', 'Jam ke 8-11'),
(956, 2, 'Selasa', 64, 'XII DKV 1', 27, 'Novilia S.Pd', 'Jam ke 1-3'),
(957, 2, 'Selasa', 64, 'XII DKV 1', 11, 'Ricadesta Amalia S.Pd', 'Jam ke 4-5'),
(958, 2, 'Selasa', 64, 'XII DKV 1', 117, 'Ratih Windari, S.Kom', 'Jam ke 6-10'),
(959, 2, 'Selasa', 64, 'XII DKV 1', 59, 'Bema Hayuliani, S.Pd', 'Jam ke 11'),
(960, 3, 'Rabu', 64, 'XII DKV 1', 122, 'Hary Widodo, S.Kom', 'Jam ke 1-6'),
(961, 3, 'Rabu', 64, 'XII DKV 1', 117, 'Ratih Windari, S.Kom', 'Jam ke 7-11'),
(962, 4, 'Kamis', 64, 'XII DKV 1', 118, 'Bayu Alimuddin Sany, S.Kom', 'Jam ke 1-6'),
(963, 4, 'Kamis', 64, 'XII DKV 1', 59, 'Bema Hayuliani, S.Pd', 'Jam ke 7'),
(964, 4, 'Kamis', 64, 'XII DKV 1', 15, 'Handayani, M.Pd', 'Jam ke 8-10'),
(965, 5, 'Jum\'at', 64, 'XII DKV 1', 118, 'Bayu Alimuddin Sany, S.Kom', 'Jam ke 2-6'),
(966, 5, 'Jum\'at', 64, 'XII DKV 1', 6, 'Nur Fadillah, S.Pd.I', 'Jam ke 7-9'),
(967, 5, 'Jum\'at', 64, 'XII DKV 1', 142, 'Martini Indriani, S.Pd.', 'Jam ke 10'),
(968, 1, 'Senin', 65, 'XII DKV 2', 42, 'Wayan Sukanta M.Pd', 'Jam ke 2-5'),
(969, 1, 'Senin', 65, 'XII DKV 2', 122, 'Ayu Jayanti, S.Kom.', 'Jam ke 6-11'),
(970, 2, 'Selasa', 65, 'XII DKV 2', 118, 'Bayu Alimuddin Sany, S.Kom', 'Jam ke 1-5'),
(971, 2, 'Selasa', 65, 'XII DKV 2', 15, 'Handayani, M.Pd', 'Jam ke 6-8'),
(972, 2, 'Selasa', 65, 'XII DKV 2', 80, 'Dina Sundari, S.Pd', 'Jam ke 9'),
(973, 2, 'Selasa', 65, 'XII DKV 2', 10, 'Mas Azizah, M.Pd', 'Jam ke 10-11'),
(974, 3, 'Rabu', 65, 'XII DKV 2', 118, 'Bayu Alimuddin Sany, S.Kom', 'Jam ke 1-5 & 7-11'),
(975, 3, 'Rabu', 65, 'XII DKV 2', 59, 'Bema Hayuliani, S.Pd', 'Jam ke 6'),
(976, 4, 'Kamis', 65, 'XII DKV 2', 117, 'Ratih Windari, S.Kom', 'Jam ke 1-6'),
(977, 4, 'Kamis', 65, 'XII DKV 2', 142, 'Martini Indriani, S.Pd.', 'Jam ke 7'),
(978, 4, 'Kamis', 65, 'XII DKV 2', 6, 'Nur Fadillah, S.Pd.I', 'Jam ke 8-10'),
(979, 5, 'Jum\'at', 65, 'XII DKV 2', 117, 'Ratih Windari, S.Kom', 'Jam ke 2-7'),
(980, 5, 'Jum\'at', 65, 'XII DKV 2', 27, 'Novilia S.Pd', 'Jam ke 8-10'),
(981, 1, 'Senin', 66, 'XII PPLG', 123, 'Dian Sri Purwanti, S.Kom', 'Jam ke 2-11'),
(982, 2, 'Selasa', 66, 'XII PPLG', 125, 'Dafril Ashadi, S.Kom.', 'Jam ke 1-6'),
(983, 2, 'Selasa', 66, 'XII PPLG', 80, 'Dina Sundari, S.Pd', 'Jam ke 7'),
(984, 2, 'Selasa', 66, 'XII PPLG', 43, 'Dicky Sapto Tejo, S.Pd', 'Jam ke 8-11'),
(985, 3, 'Rabu', 66, 'XII PPLG', 119, 'Ni Made Novia Rezkianti, S.T', 'Jam ke 1-5'),
(986, 3, 'Rabu', 66, 'XII PPLG', 15, 'Handayani, M.Pd', 'Jam ke 6-8'),
(987, 3, 'Rabu', 66, 'XII PPLG', 6, 'Nur Fadillah, S.Pd.I', 'Jam ke 9-11'),
(988, 4, 'Kamis', 66, 'XII PPLG', 137, 'Dani Rudiyansah, S.Pd.', 'Jam ke 1'),
(989, 4, 'Kamis', 66, 'XII PPLG', 123, 'Dian Sri Purwanti, S.Kom', 'Jam ke 2-7'),
(990, 4, 'Kamis', 66, 'XII PPLG', 30, 'Nurjanah, M.Pd.', 'Jam ke 8-10'),
(991, 5, 'Jum\'at', 66, 'XII PPLG', 49, 'Wita Asiyah, S.Pd', 'Jam ke 2'),
(992, 5, 'Jum\'at', 66, 'XII PPLG', 126, 'Ahmad Eko Saputra, S.Kom.', 'Jam ke 3-8'),
(993, 5, 'Jum\'at', 66, 'XII PPLG', 9, 'Dwipa Fredy Putri, M.Pd.', 'Jam ke 9-10'),
(994, 1, 'Senin', 67, 'XII Pht 1', 107, 'Rama Santika A.Md.Par', 'Jam ke 2-7'),
(995, 1, 'Senin', 67, 'XII Pht 1', 104, 'Zulfalimi Agustiadi, A.Md.Par', 'Jam ke 8-11'),
(996, 2, 'Selasa', 67, 'XII Pht 1', 49, 'Wita Asiyah, S.Pd', 'Jam ke 1'),
(997, 2, 'Selasa', 67, 'XII Pht 1', 11, 'Ricadesta Amalia S.Pd', 'Jam ke 2-3'),
(998, 2, 'Selasa', 67, 'XII Pht 1', 106, 'Lasmono, A.Md. Par', 'Jam ke 4-11'),
(999, 3, 'Rabu', 67, 'XII Pht 1', 104, 'Zulfalimi Agustiadi, A.Md.Par', 'Jam ke 1-3'),
(1000, 3, 'Rabu', 67, 'XII Pht 1', 138, 'Maryanah, S.Pd.', 'Jam ke 4'),
(1001, 3, 'Rabu', 67, 'XII Pht 1', 3, 'Dzuli Kamala, M.Pd.I', 'Jam ke 5-7'),
(1002, 3, 'Rabu', 67, 'XII Pht 1', 24, 'Dra. Sri Wahyuni, M.M', 'Jam ke 8-10'),
(1003, 3, 'Rabu', 67, 'XII Pht 1', 55, 'Yuli Seti Purwaningsih, S.Pd', 'Jam ke 11'),
(1004, 4, 'Kamis', 67, 'XII Pht 1', 18, 'Santi Noviyana, S.Pd', 'Jam ke 1-3'),
(1005, 4, 'Kamis', 67, 'XII Pht 1', 105, 'Ilman Hakim, S.Tr. Par.', 'Jam ke 4-5'),
(1006, 4, 'Kamis', 67, 'XII Pht 1', 91, 'Adha Marlins S.E', 'Jam ke 6-10'),
(1007, 5, 'Jum\'at', 67, 'XII Pht 1', 103, 'Agus Riady', 'Jam ke 2-6'),
(1008, 5, 'Jum\'at', 67, 'XII Pht 1', 43, 'Dicky Sapto Tejo, S.Pd', 'Jam ke 7-10'),
(1009, 1, 'Senin', 68, 'XII Pht 2', 24, 'Dra. Sri Wahyuni, M.M', 'Jam ke 2-4'),
(1010, 1, 'Senin', 68, 'XII Pht 2', 18, 'Santi Noviyana, S.Pd', 'Jam ke 5-7'),
(1011, 1, 'Senin', 68, 'XII Pht 2', 48, 'Dra. Rez Nurlela', 'Jam ke 8-11'),
(1012, 2, 'Selasa', 68, 'XII Pht 2', 7, 'Muflihin, S.Pd.', 'Jam ke 1-3'),
(1013, 2, 'Selasa', 68, 'XII Pht 2', 108, 'Ovan Ardan, A.Md.Par', 'Jam ke 4-11'),
(1014, 3, 'Rabu', 68, 'XII Pht 2', 102, 'Insani Rahmawati, S.Tr. Par', 'Jam ke 1-7'),
(1015, 3, 'Rabu', 68, 'XII Pht 2', 137, 'Dani Rudiyansah, S.Pd.', 'Jam ke 8'),
(1016, 3, 'Rabu', 68, 'XII Pht 2', 49, 'Wita Asiyah, S.Pd', 'Jam ke 9'),
(1017, 3, 'Rabu', 68, 'XII Pht 2', 10, 'Mas Azizah, M.Pd', 'Jam ke 10-11'),
(1018, 4, 'Kamis', 68, 'XII Pht 2', 85, 'Devita Sari, S.Sos', 'Jam ke 1-5'),
(1019, 4, 'Kamis', 68, 'XII Pht 2', 105, 'Ilman Hakim, S.Tr. Par.', 'Jam ke 6-10'),
(1020, 5, 'Jum\'at', 68, 'XII Pht 2', 91, 'Adha Marlins S.E', 'Jam ke 2'),
(1021, 5, 'Jum\'at', 68, 'XII Pht 2', 107, 'Rama Santika A.Md.Par', 'Jam ke 3-8'),
(1022, 5, 'Jum\'at', 68, 'XII Pht 2', 103, 'Agus Riady', 'Jam ke 9-10'),
(1023, 1, 'Senin', 69, 'XII Pht 3', 7, 'Muflihin, S.Pd.', 'Jam ke 2-4'),
(1024, 1, 'Senin', 69, 'XII Pht 3', 91, 'Adha Marlins S.E', 'Jam ke 5'),
(1025, 1, 'Senin', 69, 'XII Pht 3', 108, 'Ovan Ardan, A.Md.Par', 'Jam ke 6-11'),
(1026, 2, 'Selasa', 69, 'XII Pht 3', 53, 'Yesi Puspitasari, S.Pd', 'Jam ke 1-5'),
(1027, 2, 'Selasa', 69, 'XII Pht 3', 49, 'Wita Asiyah, S.Pd', 'Jam ke 6'),
(1028, 2, 'Selasa', 69, 'XII Pht 3', 11, 'Ricadesta Amalia S.Pd', 'Jam ke 7-8'),
(1029, 2, 'Selasa', 69, 'XII Pht 3', 18, 'Santi Noviyana, S.Pd', 'Jam ke 9-11'),
(1030, 3, 'Rabu', 69, 'XII Pht 3', 107, 'Rama Santika A.Md.Par', 'Jam ke 1-7'),
(1031, 3, 'Rabu', 69, 'XII Pht 3', 48, 'Dra. Rez Nurlela', 'Jam ke 8-11'),
(1032, 4, 'Kamis', 69, 'XII Pht 3', 24, 'Dra. Sri Wahyuni, M.M', 'Jam ke 1-3'),
(1033, 4, 'Kamis', 69, 'XII Pht 3', 108, 'Ovan Ardan, A.Md.Par', 'Jam ke 4-10'),
(1034, 5, 'Jum\'at', 69, 'XII Pht 3', 137, 'Dani Rudiyansah, S.Pd.', 'Jam ke 2'),
(1035, 5, 'Jum\'at', 69, 'XII Pht 3', 105, 'Ilman Hakim, S.Tr. Par.', 'Jam ke 3-10'),
(1036, 1, 'Senin', 70, 'XII Kul', 92, 'Fasmita, S.E', 'Jam ke 2'),
(1037, 1, 'Senin', 70, 'XII Kul', 133, 'Resdiono', 'Jam ke 3-10'),
(1038, 1, 'Senin', 70, 'XII Kul', 142, 'Martini Indriani, S.Pd.', 'Jam ke 11'),
(1039, 2, 'Selasa', 70, 'XII Kul', 78, 'Mutiara Iwana S.Pd', 'Jam ke 1-5'),
(1040, 2, 'Selasa', 70, 'XII Kul', 18, 'Santi Noviyana, S.Pd', 'Jam ke 6-8'),
(1041, 2, 'Selasa', 70, 'XII Kul', 9, 'Dwipa Fredy Putri, M.Pd.', 'Jam ke 9-10'),
(1042, 2, 'Selasa', 70, 'XII Kul', 49, 'Wita Asiyah, S.Pd', 'Jam ke 11'),
(1043, 3, 'Rabu', 70, 'XII Kul', 8, 'Achmad Bismar W, S.Pd.I', 'Jam ke 1-3'),
(1044, 3, 'Rabu', 70, 'XII Kul', 131, 'Yan Mulyana A.Md Par.', 'Jam ke 4-11'),
(1045, 4, 'Kamis', 70, 'XII Kul', 132, 'Marydawati Turnip, S.Pd.', 'Jam ke 1-6'),
(1046, 4, 'Kamis', 70, 'XII Kul', 44, 'Sukmawati, S.Pd.', 'Jam ke 7-10'),
(1047, 5, 'Jum\'at', 70, 'XII Kul', 30, 'Nurjanah, M.Pd.', 'Jam ke 2-4'),
(1048, 5, 'Jum\'at', 70, 'XII Kul', 131, 'Yan Mulyana A.Md Par.', 'Jam ke 5-10'),
(1049, 1, 'Senin', 71, 'XII Bus', 130, 'Numa Ima  S.Pd', ' Jam ke 2-7'),
(1050, 1, 'Senin', 71, 'XII Bus', 136, 'Dra. Arinalia M.M.', 'Jam ke 8'),
(1051, 1, 'Senin', 71, 'XII Bus', 18, 'Santi Noviyana, S.Pd', 'Jam ke 9-11'),
(1052, 2, 'Selasa', 71, 'XII Bus', 127, 'Meilanza Wardah Hasanah, S.Pd.', 'Jam ke 1-11'),
(1053, 3, 'Rabu', 71, 'XII Bus', 127, 'Meilanza Wardah Hasanah, S.Pd.', 'Jam ke 1-11'),
(1054, 4, 'Kamis', 71, 'XII Bus', 8, 'Achmad Bismar W, S.Pd.I', 'Jam ke 1-3'),
(1055, 4, 'Kamis', 71, 'XII Bus', 11, 'Ricadesta Amalia S.Pd', 'Jam ke 4-5'),
(1056, 4, 'Kamis', 71, 'XII Bus', 86, 'Syelfma Octriani, S.Sos', 'Jam ke 6-10'),
(1057, 5, 'Jum\'at', 71, 'XII Bus', 41, 'Sulasmi, S Pd. M M', 'Jam ke 2-5'),
(1058, 5, 'Jum\'at', 71, 'XII Bus', 49, 'Wita Asiyah, S.Pd', 'Jam ke 6'),
(1059, 5, 'Jum\'at', 71, 'XII Bus', 25, 'Dra. Hj. Ernita Wati', 'Jam ke 7-9'),
(1060, 5, 'Jum\'at', 71, 'XII Bus', 92, 'Fasmita, S.E', 'Jam ke 10');

-- --------------------------------------------------------

--
-- Struktur dari tabel `tb_jadwal_gurupiket`
--

CREATE TABLE `tb_jadwal_gurupiket` (
  `id` int NOT NULL,
  `id_hari` int NOT NULL,
  `nama_hari` varchar(50) NOT NULL,
  `id_guru` int NOT NULL,
  `nama_guru` varchar(50) NOT NULL,
  `area_piket` varchar(200) NOT NULL,
  `ket` text
) ENGINE=InnoDB DEFAULT CHARSET=latin1;

--
-- Dumping data untuk tabel `tb_jadwal_gurupiket`
--

INSERT INTO `tb_jadwal_gurupiket` (`id`, `id_hari`, `nama_hari`, `id_guru`, `nama_guru`, `area_piket`, `ket`) VALUES
(1, 1, 'Senin', 22, 'Andhita Marcelia, S.Pd', 'X Pht 1, X Pht 2, X Pht 3, X MPLB, XI MPLB, XII PM 1, XII PM 2, XII PM 3, XII TJKT 1', NULL),
(2, 1, 'Senin', 95, 'Damaiyanti, S.S', 'XI ULP 1, XI ULP 2, X ULP 1, X ULP 2, XI Pht 1, XI Pht 2, XI Pht 3, X TJKT 1, X TJKT 2', NULL),
(3, 1, 'Senin', 20, 'Chandra Kusuma, M.Pd', 'XI Pem 2, XI Pem 3, X Pem 1, X Pem 2, XII PPLG, XI PPLG 1, XI PPLG 2, X PPLG 1, X PPLG 2', NULL),
(4, 1, 'Senin', 112, 'Ayu Jayanti, S.Kom.', 'XI Pem 1, XII TJKT 1, XII TJKT 2, XII TJKT 3, XII TJKT 4, XI TJKT 1, XI TJKT 2, X TJKT 3, XI TJKT 3, X Bus 2', NULL),
(5, 1, 'Senin', 18, 'Santi Noviyana, S.Pd', 'XII DKV 2, XII DKV 1, XI AKL 5, XI AKL 4, XI AKL 3, XI DKV 1, XI DKV 2, X DKV 1, X DKV 2 ', NULL),
(6, 1, 'Senin', 140, 'Misna Yunita. S.Pd.', 'X AKL 1, X AKL 2, X AKL 3, X AKL 4, X AKL 5, XII AKL 1, XII AKL 2, XII AKL 3, XII AKL 4', NULL),
(7, 1, 'Senin', 19, 'Carina Aurelia, S.Pd', 'XI Kul 1, XI Kul 2, X Kul 1, X Kul 2, XII AKL 5, XI Bus, XI AKL 1, XI AKL 2, X Bus 1', NULL),
(8, 2, 'Selasa', 56, 'Indri Julianti Afnil, S.Pd', 'X Pht 1, X Pht 2, X Pht 3, X MPLB, XI MPLB, XII PM 1, XII PM 2, XII PM 3, XII TJKT 1', NULL),
(9, 2, 'Selasa', 97, 'Sugeng, S.Pd', 'XI ULP 1, XI ULP 2, X ULP 1, X ULP 2, XI Pht 1, XI Pht 2, XI Pht 3, X TJKT 1, X TJKT 2', NULL),
(10, 2, 'Selasa', 137, 'Dani Rudiyansah, S.Pd.', 'XI Pem 2, XI Pem 3, X Pem 1, X Pem 2, XII PPLG, XI PPLG 1, XI PPLG 2, X PPLG 1, X PPLG 2', NULL),
(11, 2, 'Selasa', 148, 'Yunita Sari, S.Pd', 'XI Pem 1, XII TJKT 1, XII TJKT 2, XII TJKT 3, XII TJKT 4, XI TJKT 1, XI TJKT 2, X TJKT 3, XI TJKT 3, X Bus 2', NULL),
(12, 2, 'Selasa', 119, 'Ni Made Novia Rezkianti, S.T', 'XII DKV 2, XII DKV 1, XI AKL 5, XI AKL 4, XI AKL 3, XI DKV 1, XI DKV 2, X DKV 1, X DKV 2 ', NULL),
(13, 2, 'Selasa', 37, 'Sandria Febrianti, S.Si', 'X AKL 1, X AKL 2, X AKL 3, X AKL 4, X AKL 5, XII AKL 1, XII AKL 2, XII AKL 3, XII AKL 4', NULL),
(14, 2, 'Selasa', 49, 'Wita Asiyah, S.Pd', 'XI Kul 1, XI Kul 2, X Kul 1, X Kul 2, XII AKL 5, XI Bus, XI AKL 1, XI AKL 2, X Bus 1', NULL),
(15, 3, 'Rabu', 101, 'Ahmad Dian Maulid, A.Md.Par, S.E', 'X Pht 1, X Pht 2, X Pht 3, X MPLB, XI MPLB, XII PM 1, XII PM 2, XII PM 3, XII TJKT 1', NULL),
(16, 3, 'Rabu', 53, 'Yesi Puspitasari, S.Pd', 'XI ULP 1, XI ULP 2, X ULP 1, X ULP 2, XI Pht 1, XI Pht 2, XI Pht 3, X TJKT 1, X TJKT 2, X TJKT 3, XI TJKT 3', NULL),
(17, 3, 'Rabu', 34, 'Murniyati, S.Pd', 'XI Pem 2, XI Pem 3, X Pem 1, X Pem 2, XII PPLG, XI PPLG 1, XI PPLG 2, X PPLG 1, X PPLG 2', NULL),
(18, 3, 'Rabu', 55, 'Yuli Seti Purwaningsih, S.Pd', 'XI Pem 1, XII TJKT 2, XII TJKT 3, XII TJKT 4, XI TJKT 1, XI TJKT 2, X Bus 2, X Bus 1, XI Bus, XI Kul 1, XI Kul 2', NULL),
(19, 3, 'Rabu', 141, 'Laedy Puspita Putri Taupan, S.Pd.', 'XII DKV 2, XII DKV 1, XI AKL 5, XI AKL 4, XI AKL 3, XI DKV 1, XI DKV 2, XDKV 1, X DKV 2, XI AKL 1, XI AKL2', NULL),
(20, 3, 'Rabu', 6, 'Nur Fadillah, S.Pd.I', 'X AKL 1, X AKL 2, X AKL 3, X AKL 4, X AKL 5, XII AKL 1, XII AKL 2, XII AKL 3, XII AKL 4, XII AKL 5, X Kul 1, X Kul2', NULL),
(21, 4, 'Kamis', 102, 'Insani Rahmawati, S.Tr. Par', 'X Pht 1, X Pht 2, X Pht 3, X MPLB, XI MPLB, XII PM 1, XII PM 2, XII PM 3, XII TJKT 1', NULL),
(22, 4, 'Kamis', 99, 'Putri Auggraini, S.S', 'XI ULP 1. XI ULP 2, X ULP 1, X ULP 2, XI Pht 1, XI Pht 2, XI Pht 3, X TJKT 1, X TJKT 2', NULL),
(23, 4, 'Kamis', 138, 'Maryanah, S.Pd.', 'XI Pem 2, XI Pem 3, X Pem 1, X Pem 2, XII PPLG, XI PPLG 1, XI PPLG 2, X PPLG 1, X PPLG 2', NULL),
(24, 4, 'Kamis', 59, 'Bema Hayuliani, S.Pd', 'XI Pem 1, XII TJKT 1, XII TJKT 2, XII TJKT 3, XII TJKT 4, XI TJKT 1, XI TJKT 2, X TJKT 3, XI TJKT 3, X Bus 2', NULL),
(25, 4, 'Kamis', 51, 'Nelda Susanti, S.Pd', 'XII DKV 2, XII DKV 1, XI AKL 5, XI AKL 4, XI AKL 3, XI DKV 1, XI DKV 2, XDKV 1, X DKV 2 ', NULL),
(26, 4, 'Kamis', 78, 'Mutiara Iwana S.Pd', 'X AKL 1, X AKL 2, X AKL 3, X AKL 4, X AKL 5, XII AKL 1, XII AKL 2, XII AKL 3, XII AKL 4', NULL),
(27, 4, 'Kamis', 35, 'Citra Haningtyas, S.Pd', 'XI Kul 1, XI Kul 2, X Kul 1, X Kul 2, XII AKL 5, XI Bus, XI AKL 1, XI AKL 2, X Bus 1', NULL),
(28, 5, 'Jumat', 139, 'Nani Wulandari, S.Pd.', 'X Pht 1, X Pht 2, X Pht 3, X MPLB, XI MPLB, XII PM 1, XII PM 2, XII PM 3, XII TJKT 1', '9'),
(29, 5, 'Jumat', 98, 'Estianti, S.Pd', 'XI ULP 1, XI ULP 2, X ULP 1, X ULP 2, XI Pht 1, XI Pht 2, XI Pht 3, X TJKT 1, X TJKT 2, X TJKT 3, XI TJKT 3', '11'),
(30, 5, 'Jumat', 21, 'Resliky Thofan D, S.Pd', 'XI Pem 2, XI Pem 3, X Pem 1, X Pem 2, XII PPLG, XI PPLG 1, XI PPLG 2, X PPLG 1, X PPLG 2', '9'),
(31, 5, 'Jumat', 36, 'Heni Ayu Pertiwi, S.Si', 'XI Pem 1, XII TJKT 2, XII TJKT 3, XII TJKT 4, XI TJKT 1, XI TJKT 2, X Bus 2, X Bus 1, XI Bus, XI Kul 1, XI Kul 2', '11'),
(32, 5, 'Jumat', 120, 'Dewi Anggraini, S.Kom', 'XII DKV 2, XII DKV 1, XI AKL 5, XI AKL 4, XI AKL 3, XI DKV 1, XI DKV 2, X DKV 1, X DKV 2, XI AKL 1, XI AKL2', '11'),
(33, 5, 'Jumat', 81, 'Ria Handayani, S.E', 'X AKL 1, X AKL 2, X AKL 3, X AKL 4, X AKL 5, XII AKL 1, XII AKL 2, XII AKL 3, XII AKL 4, XII AKL 5, X Kul 1, X Kul2', '12');

-- --------------------------------------------------------

--
-- Struktur dari tabel `tb_kelas`
--

CREATE TABLE `tb_kelas` (
  `id_kelas` int NOT NULL,
  `nama_kelas` varchar(20) NOT NULL
) ENGINE=InnoDB DEFAULT CHARSET=latin1;

--
-- Dumping data untuk tabel `tb_kelas`
--

INSERT INTO `tb_kelas` (`id_kelas`, `nama_kelas`) VALUES
(1, 'X AKL 1'),
(2, 'X AKL 2'),
(3, 'X AKL 3'),
(4, 'X AKL 4'),
(5, 'X AKL 5'),
(6, 'X MPLB'),
(7, 'X Pem 1'),
(8, 'X Pem 2'),
(9, 'X ULP 1'),
(10, 'X ULP 2'),
(11, 'X TJKT 1'),
(12, 'X TJKT 2'),
(13, 'X TJKT 3'),
(14, 'X DKV 1'),
(15, 'X DKV 2'),
(16, 'X PPLG 1'),
(17, 'X PPLG 2'),
(18, 'X Pht 1'),
(19, 'X Pht 2'),
(20, 'X Pht 3'),
(21, 'X Kul 1'),
(22, 'X Kul 2'),
(23, 'X Bus 1'),
(24, 'X Bus 2'),
(25, 'XI AKL 1'),
(26, 'XI AKL 2'),
(27, 'XI AKL 3'),
(28, 'XI AKL 4'),
(29, 'XI AKL 5'),
(30, 'XI MPLB'),
(31, 'XI Pem 1'),
(32, 'XI Pem 2'),
(33, 'XI Pem 3'),
(34, 'XI ULP 1'),
(35, 'XI ULP 2'),
(36, 'XI TJKT 1'),
(37, 'XI TJKT 2'),
(38, 'XI TJKT 3'),
(39, 'XI DKV 1'),
(40, 'XI DKV 2'),
(41, 'XI PPLG 1'),
(42, 'XI PPLG 2'),
(43, 'XI Pht 1'),
(44, 'XI Pht 2'),
(45, 'XI Pht 3'),
(46, 'XI Kul 1'),
(47, 'XI Kul 2'),
(48, 'XI Bus'),
(49, 'XII AKL 1'),
(50, 'XII AKL 2'),
(51, 'XII AKL 3'),
(52, 'XII AKL 4'),
(53, 'XII AKL 5'),
(54, 'XII MPLB'),
(55, 'XII PM 1'),
(56, 'XII PM 2'),
(57, 'XII PM 3'),
(58, 'XII ULP 1'),
(59, 'XII ULP 2'),
(60, 'XII TJKT 1'),
(61, 'XII TJKT 2'),
(62, 'XII TJKT 3'),
(63, 'XII TJKT 4'),
(64, 'XII DKV 1'),
(65, 'XII DKV 2'),
(66, 'XII PPLG'),
(67, 'XII Pht 1'),
(68, 'XII Pht 2'),
(69, 'XII Pht 3'),
(70, 'XII Kul'),
(71, 'XII Bus');

-- --------------------------------------------------------

--
-- Struktur dari tabel `tb_siswa`
--

CREATE TABLE `tb_siswa` (
  `id` int NOT NULL,
  `nis` varchar(50) NOT NULL,
  `nisn` varchar(50) NOT NULL,
  `nama_siswa` varchar(100) NOT NULL,
  `jk` varchar(20) NOT NULL,
  `id_kelas` int NOT NULL,
  `nama_kelas` varchar(50) NOT NULL
) ENGINE=InnoDB DEFAULT CHARSET=latin1;

--
-- Dumping data untuk tabel `tb_siswa`
--

INSERT INTO `tb_siswa` (`id`, `nis`, `nisn`, `nama_siswa`, `jk`, `id_kelas`, `nama_kelas`) VALUES
(1, '14831', '0074242833', 'ADELA RAIHANNUM', 'P', 1, 'X AKL 1'),
(2, '14832', '0079393343', 'ADELIA PUTRI', 'P', 1, 'X AKL 1'),
(3, '14833', '0082047955', 'ADINDA FATIMAH PUTRI', 'P', 1, 'X AKL 1'),
(4, '14834', '0084313443', 'ADINDA JOVITA', 'P', 1, 'X AKL 1'),
(5, '14835', '0097698390', 'ADZRA ZIZI KIRANA', 'P', 1, 'X AKL 1'),
(6, '14836', '0085529737', 'AHMAD AKHDAN AR RIZKI', 'L', 1, 'X AKL 1'),
(7, '14837', '0085946333', 'AQILA PUTRI NABILA', 'P', 1, 'X AKL 1'),
(8, '14838', '0076265540', 'BUNGA MISSHELA OKTAVIANI', 'P', 1, 'X AKL 1'),
(9, '14839', '0076132265', 'CAHYA MAYANG SARI', 'P', 1, 'X AKL 1'),
(10, '14840', '0081737397', 'DIVA ABDI PRATAMA NEGARA', 'L', 1, 'X AKL 1'),
(11, '14841', '0082271831', 'DIVANNA ARCHITYAS', 'P', 1, 'X AKL 1'),
(12, '14842', '0086909859', 'DYLAN ALDIAT AZZAHRA', 'P', 1, 'X AKL 1'),
(13, '14843', '0082267102', 'EKA MAULIDYA PUTRI', 'P', 1, 'X AKL 1'),
(14, '14844', '0079604572', 'EKA RAHAYU SAPUTRI', 'P', 1, 'X AKL 1'),
(15, '14845', '0076301084', 'EKLESIA CHRISTIE', 'P', 1, 'X AKL 1'),
(16, '14846', '0086012304', 'FIRLY AULIA PUTRY', 'P', 1, 'X AKL 1'),
(17, '14847', '0094664645', 'FITRI', 'P', 1, 'X AKL 1'),
(18, '14848', '0085029712', 'GENDIS SEKAR TAJI', 'P', 1, 'X AKL 1'),
(19, '14849', '0087908793', 'JIHANE FAINISAH', 'P', 1, 'X AKL 1'),
(20, '14850', '0082865902', 'JUWITA', 'P', 1, 'X AKL 1'),
(21, '14851', '0084791091', 'KAILA MAHARANI', 'P', 1, 'X AKL 1'),
(22, '14852', '0089970028', 'KAYLA AZ ZAHRA', 'P', 1, 'X AKL 1'),
(23, '14853', '0089812414', 'MESSY ANGGUN SYABILA', 'P', 1, 'X AKL 1'),
(24, '14854', '0086301043', 'MEYSHA NIRWANI', 'P', 1, 'X AKL 1'),
(25, '14855', '0083740672', 'MUHAMAD DAFA KHADAFI', 'L', 1, 'X AKL 1'),
(26, '14856', '0088960177', 'MUHAMAD FAUZAN RAMADHAN', 'L', 1, 'X AKL 1'),
(27, '14857', '0076491850', 'MUHAMMAD AKBAR RIFA I', 'L', 1, 'X AKL 1'),
(28, '14858', '0087645791', 'MUHAMMAD FATHIR ROZI', 'L', 1, 'X AKL 1'),
(29, '14859', '0082356240', 'PUTRI VIANA FARIZI', 'P', 1, 'X AKL 1'),
(30, '14860', '0088790315', 'QONITA AZZAHRA', 'P', 1, 'X AKL 1'),
(31, '14861', '0088392115', 'R.A ANGGI NOVIYANI', 'P', 1, 'X AKL 1'),
(32, '14862', '3085870247', 'RABBANI FADLU RAHMAN', 'L', 1, 'X AKL 1'),
(33, '14863', '0078819154', 'VIRDHA YASMIN NURALIKA', 'P', 1, 'X AKL 1'),
(34, '14864', '0081033953', 'WINDA PRATIWI', 'P', 1, 'X AKL 1'),
(35, '14865', '0088230979', 'ZAHRA ANNURI ZAZKIA', 'P', 1, 'X AKL 1'),
(36, '14866', '0088372328', 'AHMAD BANGKIT SANTOSO', 'L', 2, 'X AKL 2'),
(37, '14867', '0085034903', 'AHMAD ZIDAN APRIAN', 'L', 2, 'X AKL 2'),
(38, '14868', '0086574686', 'AIDA FATHMALA DEWI', 'P', 2, 'X AKL 2'),
(39, '14869', '0086606189', 'AIDA HAYA KHADIYAH', 'P', 2, 'X AKL 2'),
(40, '14870', '0087460704', 'AINUN DHIA NABILA', 'P', 2, 'X AKL 2'),
(41, '14871', '0083433669', 'AINUN NADZWA', 'P', 2, 'X AKL 2'),
(42, '14872', '0073705099', 'CESY ARTA RAMADANI', 'P', 2, 'X AKL 2'),
(43, '14873', '0078014854', 'CHELSEA ANGGRAINI', 'P', 2, 'X AKL 2'),
(44, '14874', '0086112632', 'DAVI ABDI PRATAMA NEGARA', 'L', 2, 'X AKL 2'),
(45, '14875', '0085842613', 'DEA CAHYA PUTRI', 'P', 2, 'X AKL 2'),
(46, '14876', '0077106141', 'DELA SARI', 'P', 2, 'X AKL 2'),
(47, '14877', '0088442041', 'ELLA MARLENA', 'P', 2, 'X AKL 2'),
(48, '14878', '0087757937', 'ELLY MARLENI', 'P', 2, 'X AKL 2'),
(49, '14879', '0076248129', 'ERIKA WAHYU NINGSIH', 'P', 2, 'X AKL 2'),
(50, '14880', '0089880414', 'ERINA TRI AGUSTINA', 'P', 2, 'X AKL 2'),
(51, '14881', '0071697780', 'ISTIANA BULQIST RAYA', 'P', 2, 'X AKL 2'),
(52, '14882', '0081339648', 'JACINDA FREDELINA', 'P', 2, 'X AKL 2'),
(53, '14883', '0082138690', 'MARSYA ALYA WARDANI', 'P', 2, 'X AKL 2'),
(54, '14884', '0089947283', 'MELNI EKA UTAMI', 'P', 2, 'X AKL 2'),
(55, '14885', '0084274413', 'NADIA ANABITA FAWAZ', 'P', 2, 'X AKL 2'),
(56, '14886', '0078036153', 'NADIA ANDITA', 'P', 2, 'X AKL 2'),
(57, '14887', '0076411944', 'NAZWA AURELLIA', 'P', 2, 'X AKL 2'),
(58, '14888', '0075836128', 'NAZWA CHOIROTINNISA', 'P', 2, 'X AKL 2'),
(59, '14889', '0076783891', 'NABILAH RAMADHANI', 'P', 2, 'X AKL 2'),
(60, '14890', '0075015316', 'NUER MUETIA RAHMA', 'P', 2, 'X AKL 2'),
(61, '14891', '3079529164', 'REZA APTA SAHPUTRA', 'L', 2, 'X AKL 2'),
(62, '14892', '0083075801', 'RHAFLY ZAYDAN RAHAB', 'L', 2, 'X AKL 2'),
(63, '14893', '0084231050', 'RIMA DWI WAHYUNI', 'P', 2, 'X AKL 2'),
(64, '14894', '3083718863', 'RINGGO FAWWAZ GUMILANG', 'L', 2, 'X AKL 2'),
(65, '14895', '0078848255', 'SAFITRI SORAYA', 'P', 2, 'X AKL 2'),
(66, '14896', '0089520966', 'SABILA ADELIA PRATIWI', 'P', 2, 'X AKL 2'),
(67, '14897', '0087179893', 'TIARA REVA RAHMADHANI', 'P', 2, 'X AKL 2'),
(68, '14898', '0083915017', 'TIYAS MUFADIAH', 'P', 2, 'X AKL 2'),
(69, '14899', '0086405777', 'VALENTINA', 'P', 2, 'X AKL 2'),
(70, '14900', '0083413825', 'ZAHRA ARTA FIRLIZA', 'P', 2, 'X AKL 2'),
(71, '14901', '0082178793', 'ALMA NADA SABILA PAMBUDI', 'P', 3, 'X AKL 3'),
(72, '14902', '0084441979', 'ALMIRA KHAIRUNNISA', 'P', 3, 'X AKL 3'),
(73, '14903', '0088715451', 'AMANDA FITRAH', 'L', 3, 'X AKL 3'),
(74, '14904', '0074905558', 'ANANDA NUR RAMADHANI WIJAYATI', 'P', 3, 'X AKL 3'),
(75, '14905', '0087978350', 'ANGGI JIHANA', 'P', 3, 'X AKL 3'),
(76, '14906', '0078860454', 'ANNURI TASYA NABILA SAFITRI', 'P', 3, 'X AKL 3'),
(77, '14907', '0084833481', 'ARDIANSYAH', 'L', 3, 'X AKL 3'),
(78, '14908', '0072132984', 'BALQIS MALIHAH AZIZAH', 'P', 3, 'X AKL 3'),
(79, '14909', '0089264659', 'BELLA NATASYA', 'P', 3, 'X AKL 3'),
(80, '14910', '0083372461', 'CARISSA RANI ABDILLAH', 'P', 3, 'X AKL 3'),
(81, '14911', '3088480029', 'DIRA YOVITA', 'P', 3, 'X AKL 3'),
(82, '14912', '0095050826', 'DISTI AYU PUSPITA', 'P', 3, 'X AKL 3'),
(83, '14913', '0079075003', 'FATIMAH AZZAHRA', 'P', 3, 'X AKL 3'),
(84, '14914', '0098336292', 'FEBY AURORA MARSYA', 'P', 3, 'X AKL 3'),
(85, '14915', '3087995947', 'HAYANUN NISA', 'P', 3, 'X AKL 3'),
(86, '14916', '0086029106', 'INDRIANI', 'P', 3, 'X AKL 3'),
(87, '14917', '0086954493', 'INTANA PUTRI RUDI', 'P', 3, 'X AKL 3'),
(88, '14918', '3079344657', 'MUHAMMAD FAUZAN SALIM', 'L', 3, 'X AKL 3'),
(89, '14919', '0091840699', 'MUTIARA HIKMAH SUSENO PUTRI', 'P', 3, 'X AKL 3'),
(90, '14920', '0087857741', 'NABILA FAIROZA', 'P', 3, 'X AKL 3'),
(91, '14921', '0085968305', 'NICHOLAS SHINY CHEN', 'L', 3, 'X AKL 3'),
(92, '14922', '0087620809', 'RAFEYLAH MEYLANI', 'P', 3, 'X AKL 3'),
(93, '14923', '0082794111', 'RAFLI RAMADHAN EFFENDI', 'L', 3, 'X AKL 3'),
(94, '14924', '0082174178', 'RAISYA EKA AVRILYA', 'P', 3, 'X AKL 3'),
(95, '14925', '0088749819', 'RAISYA PUTRI SAHARA', 'P', 3, 'X AKL 3'),
(96, '14926', '0093958323', 'STEVI AMELIA ZEGA', 'P', 3, 'X AKL 3'),
(97, '14927', '0087863981', 'SULVA', 'P', 3, 'X AKL 3'),
(98, '14928', '0076358359', 'SYAIFIRA PUTRI', 'P', 3, 'X AKL 3'),
(99, '14929', '0087157971', 'SYAKIRA NAYLA ENGGRACYA', 'P', 3, 'X AKL 3'),
(100, '14930', '0084077706', 'SYIFA HIKMATUZ ZAHRA', 'P', 3, 'X AKL 3'),
(101, '14931', '0074800625', 'SYIFA SALSABILAH', 'P', 3, 'X AKL 3'),
(102, '14932', '0082289277', 'TASYA SALSABILA', 'P', 3, 'X AKL 3'),
(103, '14933', '0089494707', 'VIORENT NOVA LIVIA', 'P', 3, 'X AKL 3'),
(104, '14934', '0010213889', 'ZAHRA ASITTHA', 'P', 3, 'X AKL 3'),
(105, '14935', '3080188122', 'ZAHRA NUR HIDAYAH', 'P', 3, 'X AKL 3'),
(106, '14936', '0082291426', 'ARNETA ZOLA', 'P', 4, 'X AKL 4'),
(107, '14937', '0088663122', 'ASYA RAYA SAPUTRI', 'P', 4, 'X AKL 4'),
(108, '14938', '0089125876', 'ASYIFA KHAFIFATUL KHAIRIAH', 'P', 4, 'X AKL 4'),
(109, '14939', '0084981521', 'ATIFA ADE RAISA', 'P', 4, 'X AKL 4'),
(110, '14940', '0089899182', 'ATIKA AULIA', 'P', 4, 'X AKL 4'),
(111, '14941', '0087268404', 'ATIKA DWI MAHARANI', 'P', 4, 'X AKL 4'),
(112, '14942', '0086009911', 'BELA ANGGRAINI', 'P', 4, 'X AKL 4'),
(113, '14943', '0086579698', 'DEVANY KEYSHA ANDANI', 'P', 4, 'X AKL 4'),
(114, '14944', '0088192403', 'DIARA SELIA PUTRI', 'P', 4, 'X AKL 4'),
(115, '14945', '0087572840', 'EZRA AFADLI', 'L', 4, 'X AKL 4'),
(116, '14946', '0071974356', 'GHANIA IFRA FAUZIYA', 'P', 4, 'X AKL 4'),
(117, '14947', '0083300499', 'HAFIDZAH DWI ARYANI', 'P', 4, 'X AKL 4'),
(118, '14948', '0085533177', 'KEISHA ANJANI EKA PUTRI', 'P', 4, 'X AKL 4'),
(119, '14949', '0084656496', 'LENI NURAINI', 'P', 4, 'X AKL 4'),
(120, '14950', '0084987216', 'LIONY FIRDASARI DWI ASIH', 'P', 4, 'X AKL 4'),
(121, '14951', '0089939582', 'NADYA NOVA JUNAIDI', 'P', 4, 'X AKL 4'),
(122, '14952', '0084440018', 'NAILA ZANETA PUTRI', 'P', 4, 'X AKL 4'),
(123, '14953', '0087564620', 'NAJYA AULIA RAMADHANI', 'P', 4, 'X AKL 4'),
(124, '14954', '0085207283', 'NAYLA FUKAYNA ALBASALLAMAH', 'P', 4, 'X AKL 4'),
(125, '14955', '0084067917', 'NAYLA NESA AULIA', 'P', 4, 'X AKL 4'),
(126, '14956', '0082523666', 'REVA ANJANI', 'P', 4, 'X AKL 4'),
(127, '14957', '0084127813', 'REYFAN KURNIAWAN', 'L', 4, 'X AKL 4'),
(128, '14958', '0086931363', 'RIZKY JULIAN AKBAR', 'L', 4, 'X AKL 4'),
(129, '14959', '0083771774', 'SALOMO SANTOSO', 'L', 4, 'X AKL 4'),
(130, '14960', '0089745110', 'SALWA AZIZAH JULIANTI', 'P', 4, 'X AKL 4'),
(131, '14962', '0092277060', 'SELVI RAHMADANI', 'P', 4, 'X AKL 4'),
(132, '14963', '0089084199', 'SELY ATIKA SARI', 'P', 4, 'X AKL 4'),
(133, '14964', '0086073131', 'SEPTIA MAHARANI', 'P', 4, 'X AKL 4'),
(134, '14965', '0082131596', 'SHERLY BUNGA LESTARI', 'P', 4, 'X AKL 4'),
(135, '14966', '0072204303', 'THALITA AURRA', 'P', 4, 'X AKL 4'),
(136, '14967', '0088679139', 'THALITA OKTAVIANI', 'P', 4, 'X AKL 4'),
(137, '14968', '0089901239', 'VANI JENIA', 'P', 4, 'X AKL 4'),
(138, '14969', '-', 'VIKA DWI RIANTI', 'P', 4, 'X AKL 4'),
(139, '14970', '0088085331', 'ZIENOLA NURMAIKA AULIA', 'P', 4, 'X AKL 4'),
(140, '14971', '0073564157', 'AULIA NUR ASSYIFA', 'P', 5, 'X AKL 5'),
(141, '14972', '0086105451', 'AURA CHAMEELA QUEEN NANTHY', 'P', 5, 'X AKL 5'),
(142, '14973', '0096697733', 'AURA KASIH', 'P', 5, 'X AKL 5'),
(143, '14974', '0081920310', 'AUREL DINA FISABILLAH', 'P', 5, 'X AKL 5'),
(144, '14975', '0089122157', 'AYU DARAYANTI', 'P', 5, 'X AKL 5'),
(145, '14976', '0084507272', 'CARRISA AL GUNAWAN', 'P', 5, 'X AKL 5'),
(146, '14977', '0082347097', 'DILA RAHMAD HANI', 'P', 5, 'X AKL 5'),
(147, '14978', '0078637605', 'DINA AULIA', 'P', 5, 'X AKL 5'),
(148, '14979', '0084993139', 'DINDA DWI RAMADHANI', 'P', 5, 'X AKL 5'),
(149, '14980', '0076413433', 'FARAH ARISTA WATI', 'P', 5, 'X AKL 5'),
(150, '14981', '0085447372', 'FARHAN AHMAD FAUZAN', 'L', 5, 'X AKL 5'),
(151, '14982', '0088153651', 'HANDRY SOPHIAN', 'L', 5, 'X AKL 5'),
(152, '14983', '0085916546', 'HANUM NAYSA AL ZAHRA', 'P', 5, 'X AKL 5'),
(153, '14984', '0081493855', 'JELITA NURUL MAULIDA', 'P', 5, 'X AKL 5'),
(154, '14985', '0082178707', 'JENI GUSTI SANPUTRI', 'P', 5, 'X AKL 5'),
(155, '14986', '0082327501', 'LOLITA PUTRI ANJANI', 'P', 5, 'X AKL 5'),
(156, '14987', '0086578703', 'LUCKY APRILIA', 'P', 5, 'X AKL 5'),
(157, '14988', '0082339074', 'M. FAHRI NUR RAMADHAN', 'L', 5, 'X AKL 5'),
(158, '14989', '0086415235', 'M. IQBAL AL FATH', 'L', 5, 'X AKL 5'),
(159, '14990', '0079552562', 'MARCELL FADHILLAH ARYANTO', 'L', 5, 'X AKL 5'),
(160, '14991', '0083930881', 'NADIA FIRDAUSI AHLA', 'P', 5, 'X AKL 5'),
(161, '14992', '0086653136', 'NUR KOMALASARI', 'P', 5, 'X AKL 5'),
(162, '14993', '0089553327', 'OXA ALICIA', 'P', 5, 'X AKL 5'),
(163, '14994', '0089197657', 'PRIHANTORO NUGROHO', 'L', 5, 'X AKL 5'),
(164, '14995', '0062056701', 'REIGINA CLAUDIA REINHARD MAKS', 'P', 5, 'X AKL 5'),
(165, '14996', '0089415816', 'RESTI DWI GUSTIANA', 'P', 5, 'X AKL 5'),
(166, '14997', '0089858122', 'SHIREN OKTAVIA', 'P', 5, 'X AKL 5'),
(167, '14998', '0081401101', 'SILVIA HAYATUNNAQA', 'P', 5, 'X AKL 5'),
(168, '14999', '0076060406', 'SINTA PUTRI AULIA', 'P', 5, 'X AKL 5'),
(169, '15000', '0083946292', 'SISCA AYU LESTARI', 'P', 5, 'X AKL 5'),
(170, '15001', '0082339546', 'SITI NUR KHOLIFAH', 'P', 5, 'X AKL 5'),
(171, '15002', '0079751978', 'TIARA AGUSTIN', 'P', 5, 'X AKL 5'),
(172, '15003', '0073367834', 'TIARA DWI CALISTA', 'P', 5, 'X AKL 5'),
(173, '15004', '3064178118', 'ZAVIRA AZWA ARIFAH', 'P', 5, 'X AKL 5'),
(174, '15005', '3099769952', 'AINI SITI MARCELA', 'P', 6, 'X MPLB'),
(175, '15006', '0081135570', 'ANGGUN NABILA PUTRI', 'P', 6, 'X MPLB'),
(176, '15007', '0073978312', 'AULIA ROSMALADEWI', 'P', 6, 'X MPLB'),
(177, '15008', '0078473268', 'BUNGA VIOLETTA VIVIAN MUSTOFA', 'P', 6, 'X MPLB'),
(178, '15009', '0083583585', 'CEYSA NURAZIZAH', 'P', 6, 'X MPLB'),
(179, '15010', '0091184165', 'CHCA INDAH PURNAMA', 'P', 6, 'X MPLB'),
(180, '15011', '0086937789', 'CHESSA CAHAYA PUTRI', 'P', 6, 'X MPLB'),
(181, '15012', '0083552120', 'CITRA ANGGRAINI', 'P', 6, 'X MPLB'),
(182, '15013', '0085103173', 'DIVA ANJELITA VARIZAL', 'P', 6, 'X MPLB'),
(183, '15014', '0085838457', 'DYNASTI RAMADHAN', 'P', 6, 'X MPLB'),
(184, '15015', '0088992230', 'ESA', 'P', 6, 'X MPLB'),
(185, '15016', '0084581891', 'FEBBY AZ-ZAHRA', 'P', 6, 'X MPLB'),
(186, '15017', '0081807623', 'FEBY AULIA PUTRI', 'P', 6, 'X MPLB'),
(187, '15018', '0079422733', 'FELIZA AZ-ZAHRA PITOYO', 'P', 6, 'X MPLB'),
(188, '15019', '0072238596', 'GITA AURA KASIH', 'P', 6, 'X MPLB'),
(189, '15020', '0083256077', 'HIZRA ALMADINA', 'P', 6, 'X MPLB'),
(190, '15021', '0081555156', 'INTAN HOTMA ULI SAGALA', 'P', 6, 'X MPLB'),
(191, '15022', '0082493891', 'JIHAN FAKHILAH', 'P', 6, 'X MPLB'),
(192, '15023', '0084091770', 'KEISHA MEAZZALUNA WISESA', 'P', 6, 'X MPLB'),
(193, '15024', '0082945398', 'KIREY DIMECCA', 'P', 6, 'X MPLB'),
(194, '15025', '0079539869', 'MALIKA AAQILAH HIDAYAT', 'P', 6, 'X MPLB'),
(195, '15026', '0088018169', 'NADIA MAY RITA', 'P', 6, 'X MPLB'),
(196, '15027', '0089802539', 'NASYA RIZKY AULIA', 'P', 6, 'X MPLB'),
(197, '15028', '0078008488', 'NAYCHILLA CHRISTOVELA', 'P', 6, 'X MPLB'),
(198, '15029', '0085318119', 'NENGSIH', 'P', 6, 'X MPLB'),
(199, '15030', '0085997753', 'NILUH AYU LESTARI', 'P', 6, 'X MPLB'),
(200, '15031', '0083899056', 'NUR AFNI FADILA', 'P', 6, 'X MPLB'),
(201, '15032', '0084953006', 'OKTAVIANI', 'P', 6, 'X MPLB'),
(202, '15033', '0073002998', 'PARISYA SHAFA INAYAH', 'P', 6, 'X MPLB'),
(203, '15034', '0079133514', 'RAHMA AULIA PUTRI', 'P', 6, 'X MPLB'),
(204, '15035', '0088153176', 'RANATA DERANIE', 'P', 6, 'X MPLB'),
(205, '15036', '0089096125', 'SALSABILA CHELSEA SURYANTO', 'P', 6, 'X MPLB'),
(206, '15037', '0074304360', 'SHAVA NUR NADYA', 'P', 6, 'X MPLB'),
(207, '15038', '0076829589', 'SITI SAMSIAH', 'P', 6, 'X MPLB'),
(208, '15039', '0084534898', 'TRI LESTARI', 'P', 6, 'X MPLB'),
(209, '15040', '0082580255', 'ABIYU MAHESWARI', 'P', 7, 'X Pem 1'),
(210, '15041', '0074397166', 'ADEL AMELIA', 'P', 7, 'X Pem 1'),
(211, '15042', '0074198341', 'ADEVA CAHYA AULIA', 'P', 7, 'X Pem 1'),
(212, '15043', '0084400260', 'ADRIAN MAULANA', 'L', 7, 'X Pem 1'),
(213, '15044', '3087966243', 'AFRINZA YURISA', 'P', 7, 'X Pem 1'),
(214, '15045', '0076753627', 'AHMAD YUSUF OKTAVIANDA', 'L', 7, 'X Pem 1'),
(215, '15046', '0081390852', 'AISKA VIRANA', 'P', 7, 'X Pem 1'),
(216, '14215', '0079954869', 'ANKY WIJAYA', 'L', 7, 'X Pem 1'),
(217, '15047', '0084653107', 'BELA WULANDARI', 'P', 7, 'X Pem 1'),
(218, '15048', '0083297136', 'CEISA NINGRA AZ ZAHRA', 'P', 7, 'X Pem 1'),
(219, '15049', '0093657007', 'CELSI OKTASARI', 'P', 7, 'X Pem 1'),
(220, '15050', '0083072464', 'CHEALSE DWI LESTARI', 'P', 7, 'X Pem 1'),
(221, '15051', '0083441513', 'CITRA ARVIANI', 'P', 7, 'X Pem 1'),
(222, '15052', '0065823078', 'DEDE AULIA', 'P', 7, 'X Pem 1'),
(223, '15053', '0077312564', 'DESTIYANI', 'P', 7, 'X Pem 1'),
(224, '15054', '0081840242', 'ENGGAR AURIO PRATAMA', 'L', 7, 'X Pem 1'),
(225, '15055', '0075088855', 'GRESS AMANDA', 'P', 7, 'X Pem 1'),
(226, '15056', '0083702316', 'HANIFAH ZAEU ZIAH', 'P', 7, 'X Pem 1'),
(227, '15057', '0079435530', 'IKRIMAH ALIYA SABIHA', 'P', 7, 'X Pem 1'),
(228, '15058', '0089302472', 'JIHAD TIRTA ARMANDO', 'L', 7, 'X Pem 1'),
(229, '15059', '0085410487', 'KEISHA APRILIA', 'P', 7, 'X Pem 1'),
(230, '15060', '0087982224', 'KHOIRUNNISA', 'P', 7, 'X Pem 1'),
(231, '15061', '3089175164', 'M. FADLAN RIFA RAMADHAN', 'L', 7, 'X Pem 1'),
(232, '15062', '0082488214', 'M. RAFLI AKBAR', 'L', 7, 'X Pem 1'),
(233, '15063', '0086570457', 'M. REVALDI', 'L', 7, 'X Pem 1'),
(234, '15064', '0071053623', 'MALA KARTIKA SARI', 'P', 7, 'X Pem 1'),
(235, '15065', '0086607265', 'NAJMI NUR FAUZA', 'P', 7, 'X Pem 1'),
(236, '15066', '0085687421', 'PRATAMA PUTRA ALJUAN', 'L', 7, 'X Pem 1'),
(237, '15067', '0098198804', 'RINI DWI LESTARI', 'P', 7, 'X Pem 1'),
(238, '15068', '0065178673', 'RAHEL PUTRA PRATAMA', 'L', 7, 'X Pem 1'),
(239, '15069', '3086680825', 'RAIHAN AFDAL DWI KURNIAWAN', 'L', 7, 'X Pem 1'),
(240, '15070', '0081361332', 'RARA CINDAY CHAIRUSKY', 'P', 7, 'X Pem 1'),
(241, '15071', '0083317800', 'REGINA SAKILA ALIA F', 'P', 7, 'X Pem 1'),
(242, '15072', '0081652402', 'SUNDYA BESTA', 'P', 7, 'X Pem 1'),
(243, '15073', '0083230521', 'VANIETA SARI', 'P', 7, 'X Pem 1'),
(244, '15074', '0084538123', 'ALMIRA HASTI NURJANAH', 'P', 8, 'X Pem 2'),
(245, '15075', '0074128891', 'ALVITA KHAIRUNNISA', 'P', 8, 'X Pem 2'),
(246, '15076', '0092785402', 'ANDIKA WIJAYA PRATAMA', 'L', 8, 'X Lem 2'),
(247, '15077', '0088680522', 'ANISA APRILIA HAIRUDIN', 'P', 8, 'X Pem 2'),
(248, '15078', '0088551642', 'ANISA MUTIARA', 'P', 8, 'X Pem 2'),
(249, '15079', '0086154539', 'ARUM KESUMA DEWI', 'P', 8, 'X Pem 2'),
(250, '15080', '0098146282', 'AULIA DIAN NURLITA', 'P', 8, 'X Pem 2'),
(251, '15081', '0081977514', 'AURA HANA TASYA', 'P', 8, 'X Pem 2'),
(252, '15082', '0082638007', 'AYU LIYAN SAFITRI', 'P', 8, 'X Pem 2'),
(253, '15083', '0089482340', 'BAHIRA FIRYAL', 'P', 8, 'X Pem 2'),
(254, '15084', '0078903892', 'DENDI IRAWAN', 'L', 8, 'X Lem 2'),
(255, '15085', '0074865071', 'DWI AGUNG ADITAMA', 'L', 8, 'X Lem 2'),
(256, '15086', '0079860020', 'DINA JULIAN SAPUTRI', 'P', 8, 'X Pem 2'),
(257, '15087', '0075217938', 'HAYDEN HERNANDEZ', 'L', 8, 'X Lem 2'),
(258, '15088', '0081860004', 'HELEN PRATAMA', 'L', 8, 'X Lem 2'),
(259, '15089', '0073651649', 'IDA BAGUS MAHRONI', 'L', 8, 'X Lem 2'),
(260, '15090', '0081052049', 'MAYANG SAHKILA PUTRI', 'P', 8, 'X Pem 2'),
(261, '15091', '0084825704', 'MELLIYA SILVI ANGGRAINI', 'P', 8, 'X Pem 2'),
(262, '15092', '0086076039', 'MIFTA TANIA', 'P', 8, 'X Pem 2'),
(263, '15093', '0079304589', 'MITA ROHMADIANA', 'P', 8, 'X Pem 2'),
(264, '15094', '0064178616', 'MUHAMMAD SALMAN ALFARIZI', 'L', 8, 'X Lem 2'),
(265, '15095', '0078655427', 'MULIANA SAID', 'P', 8, 'X Pem 2'),
(266, '15096', '0083746176', 'NADIA ARETHA SALSABILA', 'P', 8, 'X Pem 2'),
(267, '15097', '0084336328', 'RADITIYA', 'L', 8, 'X Lem 2'),
(268, '15098', '0084781590', 'SELLY CECILIKA', 'P', 8, 'X Pem 2'),
(269, '15099', '0086745038', 'SELSI MAULIDYAH', 'P', 8, 'X Pem 2'),
(270, '15100', '0084079646', 'SEPTA LIANA PUTRI RAMADHANI', 'P', 8, 'X Pem 2'),
(271, '15101', '0083636662', 'SHITA DWI ARYANI', 'P', 8, 'X Pem 2'),
(272, '15102', '0088988465', 'SITI NUR HARDIANTI', 'P', 8, 'X Pem 2'),
(273, '15103', '0086442219', 'SITI SAROFAH ALDA WIYAH', 'P', 8, 'X Pem 2'),
(274, '15104', '0074883885', 'SYAHDAN ANDIANSYAH', 'L', 8, 'X Lem 2'),
(275, '15105', '0072457755', 'VEGA REDIASA', 'P', 8, 'X Pem 2'),
(276, '15106', '0071589806', 'ZAHARA SALSABILA', 'P', 8, 'X Pem 2'),
(277, '15351', '0074812281', 'ABEL SAVITA', 'P', 9, 'X ULP 1'),
(278, '15352', '0077094819', 'ADINDA NAZWA CAHYANI', 'P', 9, 'X ULP 1'),
(279, '15353', '0086776587', 'ADITYA AZ-AHRA', 'P', 9, 'X ULP 1'),
(280, '15354', '0076815016', 'AJI DIKA PRATAMA', 'L', 9, 'X ULL 1'),
(281, '15355', '0088886147', 'CLARA DIANKA GUSTIANA', 'P', 9, 'X ULP 1'),
(282, '15356', '0089545925', 'DESVITA MAHARANI ADWAR', 'P', 9, 'X ULP 1'),
(283, '15357', '0081609729', 'DEWA PUTU SUKANATA', 'L', 9, 'X ULL 1'),
(284, '15358', '0089321811', 'DWI NURFAIZAH', 'P', 9, 'X ULP 1'),
(285, '15359', '0084077288', 'ERDA TEA AULIA', 'P', 9, 'X ULP 1'),
(286, '15360', '0087722640', 'FEBRIANSYAH', 'L', 9, 'X ULL 1'),
(287, '15361', '0069935151', 'FHAREL', 'L', 9, 'X ULL 1'),
(288, '15362', '0083173803', 'GEA AULIA', 'P', 9, 'X ULP 1'),
(289, '15363', '0082920245', 'GIERBY AGUSTIN', 'P', 9, 'X ULP 1'),
(290, '15364', '0071662849', 'HAIDAR FATIH HANIF', 'L', 9, 'X ULL 1'),
(291, '15365', '0084814479', 'ISTIQOMAH', 'P', 9, 'X ULP 1'),
(292, '15366', '0089733354', 'KEISYA HAIRUNISA RAEMAWASTY', 'P', 9, 'X ULP 1'),
(293, '15367', '0075810777', 'KHAIRUNNISA FATHIRIZQI ALFAHMI', 'P', 9, 'X ULP 1'),
(294, '15368', '0081918403', 'KHARISMA', 'P', 9, 'X ULP 1'),
(295, '15369', '3085355225', 'KHOFIFATU NISA', 'P', 9, 'X ULP 1'),
(296, '15370', '0086864337', 'KIRANIA PRATIWI', 'P', 9, 'X ULP 1'),
(297, '15371', '0071200525', 'LAILA MAQTUM SABAT', 'P', 9, 'X ULP 1'),
(298, '15372', '0081636383', 'M. RIZKY PRATAMA SYAHPUTRA', 'L', 9, 'X ULL 1'),
(299, '15373', '0081783649', 'M.DZIKRAKA HIDAYATOLLAH', 'L', 9, 'X ULL 1'),
(300, '15374', '0083689985', 'MIFTHAKHUL JANAH', 'P', 9, 'X ULP 1'),
(301, '15375', '0085416809', 'MUHAMAD DZUKI CHANDRA', 'L', 9, 'X ULL 1'),
(302, '15376', '0085664977', 'MUHAMMAD AL FACHRIZZI', 'L', 9, 'X ULL 1'),
(303, '15377', '0082981382', 'MUHAMMAD FADLY', 'L', 9, 'X ULL 1'),
(304, '15378', '0088147037', 'RAFA ELVIRA RAHMADANI LUBIS', 'P', 9, 'X ULP 1'),
(305, '15379', '0088586811', 'SHERLINA AULIA SAVIRA', 'P', 9, 'X ULP 1'),
(306, '15380', '0086976939', 'SHERLY DIA RAHMADHANI', 'P', 9, 'X ULP 1'),
(307, '15381', '0088918444', 'SHINTA BELLA', 'P', 9, 'X ULP 1'),
(308, '15382', '0081810409', 'TIARA FITRIANI', 'P', 9, 'X ULP 1'),
(309, '15383', '0071081288', 'WIDYA DESLA PUTRI', 'P', 9, 'X ULP 1'),
(310, '15384', '0083020118', 'YUSFITA MAURA', 'P', 9, 'X ULP 1'),
(311, '15385', '0089065488', 'ALYA SAFIRA', 'P', 10, 'X ULP 2'),
(312, '15386', '0076934505', 'APRILIA SHIFA AZ ZAHRA', 'P', 10, 'X ULP 2'),
(313, '15387', '0086168755', 'CAMELIA', 'P', 10, 'X ULP 2'),
(314, '15388', '0072980441', 'FAIRUZ KHALISA', 'P', 10, 'X ULP 2'),
(315, '15389', '0088802049', 'FAISAL FALAUDIN MUSARIF', 'L', 10, 'X ULL 2'),
(316, '15390', '0086912475', 'FANY AULIA', 'P', 10, 'X ULP 2'),
(317, '15391', '0091496944', 'JELITA YOLANSYAH', 'P', 10, 'X ULP 2'),
(318, '15392', '0086817380', 'JUWITA RAHAYU NINGSIH', 'P', 10, 'X ULP 2'),
(319, '15393', '0078996572', 'KEISHA NINDIRA', 'P', 10, 'X ULP 2'),
(320, '15394', '0081693298', 'LAURA ADELLIA SAPUTRI', 'P', 10, 'X ULP 2'),
(321, '15395', '0085661795', 'M. ABIE RISQI RAMADHAN', 'L', 10, 'X ULL 2'),
(322, '15396', '0081863754', 'M. REVAN FEBRIYAN', 'L', 10, 'X ULL 2'),
(323, '15397', '0079731636', 'MUHAMMAD ICHSAN FIRDAUS', 'L', 10, 'X ULL 2'),
(324, '15398', '0089954043', 'MUHAMMAD RIZKI', 'L', 10, 'X ULL 2'),
(325, '15399', '0084609386', 'MUHAMMAD RIZKI WAHYUDI', 'L', 10, 'X ULL 2'),
(326, '15400', '0081909090', 'MUTIARA KAYLA AMANDA', 'P', 10, 'X ULP 2'),
(327, '15401', '0085607936', 'MUTIARA SANDRA', 'P', 10, 'X ULP 2'),
(328, '15402', '0078700279', 'NABILA PUTRI WIJAYA', 'P', 10, 'X ULP 2'),
(329, '15403', '0091619310', 'NISSA AULIA ZHARFAN', 'P', 10, 'X ULP 2'),
(330, '15404', '0088991117', 'NOVITA ANJANI', 'P', 10, 'X ULP 2'),
(331, '15405', '0091351133', 'PEBYA PUTRI TITIAN VANESA', 'P', 10, 'X ULP 2'),
(332, '15406', '0086757583', 'PINCA AISYA PUTRI LESTARI', 'P', 10, 'X ULP 2'),
(333, '15407', '0081590385', 'PRIANKA YENITA', 'P', 10, 'X ULP 2'),
(334, '15408', '0083426255', 'QURROTUL AINI', 'P', 10, 'X ULP 2'),
(335, '15409', '0078087359', 'RIFA LICA SEPTIA', 'P', 10, 'X ULP 2'),
(336, '15410', '0084594649', 'RINDI ANI', 'P', 10, 'X ULP 2'),
(337, '15411', '0077465396', 'RIO BA\'ADILLA', 'L', 10, 'X ULL 2'),
(338, '15412', '0074059426', 'RIRIN FITRIYANI', 'P', 10, 'X ULP 2'),
(339, '15413', '0068701051', 'RIZKI ADITYA', 'L', 10, 'X ULL 2'),
(340, '15414', '0087070504', 'SAKA ANTAR NUSA', 'L', 10, 'X ULL 2'),
(341, '15415', '0086823885', 'SENA NURAINI', 'P', 10, 'X ULP 2'),
(342, '15416', '0085364367', 'SHALY APRILIA SUNDY', 'P', 10, 'X ULP 2'),
(343, '15417', '0082054001', 'SHAREEFA RAUDHATUL JANNAH', 'P', 10, 'X ULP 2'),
(344, '15418', '0082553739', 'ZAKIA SAFITHRI', 'P', 10, 'X ULP 2'),
(345, '15107', '0086546944', 'ABY SAPUTRA', 'L', 11, 'X TJKT 1'),
(346, '15108', '0082572680', 'ACHMAD DINEJAD', 'L', 11, 'X TJKT 1'),
(347, '15109', '0085456015', 'ADEVITA ANWARRI', 'P', 11, 'X TJKT 1'),
(348, '15110', '3077768075', 'AKBAR DESTARA', 'L', 11, 'X TJKT 1'),
(349, '15111', '0077268248', 'BAGUS PRABOWO PRATAMA', 'L', 11, 'X TJKT 1'),
(350, '15112', '0082244783', 'BERNARDUS DEVA PRATAMA', 'L', 11, 'X TJKT 1'),
(351, '15113', '0087493239', 'CHRISTIN NATALIA LUMBAN GAOL', 'P', 11, 'X TJKT 1'),
(352, '15114', '0085141287', 'DION AL FAQIH', 'L', 11, 'X TJKT 1'),
(353, '15115', '0089857427', 'ERLAN WIDIANSAH', 'L', 11, 'X TJKT 1'),
(354, '15116', '0082073206', 'FARIZ MUHAMMAD', 'L', 11, 'X TJKT 1'),
(355, '15117', '0088934030', 'FIRMAN IRAWAN', 'L', 11, 'X TJKT 1'),
(356, '15118', '0072688805', 'JESIKA ANATASYA', 'P', 11, 'X TJKT 1'),
(357, '15119', '0072571873', 'KEVIN MEDY ANGKASA', 'L', 11, 'X TJKT 1'),
(358, '15120', '0087011521', 'M NUR FALAH FERDIYANSAH', 'L', 11, 'X TJKT 1'),
(359, '15121', '0083506104', 'M. BREE WIRA BUMI', 'L', 11, 'X TJKT 1'),
(360, '15122', '0086488386', 'M. HADI', 'L', 11, 'X TJKT 1'),
(361, '15124', '0073713914', 'M. NAUVAL DZAKY RAMADHAN', 'L', 11, 'X TJKT 1'),
(362, '15125', '0083056142', 'M. RIZIQ AKBAR HIDAYATULLAH', 'L', 11, 'X TJKT 1'),
(363, '15126', '0071923304', 'M.PIKRI ARDIANSYAH', 'L', 11, 'X TJKT 1'),
(364, '15127', '0083069290', 'MAHSYA NURUL A\'INI', 'P', 11, 'X TJKT 1'),
(365, '15128', '0087299757', 'MARISSA PUTRI', 'P', 11, 'X TJKT 1'),
(366, '15129', '0072367914', 'MAULANA SHAHIB', 'L', 11, 'X TJKT 1'),
(367, '15130', '0086532909', 'MEKA RAMADHHAN', 'L', 11, 'X TJKT 1'),
(368, '15131', '0089349119', 'PUTRI LULU NIKAYLA BR. NAINGGOLAN', 'P', 11, 'X TJKT 1'),
(369, '15132', '3093977032', 'RAFA KHOIRUL AZAM', 'L', 11, 'X TJKT 1'),
(370, '15133', '0081568032', 'RAFFA FATIHAH WIDATAMA', 'L', 11, 'X TJKT 1'),
(371, '15134', '0086381195', 'RAFFI ARKANANTA LINKARO', 'L', 11, 'X TJKT 1'),
(372, '15135', '0074128481', 'RAFHI PRANATA', 'L', 11, 'X TJKT 1'),
(373, '15136', '0094859509', 'RAFI MAULANA', 'L', 11, 'X TJKT 1'),
(374, '15137', '0087319359', 'RAIHAN DAFFI SYAHPUTRA', 'L', 11, 'X TJKT 1'),
(375, '15138', '0081373711', 'SHIFA AULIA PUTRI', 'P', 11, 'X TJKT 1'),
(376, '15139', '0083583227', 'VARREL ADITHYA GUNAWAN', 'L', 11, 'X TJKT 1'),
(377, '15140', '0071899533', 'VIRGI DESTRIANO', 'L', 11, 'X TJKT 1'),
(378, '15141', '0088533078', 'ZULAYKA CARISSA PUTRI', 'P', 11, 'X TJKT 1'),
(379, '15142', '0086375801', 'AL FAHRI PRADITA', 'L', 12, 'X TJKT 2'),
(380, '15143', '0083439550', 'ALDO ARMANDA PRAYOGI', 'L', 12, 'X TJKT 2'),
(381, '15144', '0088692203', 'ALFAHRI RASYA RAMADHAN', 'L', 12, 'X TJKT 2'),
(382, '15145', '0089941564', 'ANDIKA MAULANA', 'L', 12, 'X TJKT 2'),
(383, '15146', '0079080528', 'BILLY DZIBAN PANJAITAN', 'L', 12, 'X TJKT 2'),
(384, '15147', '0083614295', 'BIMO HAKIM RAMADAN', 'L', 12, 'X TJKT 2'),
(385, '15148', '0086184529', 'CIKO RENATA ARAGON', 'L', 12, 'X TJKT 2'),
(386, '15149', '0074515244', 'DEVIN ABIYYIYOLAN', 'L', 12, 'X TJKT 2'),
(387, '15150', '0087638462', 'ELISIYA AINUN ABSOK', 'P', 12, 'X TJKT 2'),
(388, '15151', '0082238447', 'ELSA RAHMA', 'P', 12, 'X TJKT 2'),
(389, '15152', '0078736548', 'GUS TAUFIK HIDAYAT', 'L', 12, 'X TJKT 2'),
(390, '15153', '3088745270', 'HABIBURRAHMAN', 'L', 12, 'X TJKT 2'),
(391, '15154', '0087289616', 'KRESNATA IBRAHIM', 'L', 12, 'X TJKT 2'),
(392, '15155', '0085123407', 'LUDI RIZQI JULIAN', 'L', 12, 'X TJKT 2'),
(393, '15156', '0084173379', 'MUHAMAD ABYAN SATRIO', 'L', 12, 'X TJKT 2'),
(394, '15157', '0078010335', 'MUHAMAD AGUSTIANSYAH', 'L', 12, 'X TJKT 2'),
(395, '15158', '0075950033', 'MUHAMAD FARHAN NAWAWI', 'L', 12, 'X TJKT 2'),
(396, '15159', '0081485693', 'MUHAMAD IHSAN MAULANA', 'L', 12, 'X TJKT 2'),
(397, '15160', '0084531749', 'MUHAMAD PASYA SETIAWAN', 'L', 12, 'X TJKT 2'),
(398, '15161', '3089132591', 'MUHAMMAD AL FARIZI', 'L', 12, 'X TJKT 2'),
(399, '15162', '0089361469', 'MUHAMMAD AZRIEL SAPUTRA', 'L', 12, 'X TJKT 2'),
(400, '15163', '0087371782', 'MUHAMMAD DENTI NUR YAFI', 'L', 12, 'X TJKT 2'),
(401, '15164', '0088149652', 'MUHAMMAD FAHRY FADHILAH EFFENDI', 'L', 12, 'X TJKT 2'),
(402, '15165', '0073086940', 'NAUFAL ADITYA NURRAHMAN', 'L', 12, 'X TJKT 2'),
(403, '15166', '0089418494', 'PRAMOEDYA NAWAWI', 'L', 12, 'X TJKT 2'),
(404, '15167', '0088072186', 'RAIHAN FADLURRAHMAN ASSYAMSU', 'L', 12, 'X TJKT 2'),
(405, '15168', '0087730116', 'RAIHANAH SHAFIQAH', 'P', 12, 'X TJKT 2'),
(406, '15169', '0082358511', 'RAKHA ARKANANTA RAZZAQ', 'L', 12, 'X TJKT 2'),
(407, '15170', '0078138579', 'RAMZI ZAIN', 'L', 12, 'X TJKT 2'),
(408, '15171', '0089582195', 'REHAN PRAMANA SETIAWAN', 'L', 12, 'X TJKT 2'),
(409, '15172', '0088960788', 'RESTU ANUGRAH', 'L', 12, 'X TJKT 2'),
(410, '15173', '0092378993', 'SYALSHABILA MEIKA FARRELIA', 'P', 12, 'X TJKT 2'),
(411, '15174', '0088167538', 'VANIA ARISTA WIDYA', 'P', 12, 'X TJKT 2'),
(412, '15175', '0087357726', 'VICKI RIALDO KURNIAWAN', 'L', 12, 'X TJKT 2'),
(413, '15176', '0088517751', 'ZESIKA LAURA', 'P', 12, 'X TJKT 2'),
(414, '15177', '0082184488', 'ARKA PANDU RESPATI', 'L', 13, 'X TJKT 3'),
(415, '15178', '0082821627', 'ATHA ABIYYU RAYAKA', 'L', 13, 'X TJKT 3'),
(416, '15179', '0084185054', 'ATHA ZAKI KURNIAWAN', 'L', 13, 'X TJKT 3'),
(417, '15180', '0082922637', 'AUFA AQILA', 'P', 13, 'X TJKT 3'),
(418, '15181', '0089038953', 'BINTANG ILHAM SURYANT', 'L', 13, 'X TJKT 3'),
(419, '15182', '0088207492', 'CANTIKA NURUL RAMADHANI', 'P', 13, 'X TJKT 3'),
(420, '15183', '0072963098', 'DIAN', 'L', 13, 'X TJKT 3'),
(421, '15184', '0073065647', 'FAHRI APRILIAN', 'L', 13, 'X TJKT 3'),
(422, '15185', '0082219769', 'FAIRUZ FASYA ZULWAN', 'L', 13, 'X TJKT 3'),
(423, '15186', '0089556270', 'FALIKH ANAMUL AUFA', 'L', 13, 'X TJKT 3'),
(424, '15187', '0082372697', 'FAREL ALPA REZA', 'L', 13, 'X TJKT 3'),
(425, '15188', '0075828677', 'ILHAM RIVO SAPUTRA', 'L', 13, 'X TJKT 3'),
(426, '15189', '0087317444', 'IQBAL RIZKY MUBAROH', 'L', 13, 'X TJKT 3'),
(427, '15190', '0085699310', 'KIRANA MARCELA', 'P', 13, 'X TJKT 3'),
(428, '15191', '0083986542', 'MUHAMMAD FAJRIL SYAHPUTRA', 'L', 13, 'X TJKT 3'),
(429, '15192', '0081156472', 'MUHAMMAD FICKRAM RIDHO ALTAMIS', 'L', 13, 'X TJKT 3'),
(430, '15193', '0083752047', 'MUHAMMAD GILANG RAMADHAN', 'L', 13, 'X TJKT 3'),
(431, '15194', '0079080502', 'MUHAMMAD IQBAL ABDULLAH', 'L', 13, 'X TJKT 3'),
(432, '15195', '0086343168', 'MUHAMMAD RAVA FATAHILLAH', 'L', 13, 'X TJKT 3'),
(433, '15196', '0089205578', 'MUHAMMAD ROYHAN PRATAMA', 'L', 13, 'X TJKT 3'),
(434, '15197', '0084891648', 'MUHAMMAD TEGAR IRAWAN', 'L', 13, 'X TJKT 3'),
(435, '15198', '0076459947', 'MUHAMMAD ZAKI ZAINI', 'L', 13, 'X TJKT 3'),
(436, '15199', '0084551812', 'MUHAMMAT ARYA PRATAMA', 'L', 13, 'X TJKT 3'),
(437, '15200', '0081649225', 'M. HAFIZ KUSWIRA HADI', 'L', 13, 'X TJKT 3'),
(438, '15201', '0087499900', 'NAILA TALITA SALSABILA', 'P', 13, 'X TJKT 3'),
(439, '15202', '0092668862', 'RICO ROMADAN', 'L', 13, 'X TJKT 3'),
(440, '15203', '0083530846', 'RIVA PRATAMA', 'L', 13, 'X TJKT 3'),
(441, '15204', '0082972838', 'RIZKY MAULANA HASAN', 'L', 13, 'X TJKT 3'),
(442, '15205', '0084429781', 'SASKIA SABILLA', 'P', 13, 'X TJKT 3'),
(443, '15206', '0080417016', 'SETIAWATI', 'P', 13, 'X TJKT 3'),
(444, '15207', '0086705567', 'SYAFI MAHDI ANANTA', 'L', 13, 'X TJKT 3'),
(445, '15208', '3088464611', 'SYAHRIFAT FITRA AL FAJRI', 'L', 13, 'X TJKT 3'),
(446, '15209', '0084977324', 'SULTAN MAULANA', 'L', 13, 'X TJKT 3'),
(447, '15210', '0088569341', 'SULTAN RAZWA AL FATHAR', 'L', 13, 'X TJKT 3'),
(448, '15211', '0088712381', 'WERE FADHIL ADINEGORO', 'L', 13, 'X TJKT 3'),
(449, '15212', '0083161463', 'ZALVA OLLIVIA STEVANIE', 'P', 13, 'X TJKT 3'),
(450, '15281', '0087055240', 'ABRAHAM DARUS NUR RAMADHAN', 'L', 14, 'X DKV 1'),
(451, '15282', '3084556804', 'ACHMAD KHABI SYAFRULLOH', 'L', 14, 'X DKV 1'),
(452, '15283', '0083027487', 'ADEL AMELIA PUTRI', 'P', 14, 'X DKV 1'),
(453, '15284', '0087651134', 'AHMAD RADITYANSYAH', 'L', 14, 'X DKV 1'),
(454, '15285', '0088747004', 'AHMAD RAFA ALBANI', 'L', 14, 'X DKV 1'),
(455, '15286', '0084778681', 'AJENG SRI WAHYUNI', 'P', 14, 'X DKV 1'),
(456, '15287', '0089155568', 'AKHMAD RUSYDI PRABOWO', 'L', 14, 'X DKV 1'),
(457, '15288', '0087564234', 'AL HABSY FEBRIAN ARRIS', 'L', 14, 'X DKV 1'),
(458, '15289', '3050982862', 'BALQIS NADA AWLIYA', 'P', 14, 'X DKV 1'),
(459, '15290', '0086412035', 'BINTANG MEICHA PRATIKNO', 'P', 14, 'X DKV 1'),
(460, '15291', '0082460352', 'DAMAR MAHESYA PARITAMA', 'L', 14, 'X DKV 1'),
(461, '15292', '0076364407', 'DAVID REYNALDO', 'L', 14, 'X DKV 1'),
(462, '15293', '0076792410', 'DESTA AGIT PRAYOGA', 'L', 14, 'X DKV 1'),
(463, '15294', '0081396226', 'FATWA ALIKA PUTRI', 'P', 14, 'X DKV 1'),
(464, '15295', '0083079487', 'FEBRIAN', 'L', 14, 'X DKV 1'),
(465, '15296', '0087276717', 'IAN MANNERY', 'L', 14, 'X DKV 1'),
(466, '15297', '0076358251', 'INDRA AZIZULIANSYAH', 'L', 14, 'X DKV 1'),
(467, '15298', '0074767627', 'KINTAN GADING CEMPAKA', 'P', 14, 'X DKV 1'),
(468, '15299', '0084505437', 'KIRANIA OKTA', 'P', 14, 'X DKV 1'),
(469, '15300', '0081344605', 'KURNIA PUTRI', 'P', 14, 'X DKV 1'),
(470, '15301', '0082996674', 'LOVETA RIHADATUL AISY', 'P', 14, 'X DKV 1'),
(471, '15302', '0089145980', 'LUNA JYVASKYLA RIFANA', 'P', 14, 'X DKV 1'),
(472, '15303', '0074552722', 'M. AKMAL OKTOVINO RAMADHAN', 'L', 14, 'X DKV 1'),
(473, '15304', '0085986854', 'M. DAFFA AMRULLAH', 'L', 14, 'X DKV 1'),
(474, '15305', '0082802928', 'M. GUSTI RAMADHAN', 'L', 14, 'X DKV 1'),
(475, '15306', '0072205509', 'M. QINDY BAGAS DWIYAN', 'L', 14, 'X DKV 1'),
(476, '15307', '0061527330', 'PRASSINGGIH A', 'L', 14, 'X DKV 1'),
(477, '15308', '0086135788', 'PRIMA PRADANA', 'L', 14, 'X DKV 1'),
(478, '15309', '0081181526', 'RANIA KINANTI PUTRI SUSENO', 'P', 14, 'X DKV 1'),
(479, '15310', '0071379470', 'RASITA DEVI', 'P', 14, 'X DKV 1'),
(480, '15311', '0072769930', 'SOFIYYA FITRIANI', 'P', 14, 'X DKV 1'),
(481, '15312', '0081466459', 'SULTAN FARKAH PRIANTO', 'L', 14, 'X DKV 1'),
(482, '15313', '0087223171', 'TUBAGUS AFGHAN MAULANA', 'L', 14, 'X DKV 1'),
(483, '15314', '0082325894', 'WILIAN SYAH', 'L', 14, 'X DKV 1'),
(484, '15315', '0078404821', 'YENI MELINDA', 'P', 14, 'X DKV 1'),
(485, '15316', '0083692509', 'ALEXANDER AKBAR SUGIARTO', 'L', 15, 'X DKV 2'),
(486, '15317', '0083560006', 'ALIEF SHOLAHUDDIN AQSO', 'L', 15, 'X DKV 2'),
(487, '15318', '0088418297', 'ALLYSHA CAHAYA LIANDRA', 'P', 15, 'X DKV 2'),
(488, '15319', '0072931719', 'ANDINI UTAMI', 'P', 15, 'X DKV 2'),
(489, '15320', '0084749346', 'ANGGITA PUTRI CAHYANI', 'P', 15, 'X DKV 2'),
(490, '15321', '0086761883', 'ANNISA RAMADHANI', 'P', 15, 'X DKV 2'),
(491, '15322', '3073992998', 'ARDIANSYAH SAPUTRA', 'L', 15, 'X DKV 2'),
(492, '15323', '0085373214', 'ATAYA FIKRI RISQULLAH', 'L', 15, 'X DKV 2'),
(493, '15324', '0086560430', 'AYU SUCI AGUSTINA PUTRI', 'P', 15, 'X DKV 2'),
(494, '15325', '0085113173', 'BRYAN CHRISTOFER', 'L', 15, 'X DKV 2'),
(495, '15326', '0082254324', 'CHAIRUL FATHAN OCTARIO', 'L', 15, 'X DKV 2'),
(496, '15327', '0071652686', 'DINI JULIAN SAPUTRI', 'P', 15, 'X DKV 2'),
(497, '15328', '0088367037', 'FARAH AQEELA RAMADHANI', 'P', 15, 'X DKV 2'),
(498, '15329', '0082381308', 'FARAH AUFA DILLA', 'P', 15, 'X DKV 2'),
(499, '15330', '0076279262', 'INTAN FADILAH', 'P', 15, 'X DKV 2'),
(500, '15331', '0089968712', 'IPAN MAULANA', 'L', 15, 'X DKV 2'),
(501, '15332', '0085563523', 'KAYLA SALFA KIRANA', 'P', 15, 'X DKV 2'),
(502, '15333', '0085250533', 'KHANSA KHOIRUNNISA SALSABILA', 'P', 15, 'X DKV 2'),
(503, '15334', '3085279987', 'M.RIZKY HAFIZ MUSLIM', 'L', 15, 'X DKV 2'),
(504, '15335', '0086480627', 'MECHA NOVITA RAHMAN', 'P', 15, 'X DKV 2'),
(505, '15336', '0081167903', 'MUHAMMAD ALIEF PRAMDANNA', 'L', 15, 'X DKV 2'),
(506, '15337', '0067855067', 'MUHAMMAD FARIZ ANDRIYANTO', 'L', 15, 'X DKV 2'),
(507, '15338', '0083116297', 'MUHAMMAD FIQORODI', 'L', 15, 'X DKV 2'),
(508, '15339', '0079316307', 'MUHAMMAD HABIBI', 'L', 15, 'X DKV 2'),
(509, '15340', '0081029581', 'MUHAMMAD RIFANY', 'L', 15, 'X DKV 2'),
(510, '15341', '0082172475', 'MUHAMMAD SAGAF FATHAN ASSEGAF', 'L', 15, 'X DKV 2'),
(511, '15342', '0074747348', 'NESHYA ANGELIA PRATIWI', 'P', 15, 'X DKV 2'),
(512, '15343', '0083984152', 'RESTU AZZI PRATAMA', 'L', 15, 'X DKV 2'),
(513, '15344', '0088964210', 'REVITA PRISYA', 'P', 15, 'X DKV 2'),
(514, '15345', '0075911899', 'RINANDA INTAN FARICIA', 'P', 15, 'X DKV 2'),
(515, '15346', '0082683815', 'RIRIS KIRANA NAFIIS', 'P', 15, 'X DKV 2'),
(516, '15347', '3085786590', 'SHINTA NURRINKA PUTRI', 'P', 15, 'X DKV 2'),
(517, '15348', '0083801982', 'SILVA PAUZA', 'P', 15, 'X DKV 2'),
(518, '15349', '0081133700', 'SITI CHOLIDAH KINAYA', 'P', 15, 'X DKV 2'),
(519, '15350', '0085633267', 'YOHANA YOAN MESIA', 'P', 15, 'X DKV 2'),
(520, '15213', '0085227589', 'ADITYA MAHENDRA RAMADAN', 'L', 16, 'X PPLG 1'),
(521, '15214', '0081963952', 'AHMAD NURIL ADINATA RAMADHAN', 'L', 16, 'X PPLG 1'),
(522, '15215', '0085566785', 'AL KHAIDAR AKBAR', 'L', 16, 'X PPLG 1'),
(523, '15216', '0085925644', 'ANDIKA KURNIAWAN', 'L', 16, 'X PPLG 1'),
(524, '15217', '0088876912', 'BAGUS NAYOTTAMA', 'L', 16, 'X PPLG 1'),
(525, '15218', '0075990633', 'DWI AGUSTIN', 'P', 16, 'X PPPG 1'),
(526, '15219', '0094811016', 'DZIDANE DARWIN WIJAYA', 'L', 16, 'X PPLG 1'),
(527, '15220', '0084783561', 'ERIC FRANSLIE', 'L', 16, 'X PPLG 1'),
(528, '15221', '0081107639', 'FACHRY ADITIYA FIRMANSYAH', 'L', 16, 'X PPLG 1'),
(529, '15222', '3082527565', 'FADIL PUTRA SUSELO', 'L', 16, 'X PPLG 1'),
(530, '15223', '0081168694', 'FAHMI ILHAM JAYA', 'L', 16, 'X PPLG 1'),
(531, '15224', '0081128407', 'HAMDAN KURNIAWAN SEJATI', 'L', 16, 'X PPLG 1'),
(532, '15225', '0076243786', 'ILHAM ZHAVA PRATA UTAMA', 'L', 16, 'X PPLG 1'),
(533, '15226', '0073502315', 'INDRA IRAWAN', 'L', 16, 'X PPLG 1'),
(534, '15227', '0089517220', 'JULIAN SAPUTRA', 'L', 16, 'X PPLG 1'),
(535, '15228', '0079125171', 'JULIO ARDIKA P', 'L', 16, 'X PPLG 1'),
(536, '15229', '0081146586', 'M. FAKHRI DHIYAULHAQ', 'L', 16, 'X PPLG 1'),
(537, '15230', '0081038925', 'M. RAFII MAKARIM', 'L', 16, 'X PPLG 1'),
(538, '15231', '0082728816', 'M. RAYHAN KAMIL', 'L', 16, 'X PPLG 1'),
(539, '15232', '0085594531', 'M. YUGA RAMA SAPUTRA', 'L', 16, 'X PPLG 1'),
(540, '15233', '0073101610', 'MEISYA WULANDARI NASUTION', 'L', 16, 'X PPLG 1'),
(541, '15234', '0141999659', 'MORENO RADITYA KUSUMA', 'L', 16, 'X PPLG 1'),
(542, '15235', '0084173757', 'MUHAMAD RIZQI WIRANSYAH', 'L', 16, 'X PPLG 1'),
(543, '15236', '0085517246', 'MUHAMMAD BANGKIT SANJAYA', 'L', 16, 'X PPLG 1'),
(544, '15237', '0087023510', 'QUILA RENATA ATHALIE SUPOMO', 'P', 16, 'X PPPG 1'),
(545, '15238', '0073114385', 'RADO RAMADHAN', 'L', 16, 'X PPLG 1'),
(546, '15239', '0086400337', 'RAFADO JULYANO ZALIAN', 'L', 16, 'X PPLG 1'),
(547, '15240', '0089843686', 'RAFLI ARDANI', 'L', 16, 'X PPLG 1'),
(548, '15241', '0082208291', 'RIFALDO PUTRA PRATAMA', 'L', 16, 'X PPLG 1'),
(549, '15242', '0086649557', 'SEVINA ALYA CHOIRUNNISA', 'P', 16, 'X PPPG 1'),
(550, '15243', '0088022463', 'SULTAN HARAHARA', 'L', 16, 'X PPLG 1'),
(551, '15244', '0087155540', 'TIARA JUNI ZAHRA', 'P', 16, 'X PPPG 1'),
(552, '15245', '0063765453', 'VIERGIAWAN DELIE AYALA', 'L', 16, 'X PPLG 1'),
(553, '15246', '0081024098', 'VINCENT AURIGO OSNARD', 'L', 16, 'X PPLG 1'),
(554, '15247', '9878227261', 'ARIA JAYA KESUMA', 'L', 17, 'X PPLG 2'),
(555, '15248', '0085136084', 'ARVA RAMADHAN', 'L', 17, 'X PPLG 2'),
(556, '15249', '0088023221', 'ATA ZAYN PARVEZ', 'L', 17, 'X PPLG 2'),
(557, '15250', '0082935382', 'BAYU TIRTA ANUGRAH', 'L', 17, 'X PPLG 2'),
(558, '15251', '0089300101', 'BIMO PRASTYO', 'L', 17, 'X PPLG 2'),
(559, '15252', '0075376740', 'DAFFA APTA ARYAGUNA', 'L', 17, 'X PPLG 2'),
(560, '15253', '0073870569', 'DERAJATULLOH ANUGRAH SETIAWAN', 'L', 17, 'X PPLG 2'),
(561, '15254', '0082732277', 'ELBAROS PUTRA SALIM', 'L', 17, 'X PPLG 2'),
(562, '15255', '0088474701', 'ELITA CAHAYA MAHARANI', 'P', 17, 'X PPPG 2'),
(563, '15256', '0079534802', 'FARREL ZATAR RAMADHAN', 'L', 17, 'X PPLG 2'),
(564, '15257', '0075556850', 'FATIR REIFANDI', 'L', 17, 'X PPLG 2'),
(565, '15258', '0088468081', 'FATIR ULUMUDIN', 'L', 17, 'X PPLG 2'),
(566, '15259', '0086340709', 'FERDIANSYAH', 'L', 17, 'X PPLG 2'),
(567, '15260', '0076922449', 'GILANG SANTANG BASAE', 'L', 17, 'X PPLG 2'),
(568, '15261', '0086807862', 'HAFIDZ BAHTIAR', 'L', 17, 'X PPLG 2'),
(569, '15262', '0089146502', 'IRFAN RAFI', 'L', 17, 'X PPLG 2'),
(570, '15263', '0085300063', 'ISMI RAYA AULIA', 'P', 17, 'X PPPG 2'),
(571, '15264', '0089756498', 'JOY MARCELINO HUTABARAT', 'L', 17, 'X PPLG 2'),
(572, '15265', '0081807694', 'JULIAN LUEKY PATRIO', 'L', 17, 'X PPLG 2'),
(573, '15266', '0092824402', 'LOEVITA AZZAHRA', 'P', 17, 'X PPPG 2'),
(574, '15267', '0083882272', 'LUKMAN ADI SUTRISNO', 'L', 17, 'X PPLG 2'),
(575, '15268', '0081195406', 'MUHAMMAD FAIZ PUTRA DERIA', 'L', 17, 'X PPLG 2'),
(576, '15269', '0087782783', 'MUHAMMAD GIBRAN PRATAMA', 'L', 17, 'X PPLG 2'),
(577, '15270', '0081841973', 'MUHAMMAD REZA', 'L', 17, 'X PPLG 2'),
(578, '15271', '0082413552', 'MUHAMMAD RIDWAN', 'L', 17, 'X PPLG 2'),
(579, '15272', '0083126692', 'MUHAMMAD SUBHAN ZAKI', 'L', 17, 'X PPLG 2'),
(580, '15273', '0088007675', 'N TOH ANDHIKA TITAH JENDRA H R', 'L', 17, 'X PPLG 2'),
(581, '15274', '0075933474', 'PRAYOGI', 'L', 17, 'X PPLG 2'),
(582, '15275', '0078262456', 'RAKA SYALLI', 'L', 17, 'X PPLG 2'),
(583, '15276', '0089576571', 'RANGGA JAYA SAPUTRA', 'L', 17, 'X PPLG 2'),
(584, '15277', '0088111313', 'RAYTAMA ALDINO PUTRA', 'L', 17, 'X PPLG 2'),
(585, '15278', '0079304972', 'REVANSYAH', 'L', 17, 'X PPLG 2'),
(586, '15279', '0081542916', 'REZKY RIFQYADLI ANAHRI', 'L', 17, 'X PPLG 2'),
(587, '15280', '0089741942', 'WULAN SAFITRI', 'P', 17, 'X PPPG 2'),
(588, '15419', '0089153162', 'ARAFI ASLAM', 'L', 18, 'X PHT 1'),
(589, '15420', '0086753403', 'ADELIA', 'P', 18, 'X PHT 1'),
(590, '15421', '0085639923', 'ADELIA SYAFTIANI', 'P', 18, 'X PHT 1'),
(591, '15422', '0079216678', 'AGUSTINA', 'P', 18, 'X PHT 1'),
(592, '15423', '0074375664', 'ALENNA AMELIA', 'P', 18, 'X PHT 1'),
(593, '15424', '0086989187', 'AL-FATHAN', 'L', 18, 'X PHT 1'),
(594, '15425', '0009765434', 'CAHAYA RAMADHANI', 'P', 18, 'X PHT 1'),
(595, '15426', '0088685786', 'CANTIKA AZZAHRA', 'P', 18, 'X PHT 1'),
(596, '15427', '0088557880', 'DEDE M BAIM', 'L', 18, 'X PHT 1'),
(597, '15428', '0074607093', 'DINA SAFITRI', 'P', 18, 'X PHT 1'),
(598, '15429', '0088268360', 'EGA YUDISTIRA', 'L', 18, 'X PHT 1'),
(599, '15430', '0089094185', 'HERU WAHYUDI', 'L', 18, 'X PHT 1'),
(600, '15431', '0088671049', 'INTAN RAMADHANI', 'P', 18, 'X PHT 1'),
(601, '15432', '3076845554', 'JESIKA AMELIA', 'P', 18, 'X PHT 1'),
(602, '15433', '0077809598', 'LIBIA HANANTA FARAH SATI', 'P', 18, 'X PHT 1'),
(603, '15434', '0089532005', 'M. AGUNG FATAN', 'L', 18, 'X PHT 1'),
(604, '15435', '0083549406', 'M. RIDHO HAFIZD', 'L', 18, 'X PHT 1'),
(605, '15436', '0084985438', 'M. RIYADI SAPUTRA', 'L', 18, 'X PHT 1'),
(606, '15437', '0084539761', 'M.IRGI FAHREZI', 'L', 18, 'X PHT 1'),
(607, '15438', '0071016228', 'MELVIA ALEXANDRA', 'P', 18, 'X PHT 1'),
(608, '15439', '0083484858', 'NOVITA PUSPA PRATIWI', 'P', 18, 'X PHT 1'),
(609, '15440', '0071762255', 'NURDIANA', 'P', 18, 'X PHT 1'),
(610, '15441', '0057983030', 'NURJAMILAH', 'P', 18, 'X PHT 1'),
(611, '15442', '0078185760', 'NURUL WULANSARI', 'P', 18, 'X PHT 1'),
(612, '15443', '0071108189', 'OLIVIA MAULINA', 'P', 18, 'X PHT 1'),
(613, '15444', '3086699384', 'PUTRI TIARA ASTARI', 'P', 18, 'X PHT 1'),
(614, '15445', '0058653334', 'RANI', 'P', 18, 'X PHT 1'),
(615, '15446', '0071146600', 'REVAL APRIYANDI', 'L', 18, 'X PHT 1'),
(616, '15447', '0089516164', 'SYAFVANDA ANGGRAENI', 'P', 18, 'X PHT 1'),
(617, '15448', '0083293813', 'SYIFA KUMALA SARI', 'P', 18, 'X PHT 1'),
(618, '15449', '0089587517', 'TABINA ANANDA PUTRI', 'P', 18, 'X PHT 1'),
(619, '15450', '0086206849', 'TEGAR ARIEF WIBOWO', 'L', 18, 'X PHT 1'),
(620, '15451', '0087305183', 'THALITA  NATHA SYIFA', 'P', 18, 'X PHT 1'),
(621, '15452', '0088506019', 'VANIA CEHRIL CEHCAR RANI', 'P', 18, 'X PHT 1'),
(622, '15453', '0071876044', 'ZAHRA AZIRA TRYASTI', 'P', 18, 'X PHT 1'),
(623, '15454', '0084083619', 'ALIEF JULIYANTO SYAHPUTRA', 'L', 19, 'X PHT 2'),
(624, '15455', '0072775779', 'ALVIRA SALVA DILA', 'P', 19, 'X PHT 2'),
(625, '15456', '0084076294', 'ALYA MUGHBHITA CAESYARANI', 'P', 19, 'X PHT 2'),
(626, '15457', '0084663273', 'ANDIKA NOVRIA', 'L', 19, 'X PHT 2'),
(627, '15458', '0086900457', 'ANDINI AFNIE', 'P', 19, 'X PHT 2'),
(628, '15459', '0085543605', 'ANDRA TRI WARDANI', 'P', 19, 'X PHT 2'),
(629, '15460', '0085525910', 'ANGGI LISTIARI', 'P', 19, 'X PHT 2'),
(630, '15461', '3074557386', 'CHALITA DESTYANA PUTRI', 'P', 19, 'X PHT 2'),
(631, '15462', '0081171194', 'DANISH RADITYA IRAWAN', 'L', 19, 'X PHT 2'),
(632, '15463', '0073628525', 'EVA THEODORA SILALAHI', 'P', 19, 'X PHT 2'),
(633, '15464', '0085463578', 'FAHIRA JULIA VERONICA', 'P', 19, 'X PHT 2'),
(634, '15465', '0098801015', 'FAQIH ACHMAD RIDHA', 'L', 19, 'X PHT 2'),
(635, '15466', '0087593284', 'KHALISA SALSABILA', 'P', 19, 'X PHT 2'),
(636, '15467', '0083836690', 'LATIFA AUDHINA AZ ZAHRA', 'P', 19, 'X PHT 2'),
(637, '15468', '0086866958', 'MOZA NAYSILA', 'P', 19, 'X PHT 2'),
(638, '15469', '0076350728', 'MUHAMAD OKAN PRADITA', 'L', 19, 'X PHT 2'),
(639, '15470', '0083866480', 'MUHAMAD RIFA', 'L', 19, 'X PHT 2'),
(640, '15471', '0086513206', 'MUHAMMAD AL MUKHOROBIN', 'L', 19, 'X PHT 2'),
(641, '15472', '0089770003', 'MUHAMMAD DAFFA', 'L', 19, 'X PHT 2'),
(642, '15473', '0083676421', 'NAILA RAISYA PUTRI', 'P', 19, 'X PHT 2'),
(643, '15474', '0089548395', 'NAURA RAHMA IZZATI', 'P', 19, 'X PHT 2'),
(644, '15475', '0076729679', 'NAYLA PUSPITA', 'P', 19, 'X PHT 2'),
(645, '15476', '0087478898', 'NOVIA KARISA PUTRI DAMANIK', 'P', 19, 'X PHT 2'),
(646, '15477', '0089762296', 'NOVIA SUJA AIN', 'P', 19, 'X PHT 2'),
(647, '15478', '0084907810', 'REVELLA JESSICA', 'P', 19, 'X PHT 2'),
(648, '15479', '0078903869', 'REVI AMELIA', 'P', 19, 'X PHT 2'),
(649, '15480', '0082604709', 'REYFA LAURA HAKIM', 'P', 19, 'X PHT 2'),
(650, '15481', '0073788492', 'SHERLY ADINDA SARI', 'P', 19, 'X PHT 2'),
(651, '15482', '0073175025', 'SINTIA RAMADANI', 'P', 19, 'X PHT 2'),
(652, '15483', '0081521601', 'SITI HANIFAH', 'P', 19, 'X PHT 2'),
(653, '15484', '3086299088', 'SITI KHOIRUNNISA', 'P', 19, 'X PHT 2'),
(654, '15485', '0083415847', 'SITI NURHAZLINA SYARLITA', 'P', 19, 'X PHT 2'),
(655, '15486', '0082028174', 'ZASQIA AZ-ZAHRA PUTRI', 'P', 19, 'X PHT 2'),
(656, '15487', '0089766609', 'ZIDNI ILMAN NAFI\'A', 'L', 19, 'X PHT 2'),
(657, '15488', '0072801172', 'ZUBAIDAH', 'P', 19, 'X PHT 2'),
(658, '15489', '0086479290', 'ANNISA SABILA', 'P', 20, 'X PHT 3'),
(659, '15490', '0095993771', 'ARVIZA BERLIAN ASLAMSYAH', 'L', 20, 'X LHT 3'),
(660, '15491', '0087828391', 'AURA CINTA ANASTASYA', 'P', 20, 'X PHT 3'),
(661, '15492', '0095241157', 'AURA CITRA LESTARI', 'P', 20, 'X PHT 3'),
(662, '15493', '0085345156', 'AZIZAH FILZAHRA', 'P', 20, 'X PHT 3'),
(663, '15494', '0087192255', 'CHIKA NABILA PUTRI', 'P', 20, 'X PHT 3'),
(664, '15495', '0078508825', 'DAFFA ARDIYANSYAH', 'L', 20, 'X LHT 3'),
(665, '15496', '0085297859', 'DEA AULIA PERMATA SARI', 'P', 20, 'X PHT 3'),
(666, '15497', '0075768244', 'ELVA ADELIA PUTRI', 'P', 20, 'X PHT 3'),
(667, '15498', '0086073217', 'ERICA CHYNTIASARI', 'P', 20, 'X PHT 3'),
(668, '15499', '0086933060', 'FAREL TRI WIJAYA', 'L', 20, 'X LHT 3'),
(669, '15500', '0081134264', 'JESSICA YOLANDA', 'P', 20, 'X PHT 3'),
(670, '15501', '0088078031', 'JUNIARI PUTRA PRATAMA', 'L', 20, 'X LHT 3'),
(671, '15502', '3078902773', 'KAYLA SYAHLINA', 'P', 20, 'X PHT 3'),
(672, '15503', '0084813185', 'MUHAMMAD RAIHAN ADHA', 'L', 20, 'X LHT 3'),
(673, '15504', '0083192786', 'MULIA SASTIANA', 'P', 20, 'X PHT 3'),
(674, '15505', '0078217590', 'MUTIARA', 'P', 20, 'X PHT 3'),
(675, '15506', '0078098497', 'MUTYA MEIDY WANINDRI', 'P', 20, 'X PHT 3'),
(676, '15507', '0078301288', 'NADIA MAELANI', 'P', 20, 'X PHT 3'),
(677, '15508', '0078918018', 'NADYA AULIA PUTRI', 'P', 20, 'X PHT 3'),
(678, '15509', '0082917883', 'NAILA DESNITA', 'P', 20, 'X PHT 3'),
(679, '15510', '0087878720', 'RICKY ADITTYA PUTRA', 'L', 20, 'X LHT 3'),
(680, '15511', '0098310835', 'RIKA SEPTIANA RAMADHANI', 'P', 20, 'X PHT 3'),
(681, '15512', '0088839902', 'SA\'AZIZAH SHERLY', 'P', 20, 'X PHT 3'),
(682, '15513', '0082669546', 'SAKHA WIRATAMA', 'L', 20, 'X LHT 3'),
(683, '15514', '0086927532', 'SAKIRA FARHANI', 'P', 20, 'X PHT 3'),
(684, '15515', '0089168181', 'SALSABILLA NADYA SARANDIFA', 'P', 20, 'X PHT 3'),
(685, '15516', '0082190943', 'SALVA AULIA', 'P', 20, 'X PHT 3'),
(686, '15517', '0082581024', 'SELA ANDINI', 'P', 20, 'X PHT 3'),
(687, '15518', '0082941287', 'SEPTI RAHMADANI', 'P', 20, 'X PHT 3'),
(688, '15519', '0084267250', 'SHELLA SANIA', 'P', 20, 'X PHT 3'),
(689, '15520', '0094584556', 'SOLEHA SAFINATUN NAJAH', 'P', 20, 'X PHT 3'),
(690, '15521', '0089297930', 'SUCI RAMADANI', 'P', 20, 'X PHT 3'),
(691, '15522', '0077406167', 'VICA ANDINA', 'P', 20, 'X PHT 3'),
(692, '15523', '0086704817', 'WINDA RAMADHANI', 'P', 20, 'X PHT 3'),
(693, '15524', '3077249886', 'ADELIA RAMADHANI', 'P', 21, 'X Kul 1'),
(694, '15525', '0074481631', 'AJIZAH', 'P', 21, 'X Kul 1'),
(695, '15526', '0084142123', 'ALDA ATRESIYA', 'P', 21, 'X Kul 1'),
(696, '15527', '0085422113', 'ALYA MEISYA WAHYUDI', 'P', 21, 'X Kul 1'),
(697, '15528', '0078338691', 'AMBARWATI', 'P', 21, 'X Kul 1'),
(698, '15529', '0071502961', 'ANISA ASHARI', 'P', 21, 'X Kul 1'),
(699, '15530', '0087494439', 'BUNGA CITRA AULIA', 'P', 21, 'X Kul 1'),
(700, '15531', '0073395716', 'CAHAYA DAVILIA', 'P', 21, 'X Kul 1'),
(701, '15532', '0082530954', 'CHANTIKA APRILIYA', 'P', 21, 'X Kul 1'),
(702, '15533', '0084686052', 'DESKA KURNIA SAHDA', 'P', 21, 'X Kul 1'),
(703, '15534', '0084945716', 'EVIS CAHYANI', 'P', 21, 'X Kul 1'),
(704, '15535', '0088947330', 'FAZRI FIRNANDO ALFARIS', 'L', 21, 'X Kul 1'),
(705, '15537', '0078113727', 'LUH DE PRIYANI SILAWATI', 'P', 21, 'X Kul 1'),
(706, '15538', '0089254532', 'M. IQBAL MUNDHOFA', 'L', 21, 'X Kul 1'),
(707, '15539', '0076855672', 'M.RAFA AQILA ZANZABIL', 'L', 21, 'X Kul 1'),
(708, '15540', '0081133533', 'NAJLA JULIATEMA', 'P', 21, 'X Kul 1'),
(709, '15541', '0087625750', 'NAZRAN TAJUSA WAHONO', 'L', 21, 'X Kul 1'),
(710, '15542', '0085479515', 'NORY SATIASIH PINAYUN', 'P', 21, 'X Kul 1'),
(711, '15543', '3067782983', 'NOVIA AZ-ZAHRA', 'P', 21, 'X Kul 1'),
(712, '15544', '0088294789', 'PUTRI AULYA', 'P', 21, 'X Kul 1'),
(713, '15545', '0087475884', 'RISMAWATI FEBRIYANI', 'P', 21, 'X Kul 1'),
(714, '15546', '0085477749', 'RIZKIKHA QURRANI', 'P', 21, 'X Kul 1'),
(715, '15547', '0082216190', 'SAKINAH TUSSAIDAH', 'P', 21, 'X Kul 1'),
(716, '15548', '0072329255', 'SARASWATI', 'P', 21, 'X Kul 1'),
(717, '15549', '0089444934', 'SHABRINA ARUM RAMADANI', 'P', 21, 'X Kul 1'),
(718, '15550', '0086713820', 'SHABRINA ZAHRAA IRAWAN', 'P', 21, 'X Kul 1'),
(719, '15551', '0086489198', 'SHAFA MAULIDA AZ-ZAHRA', 'P', 21, 'X Kul 1'),
(720, '15552', '0092522365', 'SHEILA NATHANIELA', 'P', 21, 'X Kul 1'),
(721, '15553', '0079814346', 'SITI ZAHROTUNNISA', 'P', 21, 'X Kul 1'),
(722, '15554', '0071446563', 'SRI AYU ANGGREINI', 'P', 21, 'X Kul 1'),
(723, '15555', '0086873774', 'VANNYA REGITHA CAHYANI', 'P', 21, 'X Kul 1'),
(724, '15556', '0052920935', 'WANDA FEBRIYANTI', 'P', 21, 'X Kul 1');
INSERT INTO `tb_siswa` (`id`, `nis`, `nisn`, `nama_siswa`, `jk`, `id_kelas`, `nama_kelas`) VALUES
(725, '15557', '0085975965', 'ZAHRA RAHMADHINI', 'P', 21, 'X Kul 1'),
(726, '15558', '0071732760', 'ZAZILA QURANI', 'P', 21, 'X Kul 1'),
(727, '15559', '0082985675', 'ANISA ESTIARANI', 'P', 22, 'X Kul 2'),
(728, '15560', '0086510073', 'AQILA ZAFIRA PRIADI', 'P', 22, 'X Kul 2'),
(729, '15561', '0087986150', 'ARIN ZAILA AGAM', 'P', 22, 'X Kul 2'),
(730, '15562', '0089484948', 'A\'SYIFA NURISLAMI', 'P', 22, 'X Kul 2'),
(731, '15563', '0073804408', 'ASYIFA PUTRI DESYANTI', 'P', 22, 'X Kul 2'),
(732, '15564', '0081479073', 'AULIA RAMADANI', 'P', 22, 'X Kul 2'),
(733, '15565', '0082266138', 'AUREL PUTRI ANDINI', 'P', 22, 'X Kul 2'),
(734, '15566', '0073685047', 'AURELLIA SYAIKHAH PUTRI', 'P', 22, 'X Kul 2'),
(735, '15567', '0086996169', 'AZIRA MIRANDA PUTRI', 'P', 22, 'X Kul 2'),
(736, '15568', '0084509116', 'CHIKA AZZAHRA', 'P', 22, 'X Kul 2'),
(737, '15569', '0084581447', 'CINTA AULIA SAPUTRI', 'P', 22, 'X Kul 2'),
(738, '15570', '0085031339', 'CITRA AGUSTIANA', 'P', 22, 'X Kul 2'),
(739, '15571', '0085533252', 'DAFFA ARYA PUTRA', 'L', 22, 'X Kul 2'),
(740, '15572', '3060270266', 'FINA DESNIATI', 'P', 22, 'X Kul 2'),
(741, '15573', '0082747144', 'IVANDER DZAKI MULYANA', 'L', 22, 'X Kul 2'),
(742, '15574', '0087891038', 'KARINA AMANDA SUSENO', 'P', 22, 'X Kul 2'),
(743, '15575', '0085741256', 'KEYSA CLARISTA AZ-ZAHRA', 'P', 22, 'X Kul 2'),
(744, '15576', '0083209577', 'KHANZA ANAILA', 'P', 22, 'X Kul 2'),
(745, '15577', '0085507199', 'LERIZKA QAHUZA', 'P', 22, 'X Kul 2'),
(746, '15578', '0086176299', 'MAWAR AYU LESTARI', 'P', 22, 'X Kul 2'),
(747, '15579', '0085258860', 'MEY LIZA PUTRI MAHARANI', 'P', 22, 'X Kul 2'),
(748, '15580', '0088501166', 'MEYLIEN AURIA ROSTA', 'P', 22, 'X Kul 2'),
(749, '15581', '0085720713', 'MILA SULISTIAWATI', 'P', 22, 'X Kul 2'),
(750, '15582', '0086558515', 'MUTIARA GADIS YULINDRA IRAWAN', 'P', 22, 'X Kul 2'),
(751, '15583', '0082098185', 'NABILA RAMADHANI', 'P', 22, 'X Kul 2'),
(752, '15584', '0081690035', 'NADINE AURA CANTIKA', 'P', 22, 'X Kul 2'),
(753, '15585', '0078775921', 'NADIRA APRILIA', 'P', 22, 'X Kul 2'),
(754, '15586', '0082529698', 'PUTRI DYAH AYU RAMADHANI', 'P', 22, 'X Kul 2'),
(755, '15587', '0083641995', 'PUTRI PURNAMA SARI', 'P', 22, 'X Kul 2'),
(756, '15588', '0089494912', 'RAFIQA PUTRI MUSYAFFA', 'P', 22, 'X Kul 2'),
(757, '15589', '0087836203', 'REGINA SALSAH BILLA', 'P', 22, 'X Kul 2'),
(758, '15590', '0086694060', 'REVA YANA', 'P', 22, 'X Kul 2'),
(759, '15591', '0093301682', 'RISKA AYU FEBRIYANI', 'P', 22, 'X Kul 2'),
(760, '15592', '0077087183', 'SUCI OCTAVIA RAMADHANI', 'P', 22, 'X Kul 2'),
(761, '15593', '0074777783', 'TAZNIA SITI GUMAYSHA', 'P', 22, 'X Kul 2'),
(762, '15594', '0081737108', 'ADELIA NUR SHAHLILA', 'P', 23, 'X Bus 1'),
(763, '15595', '0085574447', 'ADETYA BALQIS', 'P', 23, 'X Bus 1'),
(764, '15596', '0089018528', 'AISYAH NINDIA SHIFA AURELLIA', 'P', 23, 'X Bus 1'),
(765, '15597', '0076098052', 'AJENG SEPTIANI PUTRI ZA.', 'P', 23, 'X Bus 1'),
(766, '15598', '0075691135', 'ALIYAH KHAIRIYAH', 'P', 23, 'X Bus 1'),
(767, '15599', '0082585407', 'ALMA DANIA AZ-ZAHRA', 'P', 23, 'X Bus 1'),
(768, '15600', '0088158574', 'AMELIA ARFAN', 'P', 23, 'X Bus 1'),
(769, '15601', '0094930687', 'BELA ARYANTI', 'P', 23, 'X Bus 1'),
(770, '15602', '0083109186', 'CANI PUTRI SUMAJA', 'P', 23, 'X Bus 1'),
(771, '15603', '0084469086', 'DIVA AULIA LESTARI', 'P', 23, 'X Bus 1'),
(772, '15604', '3065381896', 'DONA OCTAFIA', 'P', 23, 'X Bus 1'),
(773, '15605', '0095962893', 'ENTU SYAMSIAH', 'P', 23, 'X Bus 1'),
(774, '15606', '0076748336', 'FADILAH', 'P', 23, 'X Bus 1'),
(775, '15607', '0088658915', 'INTAN PURNAMA SARI', 'P', 23, 'X Bus 1'),
(776, '15608', '0076264162', 'JIHAN AULIA SARI', 'P', 23, 'X Bus 1'),
(777, '15609', '0087348706', 'JUWITA CITRA LESTARI', 'P', 23, 'X Bus 1'),
(778, '15610', '0093162688', 'NUR HASANAH', 'P', 23, 'X Bus 1'),
(779, '15611', '0081903127', 'NUR MEELIN CANTIKA', 'P', 23, 'X Bus 1'),
(780, '15612', '0084585711', 'NURUL AINI', 'P', 23, 'X Bus 1'),
(781, '15613', '0078315097', 'RAHMAWANTI SAFITRI', 'P', 23, 'X Bus 1'),
(782, '15614', '0084001404', 'RASTI ARMALIA', 'P', 23, 'X Bus 1'),
(783, '15615', '0089040470', 'RATNA SEPTIA RAMADHANI', 'P', 23, 'X Bus 1'),
(784, '15616', '0073775433', 'RESTU ADI SAPUTRA', 'L', 23, 'X Bus 1'),
(785, '15617', '0083750755', 'RIZKI LANGGENG NAFIAH', 'P', 23, 'X Bus 1'),
(786, '15618', '0087735603', 'SAPITRI', 'P', 23, 'X Bus 1'),
(787, '15619', '0082471159', 'SHINTA NUR\'ADNI', 'P', 23, 'X Bus 1'),
(788, '15620', '0087015060', 'SHIREEN ZASKIA FEBIOLA', 'P', 23, 'X Bus 1'),
(789, '15621', '0089070698', 'SHOPIA', 'P', 23, 'X Bus 1'),
(790, '15622', '0071248782', 'SITI NURHALIMAH', 'P', 23, 'X Bus 1'),
(791, '15623', '0082746011', 'SUCI AULIA', 'P', 23, 'X Bus 1'),
(792, '15624', '0084591112', 'WIDIA MAHARANI', 'P', 23, 'X Bus 1'),
(793, '15625', '0007271664', 'ZAHRA CHIKA OKTAVIANI', 'P', 23, 'X Bus 1'),
(794, '15626', '0085330532', 'ZAHRA SALSABILA', 'P', 23, 'X Bus 1'),
(795, '15627', '0082341400', 'AMELIA PUTRI', 'P', 24, 'X Bus 2'),
(796, '15628', '0099489990', 'ANDRIAN TANJUNG', 'L', 24, 'X Bus 2'),
(797, '15629', '0082141109', 'AQUENZA KANAYA SETIYAWAN', 'P', 24, 'X Bus 2'),
(798, '15630', '3069178465', 'ARINI RAHMAYANTI', 'P', 24, 'X Bus 2'),
(799, '15631', '0088950752', 'ARTALITA', 'P', 24, 'X Bus 2'),
(800, '15632', '0089705312', 'ASSIFA SALSABILLA', 'P', 24, 'X Bus 2'),
(801, '15633', '0084716843', 'AURA ADELIA PUTRI', 'P', 24, 'X Bus 2'),
(802, '15634', '3089076348', 'AYU AZAHRA', 'P', 24, 'X Bus 2'),
(803, '15635', '0076578202', 'CANYA KESYA AZ ZAHRA', 'P', 24, 'X Bus 2'),
(804, '15637', '0082650228', 'DANA HARTA MARA', 'L', 24, 'X Bus 2'),
(805, '15638', '0083030651', 'DESTIANA SANDRIA', 'P', 24, 'X Bus 2'),
(806, '15639', '0078520479', 'DESVITA PUTRI', 'P', 24, 'X Bus 2'),
(807, '15640', '0083742551', 'DINDA MAYLA CATURIYANTI', 'P', 24, 'X Bus 2'),
(808, '15641', '0077235131', 'FLOWERENSIA HAPPY PRASETYO SIMAMORA', 'P', 24, 'X Bus 2'),
(809, '15642', '0074338515', 'GESYA KAILA PUTRI', 'P', 24, 'X Bus 2'),
(810, '15643', '0072670335', 'GIVA AULIA WULANDARI', 'P', 24, 'X Bus 2'),
(811, '15644', '0089706523', 'HANI DWI HAPSARI', 'P', 24, 'X Bus 2'),
(812, '15645', '0095580514', 'INTAN ASYIFA', 'P', 24, 'X Bus 2'),
(813, '15646', '0074536508', 'MARISA JULIANA DEWI', 'P', 24, 'X Bus 2'),
(814, '15647', '0081616033', 'MAYA APRILIA RAHMAD', 'P', 24, 'X Bus 2'),
(815, '15648', '0088168249', 'MUNAWARSIH', 'P', 24, 'X Bus 2'),
(816, '15649', '0072290681', 'NABILLA AZZAHRA', 'P', 24, 'X Bus 2'),
(817, '15650', '0086603644', 'NADIA SALSABILA', 'P', 24, 'X Bus 2'),
(818, '15651', '0088331094', 'NADYA SAFIRA', 'P', 24, 'X Bus 2'),
(819, '15652', '0076447742', 'NAILA AZZAHRA', 'P', 24, 'X Bus 2'),
(820, '15653', '0079818038', 'NAULI RAHMAWATI PASARIBU', 'P', 24, 'X Bus 2'),
(821, '15654', '0095824555', 'NUR AZIZAH', 'P', 24, 'X Bus 2'),
(822, '15655', '0086859391', 'REVANI WAHYUNING TYAS', 'P', 24, 'X Bus 2'),
(823, '15656', '0085618101', 'RINTAN AL HAKIKI', 'P', 24, 'X Bus 2'),
(824, '15657', '0086500325', 'SABRINA TAZKYA NABILA', 'P', 24, 'X Bus 2'),
(825, '13957', '0071234610', 'CHELSEA AURA BUNGA RAMADIANTY', 'P', 25, 'XI AKL 1'),
(826, '13958', '3083589639', 'CIKAL VINSKY YUNANTA', 'P', 25, 'XI AKL 1'),
(827, '13959', '0075397058', 'CLARA AULIA', 'P', 25, 'XI AKL 1'),
(828, '13960', '0078292606', 'DEA ALIA FEBRIANTI', 'P', 25, 'XI AKL 1'),
(829, '13961', '0077574954', 'DEA RAMA DHANI', 'P', 25, 'XI AKL 1'),
(830, '13962', '0074545616', 'DEVI SYAFIRA NUR SAFITRI', 'P', 25, 'XI AKL 1'),
(831, '13963', '0067139851', 'DHEA AMELIA PERTIWI', 'P', 25, 'XI AKL 1'),
(832, '13964', '0059642096', 'DIANIS PUTRI AMELIA', 'P', 25, 'XI AKL 1'),
(833, '13965', '0073887521', 'FACHRULLY YANDANA', 'L', 25, 'XI AKL 1'),
(834, '13966', '0070135175', 'FADILA MAHADEWI', 'P', 25, 'XI AKL 1'),
(835, '13967', '0071289543', 'GUSTINUR WULANSIH ARUM PANGESTI', 'P', 25, 'XI AKL 1'),
(836, '13968', '0079644375', 'HIDAYATTULLOH', 'L', 25, 'XI AKL 1'),
(837, '13969', '0071848674', 'KELVIN ABDI HARTAWAN', 'L', 25, 'XI AKL 1'),
(838, '13970', '0074789729', 'KESYA KIRANIPRAMU EDITA', 'P', 25, 'XI AKL 1'),
(839, '13971', '0064000347', 'LUTFI PUSPITA', 'P', 25, 'XI AKL 1'),
(840, '13972', '3079811651', 'M. FADEL AL FAUZI', 'L', 25, 'XI AKL 1'),
(841, '13973', '0077978465', 'MARISSA MAULIDDIYA FAJELITA', 'P', 25, 'XI AKL 1'),
(842, '13974', '0066959396', 'MISNAILA', 'P', 25, 'XI AKL 1'),
(843, '13975', '0076819370', 'MUHAMAD ROMADONI', 'L', 25, 'XI AKL 1'),
(844, '13976', '0073014269', 'MUTIYARA APRILIA PUTRI', 'P', 25, 'XI AKL 1'),
(845, '13977', '0077106407', 'NADILA MAULIDYA', 'P', 25, 'XI AKL 1'),
(846, '13978', '0071162801', 'NANDA FIBELA', 'P', 25, 'XI AKL 1'),
(847, '13979', '0075724244', 'NIKEN VENA AS-SYIFA', 'P', 25, 'XI AKL 1'),
(848, '13980', '0078642669', 'PUTRI ANISA', 'P', 25, 'XI AKL 1'),
(849, '13981', '0064736948', 'RANIE DESPHIANA', 'P', 25, 'XI AKL 1'),
(850, '13982', '0076633721', 'REGITA MEYLANI PUTRI ASARIA', 'P', 25, 'XI AKL 1'),
(851, '13983', '0073529989', 'REVINA PUTRI', 'P', 25, 'XI AKL 1'),
(852, '13984', '0066787642', 'RISKI ANANDA PUTRI', 'P', 25, 'XI AKL 1'),
(853, '13985', '0073282262', 'ROWEN NATANAEL', 'L', 25, 'XI AKL 1'),
(854, '13986', '0073097455', 'SALWA RAMADHONA', 'P', 25, 'XI AKL 1'),
(855, '13987', '0074542901', 'SAYKA HANUM GHAISANI', 'P', 25, 'XI AKL 1'),
(856, '13988', '0072215500', 'SEKAR AYU NATASHA', 'P', 25, 'XI AKL 1'),
(857, '13989', '0046847569', 'TABINA CITTANURANI', 'P', 25, 'XI AKL 1'),
(858, '13990', '0083878568', 'THIO VANDY PUTRA GUNAWAN CHANDRA', 'L', 25, 'XI AKL 1'),
(859, '13991', '0065259204', 'WIDYA PURNAMA SARI', 'P', 25, 'XI AKL 1'),
(860, '13992', '0076599413', 'ZULFA NURULAINI', 'P', 25, 'XI AKL 1'),
(861, '13993', '0065449643', 'AMALIA DWI AHSANTI', 'P', 26, 'XI AKL 2'),
(862, '13994', '0072601188', 'AMANDA BILQIST ISMAIL', 'P', 26, 'XI AKL 2'),
(863, '13995', '0076550242', 'ANNISA JANITIA RAHMA', 'P', 26, 'XI AKL 2'),
(864, '13996', '0072800920', 'APRILIA AZAHRA MAHARANI', 'P', 26, 'XI AKL 2'),
(865, '13997', '0077753098', 'ARLI ZENI FAHIRA', 'P', 26, 'XI AKL 2'),
(866, '13998', '00712317080', 'ATIKA KHOIRUN NISA', 'P', 26, 'XI AKL 2'),
(867, '13999', '0088138864', 'ATTHALIA BILQIS', 'P', 26, 'XI AKL 2'),
(868, '14000', '0083683617', 'AULIA OKTAVIANI', 'P', 26, 'XI AKL 2'),
(869, '14001', '0074361742', 'AULYA AZZAHRA RIZKA RAMADHANI', 'P', 26, 'XI AKL 2'),
(870, '14002', '0063273079', 'AYU LIANDRI', 'P', 26, 'XI AKL 2'),
(871, '14003', '0089942696', 'AYU OKTA SARI', 'P', 26, 'XI AKL 2'),
(872, '14004', '0073933253', 'BUNGA LUBNA GHAITSA F', 'P', 26, 'XI AKL 2'),
(873, '14005', '0077183811', 'DHINIA CHALISTA', 'P', 26, 'XI AKL 2'),
(874, '14006', '0071258372', 'DINDA NOFIYANI', 'P', 26, 'XI AKL 2'),
(875, '14007', '0073632534', 'ELLITA RIZMAWATI', 'P', 26, 'XI AKL 2'),
(876, '14008', '0067590570', 'IHSAN ALHAMIDI', 'L', 26, 'XI AKL 2'),
(877, '14009', '0074956619', 'IKHTIARA AINI', 'P', 26, 'XI AKL 2'),
(878, '14010', '0055723413', 'JESIKA NATALIYA', 'P', 26, 'XI AKL 2'),
(879, '14011', '0075446529', 'JIHAN KARTIKA JAIRINI', 'P', 26, 'XI AKL 2'),
(880, '14012', '0074506437', 'JONATHAN HARYANTO', 'L', 26, 'XI AKL 2'),
(881, '14013', '0073448718', 'KEYZA DEFINA', 'P', 26, 'XI AKL 2'),
(882, '14014', '0073820357', 'KUSUMA NINGTYAS', 'P', 26, 'XI AKL 2'),
(883, '14015', '3073277218', 'LAILATUN NUFUS', 'L', 26, 'XI AKL 2'),
(884, '14016', '0077033220', 'M. AKMAL AL-FATAH', 'L', 26, 'XI AKL 2'),
(885, '14017', '0061888574', 'MARCEL RAMADANNI', 'L', 26, 'XI AKL 2'),
(886, '14019', '0075179320', 'MIFTAHUL JANNAH', 'P', 26, 'XI AKL 2'),
(887, '14020', '0089838915', 'MUHAMMAD RIFALDI SAPUTRA', 'L', 26, 'XI AKL 2'),
(888, '14021', '0079624790', 'NATAHSYA MURTADHO', 'P', 26, 'XI AKL 2'),
(889, '14022', '0071285621', 'NESSA KHOLIFATU ZAHROH', 'P', 26, 'XI AKL 2'),
(890, '14023', '0075672515', 'PUTRI NAYLA KARIMA', 'P', 26, 'XI AKL 2'),
(891, '14024', '0077238895', 'RIRIN KAILANI', 'P', 26, 'XI AKL 2'),
(892, '14025', '3068529577', 'ROSALIA AGUSTINA', 'P', 26, 'XI AKL 2'),
(893, '14026', '0089686013', 'SAFRINA CITRA DELLA', 'P', 26, 'XI AKL 2'),
(894, '14027', '0075309714', 'SELLY SECHILIA', 'P', 26, 'XI AKL 2'),
(895, '14826', '0072756310', 'VELIZA APRILIA PUTRI', 'P', 26, 'XI AKL 2'),
(896, '14028', '0084602498', 'ZARRIN NAFFA', 'P', 26, 'XI AKL 2'),
(897, '14029', '0088039159', 'ADELIA BALQIS', 'P', 27, 'XI AKL 3'),
(898, '14030', '0066226852', 'ADELIASEPTIANI', 'P', 27, 'XI AKL 3'),
(899, '14031', '0048102691', 'ADELINA SEPTIANA L TOBING', 'p', 27, 'XI AKL 3'),
(900, '14032', '0074358716', 'ADINDA PUTRI WAHYUNI', 'P', 27, 'XI AKL 3'),
(901, '14033', '0077198087', 'ARDHITA ADELIA ANANTA', 'P', 27, 'XI AKL 3'),
(902, '14034', '0074560079', 'AYUMI HALIMATUH HAZAWA', 'P', 27, 'XI AKL 3'),
(903, '14035', '0074206840', 'BUNGA SEPTI RAMADHANI', 'P', 27, 'XI AKL 3'),
(904, '14036', '0074536637', 'CAMELIA FAIRUNISA', 'P', 27, 'XI AKL 3'),
(905, '14037', '0071815723', 'CHARISSA PUTRI', 'P', 27, 'XI AKL 3'),
(906, '14038', '0077211387', 'CHINTYA PUTRI MAHARANI', 'P', 27, 'XI AKL 3'),
(907, '14039', '0068577584', 'DARA PUSPITA', 'P', 27, 'XI AKL 3'),
(908, '14040', '0068387424', 'DERA AYU NURSIAMI', 'P', 27, 'XI AKL 3'),
(909, '14041', '0067926342', 'DIMAS EKA SAPUTRA', 'L', 27, 'XI AKL 3'),
(910, '14042', '0074073356', 'DWIRIZTA AZIIZAH APRILYA', 'P', 27, 'XI AKL 3'),
(911, '14043', '0075858708', 'FACHRIE MAULANA HAMID', 'L', 27, 'XI AKL 3'),
(912, '14044', '0061506099', 'FAMELA AN-UMILAH', 'P', 27, 'XI AKL 3'),
(913, '14045', '0061704584', 'FITRI RAMADANI', 'P', 27, 'XI AKL 3'),
(914, '14046', '0073299494', 'HALIKA LIANA PUTRI', 'P', 27, 'XI AKL 3'),
(915, '14047', '0076650084', 'HANNA NAILA ACINTYA', 'P', 27, 'XI AKL 3'),
(916, '14048', '0077617298', 'JASON EFRADO', 'L', 27, 'XI AKL 3'),
(917, '14049', '0073961803', 'JENI APRILIYANI', 'P', 27, 'XI AKL 3'),
(918, '14050', '0077333269', 'KHADIJAH', 'P', 27, 'XI AKL 3'),
(919, '14051', '0078388959', 'M. KURNIAWAN', 'L', 27, 'XI AKL 3'),
(920, '14052', '0071113304', 'MOCHAMAD ALVIN FANANI', 'L', 27, 'XI AKL 3'),
(921, '14053', '0089818490', 'MUHAMMAD FIGO KHADAVI', 'L', 27, 'XI AKL 3'),
(922, '14054', '0073134256', 'NUR ATIKAH', 'P', 27, 'XI AKL 3'),
(923, '14055', '0078330113', 'PUTRI AYU NAIFA', 'P', 27, 'XI AKL 3'),
(924, '14056', '0076000467', 'PUTRI OKTAVIANA', 'P', 27, 'XI AKL 3'),
(925, '14057', '0072836445', 'RATU KUMALA ROKHIMA', 'P', 27, 'XI AKL 3'),
(926, '14058', '0064958002', 'REVANITA MAHARANI', 'P', 27, 'XI AKL 3'),
(927, '14059', '0067924681', 'RIZKIA RAMADHANI', 'P', 27, 'XI AKL 3'),
(928, '14060', '0072309034', 'SITI SUKESIH', 'P', 27, 'XI AKL 3'),
(929, '14061', '0063536242', 'SUCI MAULIA', 'P', 27, 'XI AKL 3'),
(930, '14062', '0071558573', 'VIKA OKTAVIA SHENDI', 'P', 27, 'XI AKL 3'),
(931, '14063', '0077002759', 'VIRA RYSHANDA', 'P', 27, 'XI AKL 3'),
(932, '14064', '0071461792', 'WINDI', 'P', 27, 'XI AKL 3'),
(933, '14065', '0069498265', 'YUSUF FABIO AL-ARIF', 'L', 27, 'XI AKL 3'),
(934, '14066', '0063411295', 'ADELIA NURUL KHOTIMAH', 'P', 28, 'XI AKL 4'),
(935, '14067', '9859356216', 'AGRESCIA AULIA', 'P', 28, 'XI AKL 4'),
(936, '14068', '0068202625', 'ALLYA RAMADHANI', 'P', 28, 'XI AKL 4'),
(937, '14069', '00746676004', 'ANNISA NURSITA', 'P', 28, 'XI AKL 4'),
(938, '14070', '0078096131', 'ARINI SIFFA PRATIWI', 'P', 28, 'XI AKL 4'),
(939, '14071', '0073801050', 'ARTIKA RANTI WULANDARI', 'P', 28, 'XI AKL 4'),
(940, '14072', '0075326094', 'BILQIS NAJWA MAISAPUTRI', 'P', 28, 'XI AKL 4'),
(941, '14073', '0077430424', 'FISTA JULIANA', 'P', 28, 'XI AKL 4'),
(942, '14074', '0076831907', 'IDA AYU', 'P', 28, 'XI AKL 4'),
(943, '14075', '0066345734', 'INDAH PERMATA SARI', 'P', 28, 'XI AKL 4'),
(944, '14076', '0073640029', 'JESSY UMMULYATAMA PUTRI', 'P', 28, 'XI AKL 4'),
(945, '14077', '0074211025', 'KHAYLYLA SHAFIRA KHAUTSARANI LAMIRANSYAH', 'P', 28, 'XI AKL 4'),
(946, '14078', '0066461297', 'M. RADIT SANDIKA', 'L', 28, 'XI AKL 4'),
(947, '14079', '0074178832', 'M. RIFKY ZEAN FARIZKYA', 'L', 28, 'XI AKL 4'),
(948, '14080', '3046122755', 'MARLIEN ILYRA MA\'RUF', 'P', 28, 'XI AKL 4'),
(949, '14081', '0063404152', 'MUHAMMAD ALVINO PRATAMA', 'L', 28, 'XI AKL 4'),
(950, '14082', '0081702912', 'NADIA KAMILA SYIFA JUVENTINI', 'P', 28, 'XI AKL 4'),
(951, '14083', '0089639771', 'NASYWA NOZA LANI', 'P', 28, 'XI AKL 4'),
(952, '14084', '0075072591', 'NAZMI NAYLA AGUSTINA', 'P', 28, 'XI AKL 4'),
(953, '14085', '0063798626', 'NOVIA GISKA FADILLA', 'P', 28, 'XI AKL 4'),
(954, '14086', '0064461160', 'NUR SALSABILA', 'P', 28, 'XI AKL 4'),
(955, '14087', '0079467138', 'OKTA FITRIANI', 'P', 28, 'XI AKL 4'),
(956, '14088', '3078717662', 'PADHILA KALYA PUTRI', 'P', 28, 'XI AKL 4'),
(957, '14089', '0079509376', 'RASHICA SUHANDI', 'P', 28, 'XI AKL 4'),
(958, '14090', '0073576170', 'RASTI RAMADAHNI W', 'P', 28, 'XI AKL 4'),
(959, '14091', '0071000681', 'RASYA CHANDRA AZZHARA', 'P', 28, 'XI AKL 4'),
(960, '14092', '0062332561', 'RISKA ARI YUNI', 'P', 28, 'XI AKL 4'),
(961, '14093', '0065448396', 'SALVA ELZARAH', 'P', 28, 'XI AKL 4'),
(962, '14094', '0079850159', 'SELFIYANA SARI', 'P', 28, 'XI AKL 4'),
(963, '14095', '0071088577', 'SINDI SEPTIA NINGSIH', 'P', 28, 'XI AKL 4'),
(964, '14096', '0079591786', 'SITI ALYA HUMAYROH', 'P', 28, 'XI AKL 4'),
(965, '14097', '0079415270', 'SYAHRIA RAHMADANI', 'P', 28, 'XI AKL 4'),
(966, '14098', '0084139122', 'WIDYA NURISKA INDRI', 'P', 28, 'XI AKL 4'),
(967, '14099', '0067401410', 'WIDYO WATI', 'P', 28, 'XI AKL 4'),
(968, '14100', '0064396601', 'YOLA PUSPITA SARI', 'P', 28, 'XI AKL 4'),
(969, '14101', '0072598422', 'ZASCIA DEWITA MAHARANI', 'P', 28, 'XI AKL 4'),
(970, '14103', '0072759144', 'ALYA PUTRI KIRANA', 'P', 29, 'XI AKL 5'),
(971, '14104', '0067771287', 'ANGELICA YUNIOR', 'P', 29, 'XI AKL 5'),
(972, '14105', '0076390325', 'ANNISA MAHARANI SALSABILA', 'P', 29, 'XI AKL 5'),
(973, '14106', '0065799361', 'AUDYA ANANTA PUTRI', 'P', 29, 'XI AKL 5'),
(974, '14107', '0064374954', 'AYU CITRA LESTARI', 'P', 29, 'XI AKL 5'),
(975, '14108', '0078958749', 'DHEA OKTAVIA SAFITRI', 'P', 29, 'XI AKL 5'),
(976, '14109', '0083339457', 'ENJELITA YUNIOR', 'P', 29, 'XI AKL 5'),
(977, '14110', '0071389530', 'FARAS CANTIK DINDA KAYLA', 'P', 29, 'XI AKL 5'),
(978, '14111', '0069303092', 'FASYA AULIA RAMADANI', 'P', 29, 'XI AKL 5'),
(979, '14112', '0066279499', 'FATONAH WURNAIMAH', 'P', 29, 'XI AKL 5'),
(980, '14113', '0074567520', 'FITRI ARYANI', 'P', 29, 'XI AKL 5'),
(981, '14114', '3072611080', 'HANAFI', 'L', 29, 'XI AKL 5'),
(982, '14115', '0078656665', 'INDAH SAFIRA', 'P', 29, 'XI AKL 5'),
(983, '14116', '0077630022', 'INKA CLAUDIA', 'P', 29, 'XI AKL 5'),
(984, '14117', '0083485727', 'JEHAN MAIDA YANTI', 'P', 29, 'XI AKL 5'),
(985, '14118', '0076322386', 'KHARISMA PUTRI', 'P', 29, 'XI AKL 5'),
(986, '14119', '0073492088', 'MEYSA NURSABILLAH', 'P', 29, 'XI AKL 5'),
(987, '14120', '0079848128', 'MONSERA SALSA SAVALUNA', 'P', 29, 'XI AKL 5'),
(988, '14121', '0074077428', 'MUHAMMAD FARREL', 'L', 29, 'XI AKL 5'),
(989, '14122', '0078943231', 'MUHAMMAD ZAINAL ALIM', 'L', 29, 'XI AKL 5'),
(990, '14123', '0062146794', 'NABILA RAHMAH', 'P', 29, 'XI AKL 5'),
(991, '14124', '0064585558', 'NADHILLAH RAMADHINI', 'P', 29, 'XI AKL 5'),
(992, '14125', '0073340060', 'NADIEN AULIA PUTRI RAMADHANI', 'P', 29, 'XI AKL 5'),
(993, '14126', '0088250618', 'NADYA TRI HANDAYANI', 'P', 29, 'XI AKL 5'),
(994, '14127', '3083997115', 'NAZWA SYAKIRA', 'P', 29, 'XI AKL 5'),
(995, '14128', '0075723347', 'PUTRI ARABELA', 'P', 29, 'XI AKL 5'),
(996, '14129', '0079927629', 'RARA AULIA', 'P', 29, 'XI AKL 5'),
(997, '14130', '0077855711', 'RASYA MELINDA ULANDARI', 'P', 29, 'XI AKL 5'),
(998, '14131', '0077988157', 'RATNA SARI', 'P', 29, 'XI AKL 5'),
(999, '14132', '0072728354', 'RENA EKA SAPUTRI', 'P', 29, 'XI AKL 5'),
(1000, '14133', '0078426586', 'RIDHO ABDILLAH', 'L', 29, 'XI AKL 5'),
(1001, '14134', '0074601410', 'SELI TRI APSARI', 'P', 29, 'XI AKL 5'),
(1002, '14135', '0061299135', 'TIARA KEYSA CANDRA', 'P', 29, 'XI AKL 5'),
(1003, '14136', '0074038186', 'YONITA AZZAHRA', 'P', 29, 'XI AKL 5'),
(1004, '14137', '0084702430', 'ZAHRA MUNAWAROH', 'P', 29, 'XI AKL 5'),
(1005, '14718', '73669717', 'ALYA SHIFA', 'P', 30, 'XI MPLB'),
(1006, '14719', '0072152103', 'AMARA DWI JESIA', 'P', 30, 'XI MPLB'),
(1007, '14720', '0073720351', 'AMELIA LESTARI', 'P', 30, 'XI MPLB'),
(1008, '14721', '0081855596', 'AMRINA ROSYADA', 'P', 30, 'XI MPLB'),
(1009, '14722', '0073325494', 'AQILLAH ESMERALDA', 'P', 30, 'XI MPLB'),
(1010, '14723', '0071600855', 'ARICA KEYZA MUHAIRI', 'P', 30, 'XI MPLB'),
(1011, '14724', '0071507265', 'AULIA AZZAHRA', 'P', 30, 'XI MPLB'),
(1012, '14725', '0069833274', 'AZ.SHARA RAHMADANI', 'P', 30, 'XI MPLB'),
(1013, '14726', '0077537723', 'AZAHRA ADHELIA METRI', 'P', 30, 'XI MPLB'),
(1014, '14727', '0077438780', 'BUNGA NOVALIANA', 'P', 30, 'XI MPLB'),
(1015, '14728', '0072168183', 'CLAUDIA STELLA DEVI', 'P', 30, 'XI MPLB'),
(1016, '14729', '0087180047', 'DIAH RAHMATIKA', 'P', 30, 'XI MPLB'),
(1017, '14730', '0065003373', 'DINDA NUR FALAH', 'P', 30, 'XI MPLB'),
(1018, '14731', '0065042241', 'FEBI RAMADHANI', 'P', 30, 'XI MPLB'),
(1019, '14732', '0071467108', 'JANNATIN MUSLIMAH', 'P', 30, 'XI MPLB'),
(1020, '14733', '0076823018', 'LAURA AZIZAH', 'P', 30, 'XI MPLB'),
(1021, '14734', '0079335496', 'MAYILA RAHMAWATI', 'P', 30, 'XI MPLB'),
(1022, '14735', '0071886224', 'MELLA DWI FAHWATI', 'P', 30, 'XI MPLB'),
(1023, '14736', '0075781922', 'MERRI YOLANDA YASMIN', 'P', 30, 'XI MPLB'),
(1024, '14737', '0078279173', 'MUTIARA ARINI', 'P', 30, 'XI MPLB'),
(1025, '14738', '0077767371', 'NAILA CAHAYA PUTRI', 'P', 30, 'XI MPLB'),
(1026, '14739', '0068019938', 'NAILA SAMRAHMA', 'P', 30, 'XI MPLB'),
(1027, '14740', '0073297567', 'NUR CAHYA PUTRI', 'P', 30, 'XI MPLB'),
(1028, '14741', '0072284631', 'OKTA RAMADANTI', 'P', 30, 'XI MPLB'),
(1029, '14742', '0087942561', 'OLAF EPRILLIA', 'P', 30, 'XI MPLB'),
(1030, '14743', '0061648629', 'QINERA SYAKILLA RAMADHANIE', 'P', 30, 'XI MPLB'),
(1031, '14744', '0075646913', 'RAHMADENA ZAHRA AFENDI', 'P', 30, 'XI MPLB'),
(1032, '14745', '0063748784', 'RATNA JUWITA', 'P', 30, 'XI MPLB'),
(1033, '14746', '0071517615', 'SAHARA AMELIA VIALIM', 'P', 30, 'XI MPLB'),
(1034, '14747', '0062501624', 'SALLY PRANITA HASTIAN', 'P', 30, 'XI MPLB'),
(1035, '14748', '0064406946', 'SALSABILA RAMADHANI M', 'P', 30, 'XI MPLB'),
(1036, '14749', '0083167404', 'SRI NUR HANDAYANI', 'P', 30, 'XI MPLB'),
(1037, '14750', '0076432161', 'SRI REJEKI RISKA SARI', 'P', 30, 'XI MPLB'),
(1038, '14751', '0066400500', 'SULVI SAFIRA AZRIYANTI', 'P', 30, 'XI MPLB'),
(1039, '14753', '0074981197', 'VAREL AMANDA PUTRI', 'P', 30, 'XI MPLB'),
(1040, '14138', '0077019890', 'ADITIA DWI SYAHPUTRA', 'L', 31, 'XI Pem 1'),
(1041, '14139', '0078789582', 'AFRIAN CHANDRA', 'L', 31, 'XI Pem 1'),
(1042, '14140', '0073051110', 'AMELIA SERLI', 'P', 31, 'XI Pem 1'),
(1043, '14142', '0072913636', 'AQILLA MARSYA DWI ARZETTY', 'P', 31, 'XI Pem 1'),
(1044, '14143', '0075004837', 'AULIATARA AYUNITA', 'P', 31, 'XI Pem 1'),
(1045, '14144', '0061741001', 'AZZAHRA PHEYRISA  SALSABILA', 'P', 31, 'XI Pem 1'),
(1046, '14145', '0077721403', 'CAROLYNE AZ ZAHRA', 'P', 31, 'XI Pem 1'),
(1047, '14146', '0074062570', 'CIKA RIBIYANI', 'P', 31, 'XI Pem 1'),
(1048, '14147', '0071270446', 'DAFFA SYARIF', 'L', 31, 'XI Pem 1'),
(1049, '14148', '0084112482', 'DEVAN NANDA ZULIANSA', 'L', 31, 'XI Pem 1'),
(1050, '14149', '0073768208', 'ERIKA MEYDINA PUTRI', 'P', 31, 'XI Pem 1'),
(1051, '14150', '0074692091', 'FITRIANI', 'P', 31, 'XI Pem 1'),
(1052, '14151', '0077948699', 'FRESTIA MARSELLA', 'P', 31, 'XI Pem 1'),
(1053, '14152', '0072406888', 'GILANG JOE SYAHPUTRA', 'L', 31, 'XI Pem 1'),
(1054, '14153', '0067599079', 'GUMILAR RAFFLI ABDULLAH', 'L', 31, 'XI Pem 1'),
(1055, '14154', '0076097355', 'JELFI RIANTI', 'P', 31, 'XI Pem 1'),
(1056, '14155', '0064990926', 'KEYSA RAFA HEALA', 'L', 31, 'XI Pem 1'),
(1057, '14156', '0068999719', 'LIDIA VERONIKA', 'P', 31, 'XI Pem 1'),
(1058, '14157', '0071464591', 'M. ALBAR DWI PUTRA', 'L', 31, 'XI Pem 1'),
(1059, '14158', '0075334331', 'M. HAFIDZ MALIKI YUSUF', 'L', 31, 'XI Pem 1'),
(1060, '14159', '0071532985', 'M.RIZKY MAULANA', 'L', 31, 'XI Pem 1'),
(1061, '14160', '0067583979', 'META AMELIA', 'P', 31, 'XI Pem 1'),
(1062, '14161', '0061421551', 'NIA ROMADAN', 'P', 31, 'XI Pem 1'),
(1063, '14162', '0075056737', 'NIKE PINASTI', 'P', 31, 'XI Pem 1'),
(1064, '14163', '0079328181', 'PUTRI CAHYATI', 'P', 31, 'XI Pem 1'),
(1065, '14164', '0077408974', 'RAFIANSYAH', 'L', 31, 'XI Pem 1'),
(1066, '14165', '0051310625', 'RIBI PUSPITA SARI', 'P', 31, 'XI Pem 1'),
(1067, '14166', '0078216032', 'RISPA HARDIYANTI', 'P', 31, 'XI Pem 1'),
(1068, '14167', '0071358222', 'SATRIA HAFID ADITAMA', 'L', 31, 'XI Pem 1'),
(1069, '14168', '0088287014', 'SHERLY CAHYA NARULITA', 'P', 31, 'XI Pem 1'),
(1070, '14169', '0061126953', 'SINDY NIKITA DEWI', 'P', 31, 'XI Pem 1'),
(1071, '14170', '0068407508', 'SYIFA AULIA RAMADHANI', 'P', 31, 'XI Pem 1'),
(1072, '14171', '0072589265', 'WIDYA AZZAHRA PRIYANI', 'P', 31, 'XI Pem 1'),
(1073, '14172', '0077506386', 'ZAKIYYA HAURA A\'ZZAH', 'P', 31, 'XI Pem 1'),
(1074, '14173', '0073269237', 'ZASKIA RETNO SUNDARI', 'P', 31, 'XI Pem 1'),
(1075, '14174', '0072481871', 'AHMAD SUHEYMI ISKANDAR', 'L', 32, 'XI Pem 2'),
(1076, '14175', '68608693', 'ALDILA NOVIANA', 'P', 32, 'XI Pem 2'),
(1077, '14176', '0071212319', 'ALVIA ZAHRA RAMADANI', 'P', 32, 'XI Pem 2'),
(1078, '14177', '0072589265', 'ANDHIKA PRATAMA', 'L', 32, 'XI Pem 2'),
(1079, '14178', '0077519174', 'ANDIN PUSPITASARI', 'P', 32, 'XI Pem 2'),
(1080, '14179', '0051675248', 'ARIFKI MURSALIN', 'L', 32, 'XI Pem 2'),
(1081, '14180', '0061807438', 'ARUM SEKAR SEJATI', 'P', 32, 'XI Pem 2'),
(1082, '14181', '0079430310', 'BUNGA AULIYANDRA', 'P', 32, 'XI Pem 2'),
(1083, '14182', '0069866230', 'CALVIN DARMAWAN', 'L', 32, 'XI Pem 2'),
(1084, '14183', '0062054029', 'CHELCEA CAHAYA ROLINA', 'P', 32, 'XI Pem 2'),
(1085, '14184', '0077016463', 'DELVINA KRISTIN', 'P', 32, 'XI Pem 2'),
(1086, '14185', '0077118952', 'DIMAS SETIA BERLIAN', 'L', 32, 'XI Pem 2'),
(1087, '14187', '0075957737', 'FAHMI PRASETYA', 'L', 32, 'XI Pem 2'),
(1088, '14188', '3057408921', 'FITRA FADILLAH', 'L', 32, 'XI Pem 2'),
(1089, '14189', '0065411470', 'GUSTI WIRA PRATAMA', 'L', 32, 'XI Pem 2'),
(1090, '14190', '0062403575', 'LINA MUTIARA', 'P', 32, 'XI Pem 2'),
(1091, '14191', '0089987332', 'MARSAH AULIA AZZARAH', 'P', 32, 'XI Pem 2'),
(1092, '14192', '0071714017', 'MARSHA PRATIWI', 'P', 32, 'XI Pem 2'),
(1093, '14193', '0079502458', 'MUHAMMAD RIZQY', 'L', 32, 'XI Pem 2'),
(1094, '14194', '0066079489', 'NADINI PUTRI RAMADANI', 'P', 32, 'XI Pem 2'),
(1095, '14195', '0076783006', 'NANDA BAGUS PRATEKA', 'L', 32, 'XI Pem 2'),
(1096, '14196', '0066626922', 'NUR AINUN RISKY', 'P', 32, 'XI Pem 2'),
(1097, '14198', '0078261804', 'RIDHO IRAWAN', 'L', 32, 'XI Pem 2'),
(1098, '14199', '0072614619', 'RIFKI ALAMSYAH', 'L', 32, 'XI Pem 2'),
(1099, '14200', '0074514818', 'ROHID DARMAWAN', 'L', 32, 'XI Pem 2'),
(1100, '14201', '0065061501', 'RYAN NADA', 'L', 32, 'XI Pem 2'),
(1101, '14202', '0075696183', 'SANDI REKSI SANDOFA', 'L', 32, 'XI Pem 2'),
(1102, '14203', '0078775249', 'SANDY ANDIKA', 'L', 32, 'XI Pem 2'),
(1103, '14204', '0075978655', 'SERLI SULASTRI', 'P', 32, 'XI Pem 2'),
(1104, '14205', '0078571088', 'SHAFA DEWI LATHIFA', 'P', 32, 'XI Pem 2'),
(1105, '14206', '0072664696', 'SHELA LITASQA PUTRI ALFADILA', 'P', 32, 'XI Pem 2'),
(1106, '14207', '0076845985', 'SITI AZAHRA OKTAVIA', 'P', 32, 'XI Pem 2'),
(1107, '14208', '0066152080', 'SUHADAK', 'L', 32, 'XI Pem 2'),
(1108, '14209', '0071170741', 'TIARA PUTRI FADILLA', 'P', 32, 'XI Pem 2'),
(1109, '14210', '0072480294', 'A. ILHAM SETIAWAN', 'L', 33, 'XI Pem 3'),
(1110, '14211', '0073422172', 'ADHELIA AGITA', 'P', 33, 'XI Pem 3'),
(1111, '14212', '0075635423', 'ALWAN MAJID', 'L', 33, 'XI Pem 3'),
(1112, '14213', '0079762275', 'ANGEL SEPTIANI', 'P', 33, 'XI Pem 3'),
(1113, '14214', '0075279749', 'ANGGI FADILA ANGRAINI', 'P', 33, 'XI Pem 3'),
(1114, '14216', '0071727035', 'ARPAN DAMAR TANJUNG', 'L', 33, 'XI Pem 3'),
(1115, '14217', '0074411880', 'AZZAHRA NURKHOTIJAH', 'P', 33, 'XI Pem 3'),
(1116, '14218', '0136622562', 'BINTANG VALENTINO', 'L', 33, 'XI Pem 3'),
(1117, '14219', '0072848666', 'CARISSA NUR SAFIYAH', 'P', 33, 'XI Pem 3'),
(1118, '14220', '0068924134', 'CHRISTALIA DESINTA', 'P', 33, 'XI Pem 3'),
(1119, '14221', '0076790075', 'CLARA YULIANTI', 'P', 33, 'XI Pem 3'),
(1120, '14222', '0065540777', 'DAFA NOVFIRANSYAH SALIM', 'L', 33, 'XI Pem 3'),
(1121, '14223', '0075243475', 'DELA CHYNTIA ARIANDINI', 'P', 33, 'XI Pem 3'),
(1122, '14224', '3073672037', 'DIKA HERLIYANSYAH PUTRA', 'L', 33, 'XI Pem 3'),
(1123, '14225', '0077689447', 'ERGI FIRANSYAH', 'L', 33, 'XI Pem 3'),
(1124, '14226', '0073531109', 'FARIDH TITO MASCHERANO', 'L', 33, 'XI Pem 3'),
(1125, '14227', '9702458700', 'FEBIOLA PUTRI AMANDA', 'P', 33, 'XI Pem 3'),
(1126, '14228', '0087257038', 'FIRA AMELLIA', 'P', 33, 'XI Pem 3'),
(1127, '14229', '0063456822', 'FIRMANSYAH', 'L', 33, 'XI Pem 3'),
(1128, '14230', '0064441402', 'GUNTUR MAULANA', 'L', 33, 'XI Pem 3'),
(1129, '13438', '0045456181', 'KGS.M.ISMAIL NUR AUGUSTA', 'L', 33, 'XI Pem 3'),
(1130, '14231', '0079239840', 'MARSYA ASYIFA PUTRI', 'P', 33, 'XI Pem 3'),
(1131, '14232', '0071650042', 'M. FARID TOPANY', 'L', 33, 'XI Pem 3'),
(1132, '14233', '0076248259', 'MAULANA TIRTA KENCANA', 'L', 33, 'XI Pem 3'),
(1133, '14234', '0077762763', 'MENTARI JINGGA RINJANI', 'P', 33, 'XI Pem 3'),
(1134, '14235', '0072585854', 'MIATI VALENTINA MARDIAN', 'P', 33, 'XI Pem 3'),
(1135, '14236', '0072053549', 'MUHAMMAD FEBRIANSYAH', 'L', 33, 'XI Pem 3'),
(1136, '14237', '0073694502', 'NASYA SAFIRA', 'P', 33, 'XI Pem 3'),
(1137, '14238', '0074003818', 'RADIT APRIANSYAH', 'L', 33, 'XI Pem 3'),
(1138, '14239', '0071066207', 'RIA DESTI YANTI', 'P', 33, 'XI Pem 3'),
(1139, '14240', '0074046278', 'SALSABILA RAZWA', 'P', 33, 'XI Pem 3'),
(1140, '14241', '0062339380', 'SHARLY MEILITA LARASATI', 'P', 33, 'XI Pem 3'),
(1141, '14242', '0071625022', 'SYIFFA MAYLAWATA', 'P', 33, 'XI Pem 3'),
(1142, '14243', '0073832947', 'WIDYASTUTIE PUSPITA SARI', 'P', 33, 'XI Pem 3'),
(1143, '14244', '0076761012', 'WILDAN AL RASYID', 'L', 33, 'XI Pem 3'),
(1144, '14245', '0072025028', 'YUSTISIA GRESI AURA', 'P', 33, 'XI Pem 3'),
(1145, '14754', '0081996675', 'ADE SUCI FITRIA', 'P', 34, 'XI ULP 1'),
(1146, '14755', '0079584794', 'ALDILAH YORDA NONA', 'P', 34, 'XI ULP 1'),
(1147, '14756', '0066106327', 'ANISA DESWITA PUTRI', 'P', 34, 'XI ULP 1'),
(1148, '14757', '0062321716', 'ANNISA RODIA', 'P', 34, 'XI ULP 1'),
(1149, '14758', '0072539788', 'ARSYLA ANASTASYA GUNAWAN', 'P', 34, 'XI ULP 1'),
(1150, '14759', '0077398169', 'BINU ESA AULIYA', 'P', 34, 'XI ULP 1'),
(1151, '14760', '0064578053', 'CARLA OLIVIA PUTRI', 'P', 34, 'XI ULP 1'),
(1152, '14761', '0076194927', 'CHIARA CHIKA ANDRIA', 'P', 34, 'XI ULP 1'),
(1153, '14763', '0068453628', 'DESTY MUNAWAROH', 'P', 34, 'XI ULP 1'),
(1154, '14764', '0064678158', 'DIANA RAHMA DANY', 'P', 34, 'XI ULP 1'),
(1155, '14765', '0072014111', 'FLORENCIA ANGELLICA', 'P', 34, 'XI ULP 1'),
(1156, '14766', '0079776440', 'HALIZAH', 'P', 34, 'XI ULP 1'),
(1157, '14767', '0074394436', 'INTAN SULISTIA WATI', 'P', 34, 'XI ULP 1'),
(1158, '14768', '0062784964', 'M. ARIL PRAYOGA', 'L', 34, 'XI ULP 1'),
(1159, '14769', '0065084999', 'M. RIDHO ABBAS', 'L', 34, 'XI ULP 1'),
(1160, '14770', '0078193293', 'M.ALIF HAIDAR', 'L', 34, 'XI ULP 1'),
(1161, '14771', '0074028913', 'MUHAMMAD FATHI AFRAH SETIAWAN', 'L', 34, 'XI ULP 1'),
(1162, '14772', '0067655638', 'MULLY PRELLYNA', 'P', 34, 'XI ULP 1'),
(1163, '14773', '0075034346', 'NADINE RISKY APRILLIA', 'P', 34, 'XI ULP 1'),
(1164, '14774', '0063830036', 'NIKITA SINTA BELA', 'P', 34, 'XI ULP 1'),
(1165, '14775', '0065053992', 'NOVALI PUTRA ANJANI', 'L', 34, 'XI ULP 1'),
(1166, '14777', '0079708306', 'R. ALIFIA ALZHAFIRA', 'P', 34, 'XI ULP 1'),
(1167, '14778', '0071707565', 'RANI PRATIWI', 'P', 34, 'XI ULP 1'),
(1168, '14779', '0073655518', 'RIKKI SEBASTIAN KURNIAWAN', 'L', 34, 'XI ULP 1'),
(1169, '14780', '0087378392', 'RIZKY ADITYA', 'L', 34, 'XI ULP 1'),
(1170, '14781', '0064706996', 'SEPTI TRISIA DAYANTI', 'P', 34, 'XI ULP 1'),
(1171, '14782', '0071184202', 'SITI ROSYIDAH', 'P', 34, 'XI ULP 1'),
(1172, '14783', '0073035904', 'SUSANTI ANGGRAINI', 'P', 34, 'XI ULP 1'),
(1173, '14784', '0078160331', 'TAHIRA ZAHRANI', 'P', 34, 'XI ULP 1'),
(1174, '14785', '0134522786', 'TIARA SALSA ATTALAH', 'P', 34, 'XI ULP 1'),
(1175, '14786', '0072347139', 'VIONITA KALYCA PUTRI', 'P', 34, 'XI ULP 1'),
(1176, '14787', '0078052449', 'WAHID RAHMAN', 'L', 34, 'XI ULP 1'),
(1177, '14788', '0075629798', 'WULAN SARI', 'P', 34, 'XI ULP 1'),
(1178, '14789', '0075804983', 'YOLANDA RIZKIKA RAHMA', 'P', 34, 'XI ULP 1'),
(1179, '14790', '0067584650', 'ALYA ARYANI', 'P', 35, 'XI ULP 2'),
(1180, '14791', '0075594901', 'AMELIA PRISHEILLA AR', 'P', 35, 'XI ULP 2'),
(1181, '14792', '0073398937', 'BAGAS WIJAYA', 'L', 35, 'XI ULP 2'),
(1182, '14793', '0066148432', 'BIMO AJI PRASETYO', 'L', 35, 'XI ULP 2'),
(1183, '14794', '0088975401', 'BUNGA CITRA ANDINI', 'P', 35, 'XI ULP 2'),
(1184, '14795', '0075487556', 'DAFFA SATRIANA', 'L', 35, 'XI ULP 2'),
(1185, '14796', '0075545369', 'ELZA MAULANA', 'L', 35, 'XI ULP 2'),
(1186, '14797', '0074098589', 'FAREL DWI PUTRA', 'L', 35, 'XI ULP 2'),
(1187, '14798', '0079235903', 'GALANG FABIO RIVALDO', 'L', 35, 'XI ULP 2'),
(1188, '14799', '0073669075', 'GALUH PRAMESWARI', 'P', 35, 'XI ULP 2'),
(1189, '14800', '0017843563', 'HERLIANA PUTRI', 'P', 35, 'XI ULP 2'),
(1190, '14801', '0077844484', 'HOIRUNNISA AULIA', 'P', 35, 'XI ULP 2'),
(1191, '14803', '0074753910', 'M. FAREL', 'L', 35, 'XI ULP 2'),
(1192, '14804', '0064496363', 'M. GALIH AL-GIFARI', 'L', 35, 'XI ULP 2'),
(1193, '14805', '00765756644', 'M. RASYA ADI PRATAMA', 'L', 35, 'XI ULP 2'),
(1194, '14806', '0043243331', 'M. RISKI SHOLEH PATULLAH', 'L', 35, 'XI ULP 2'),
(1195, '14807', '0069658256', 'M. RIZKI RAHMAN', 'L', 35, 'XI ULP 2'),
(1196, '14808', '0077289317', 'MIFTAH AWIDDUROHMAN', 'L', 35, 'XI ULP 2'),
(1197, '14809', '0077442244', 'MUHAMMAD EGY ASTRAWAN', 'L', 35, 'XI ULP 2'),
(1198, '14810', '0079101760', 'MUHAMMAD FAREL', 'L', 35, 'XI ULP 2'),
(1199, '14811', '0077833146', 'MUHAMMAD MAESA DJOFIN BAZAR', 'L', 35, 'XI ULP 2'),
(1200, '14812', '0061244760', 'MUHAMMAD RAFI IKBAR ZULIANTO', 'L', 35, 'XI ULP 2'),
(1201, '14813', '0075125405', 'NAILA DAYU PUTRI', 'P', 35, 'XI ULP 2'),
(1202, '14814', '0077606187', 'NUR ASYIFA RAMADANI', 'P', 35, 'XI ULP 2'),
(1203, '14815', '0074719399', 'NURHASANAH', 'P', 35, 'XI ULP 2'),
(1204, '14816', '0072583824', 'PUTRA RADHITIA ALIF', 'L', 35, 'XI ULP 2'),
(1205, '14817', '0079753147', 'RATRI ADZANI RAHMAN', 'P', 35, 'XI ULP 2'),
(1206, '14818', '0064520359', 'REVI HARDITA', 'P', 35, 'XI ULP 2'),
(1207, '14819', '0076240392', 'RIFDHA AULYA', 'P', 35, 'XI ULP 2'),
(1208, '14820', '0052858768', 'RIZKY RAMADAN', 'L', 35, 'XI ULP 2'),
(1209, '14821', '0082181154', 'RUDY SAPUTRA', 'L', 35, 'XI ULP 2'),
(1210, '14822', '0071531603', 'SAYVIRA ANGGRAINI', 'P', 35, 'XI ULP 2'),
(1211, '14823', '3077024258', 'VERA AYU WANDIRA', 'P', 35, 'XI ULP 2'),
(1212, '14824', '0063357024', 'YUANIKA VE CAESAR', 'P', 35, 'XI ULP 2'),
(1213, '14825', '0062655816', 'ZANETA OLIVIA', 'P', 35, 'XI ULP 2'),
(1214, '14427', '0071257459', 'ABDUL RAHMANIL HAKIM', 'L', 36, 'XI TJKT 1'),
(1215, '14428', '0069425822', 'ADITYA RAMADAN', 'L', 36, 'XI TJKT 1'),
(1216, '14429', '0075958517', 'ADITYA SULAKSANA PRANATA', 'L', 36, 'XI TJKT 1'),
(1217, '14430', '0074680482', 'AHMAD RIDWAN ADITIA BASIR', 'L', 36, 'XI TJKT 1'),
(1218, '14431', '0071120890', 'ANDRA PUTRA ALVATAR', 'L', 36, 'XI TJKT 1'),
(1219, '14432', '0075908584', 'ANNISA MEILANI', 'P', 36, 'XI TJKT 1'),
(1220, '14433', '0069450144', 'ASRORI ALDIMPUANY SIREGAR', 'L', 36, 'XI TJKT 1'),
(1221, '14434', '0073346732', 'DEVIRA JULIA ANGGITA', 'P', 36, 'XI TJKT 1'),
(1222, '14435', '0062098358', 'DIKO PUTRA RACHMANDARI', 'L', 36, 'XI TJKT 1'),
(1223, '14436', '0079184944', 'DIMAS JULIASTA', 'L', 36, 'XI TJKT 1'),
(1224, '14437', '0077714012', 'FATHAN FERDIANSAH', 'L', 36, 'XI TJKT 1'),
(1225, '14438', '0044586056', 'FITRA RAMADHAN', 'L', 36, 'XI TJKT 1'),
(1226, '14439', '3077432564', 'HAFIEZ MERDEKA MUKTI', 'L', 36, 'XI TJKT 1'),
(1227, '14440', '0063811057', 'HURUL AINI', 'P', 36, 'XI TJKT 1'),
(1228, '14441', '0079183415', 'ILSYA ZAHIRA PUTRI WIJAYA', 'P', 36, 'XI TJKT 1'),
(1229, '14442', '0072596480', 'JOSH MARCELLO EMMANUEL', 'L', 36, 'XI TJKT 1'),
(1230, '14443', '3078780667', 'KAYSAN NAWFAL RY', 'L', 36, 'XI TJKT 1'),
(1231, '14444', '0079023574', 'M DAVI SURYA', 'L', 36, 'XI TJKT 1'),
(1232, '14445', '0077791642', 'MASRIA AULIA MELINDA SAFITRI', 'P', 36, 'XI TJKT 1'),
(1233, '14446', '0064218621', 'MUHAMAD RIDWAN', 'L', 36, 'XI TJKT 1'),
(1234, '14447', '0077492527', 'MUHAMMAD FAJAR MAULANA', 'L', 36, 'XI TJKT 1'),
(1235, '14448', '0074895868', 'MUHAMMAD FARIS SIREGAR', 'L', 36, 'XI TJKT 1'),
(1236, '14449', '0072017841', 'MUHAMMAD PASYA QURRATA AYUNI', 'L', 36, 'XI TJKT 1'),
(1237, '14451', '0073569690', 'MUHAMMAD REYHAN HADREANO', 'L', 36, 'XI TJKT 1'),
(1238, '14452', '0072463308', 'NANDA PUTRA ALFYAN', 'L', 36, 'XI TJKT 1'),
(1239, '14453', '0074543651', 'NIKO AFRIYAN', 'L', 36, 'XI TJKT 1'),
(1240, '14454', '0075754663', 'NISA AURA', 'P', 36, 'XI TJKT 1'),
(1241, '14455', '0071366503', 'RAKA WINATA', 'L', 36, 'XI TJKT 1'),
(1242, '14456', '0063494549', 'RASYA AL KHALIK', 'L', 36, 'XI TJKT 1'),
(1243, '14457', '0054034508', 'RIEFKY SETIAWAN', 'L', 36, 'XI TJKT 1'),
(1244, '14458', '0073508605', 'SURYA PRATAMA', 'L', 36, 'XI TJKT 1'),
(1245, '14459', '0075453208', 'TIENDY FERNANDO', 'L', 36, 'XI TJKT 1'),
(1246, '14460', '0075034169', 'WILDAN MUHAMMAD NOUREN SYARKA', 'L', 36, 'XI TJKT 1'),
(1247, '14461', '3076379197', 'YUDELLA REGE LESMANA', 'P', 36, 'XI TJKT 1'),
(1248, '14463', '0077303017', 'ZAKI ALVIANSYAH', 'L', 36, 'XI TJKT 1'),
(1249, '14464', '0076350834', 'ALDO', 'L', 37, 'XI TJKT 2'),
(1250, '14465', '0076631485', 'ALIF SUHADA', 'L', 37, 'XI TJKT 2'),
(1251, '14466', '0072675033', 'ANGGUN LESTARI', 'P', 37, 'XI TJKT 2'),
(1252, '14467', '0057198174', 'ARMAN ADITYA SAPUTRA', 'L', 37, 'XI TJKT 2'),
(1253, '14468', '0087506655', 'ARTY ANASTASIA', 'P', 37, 'XI TJKT 2'),
(1254, '14469', '0078691178', 'AZ ZAHRA AFRILIA CHOLIS', 'P', 37, 'XI TJKT 2'),
(1255, '14470', '0076066169', 'BAGAS SAPUTRA', 'L', 37, 'XI TJKT 2'),
(1256, '14471', '0062476083', 'BERNARD SAPUTRA', 'L', 37, 'XI TJKT 2'),
(1257, '14472', '0078965242', 'DAVA ARROHMAN', 'L', 37, 'XI TJKT 2'),
(1258, '14473', '0065325555', 'DESTYA RAHMANIA', 'P', 37, 'XI TJKT 2'),
(1259, '14474', '0076881905', 'DEVIN RIFKY RAMADHAN', 'L', 37, 'XI TJKT 2'),
(1260, '14475', '0066193713', 'DICKY AOLA PUTRA', 'L', 37, 'XI TJKT 2'),
(1261, '14476', '0077849382', 'DINDA RATNA WATI', 'P', 37, 'XI TJKT 2'),
(1262, '14477', '0071890680', 'DINI SAPUTRI', 'P', 37, 'XI TJKT 2'),
(1263, '14478', '0077365984', 'ENZO ALGHIFARI', 'L', 37, 'XI TJKT 2'),
(1264, '14479', '0078766717', 'GOHAN KRISTIAN PANGARIBUAN', 'L', 37, 'XI TJKT 2'),
(1265, '14480', '0061742063', 'HANIF ABID AL RIZKY', 'L', 37, 'XI TJKT 2'),
(1266, '14481', '0079538858', 'INTAN AYU AFRIDAH RUDIANSYAH', 'P', 37, 'XI TJKT 2'),
(1267, '14482', '0074925697', 'JESSICA ANGAN HAULIAN PAKPAHAN', 'P', 37, 'XI TJKT 2'),
(1268, '14483', '0077942857', 'KAKA ADITYA PRATAMA', 'L', 37, 'XI TJKT 2'),
(1269, '14484', '0072091089', 'LUQMAN NUR HAKIM', 'L', 37, 'XI TJKT 2'),
(1270, '14485', '0072099356', 'M. HAIKAL WIJAYA', 'L', 37, 'XI TJKT 2'),
(1271, '14486', '0078088164', 'M. ROMZI', 'L', 37, 'XI TJKT 2'),
(1272, '14487', '0077697231', 'M. YUSUF FIRMANSYAH', 'L', 37, 'XI TJKT 2'),
(1273, '14488', '0079650249', 'M.RASSYA IRHAMNI', 'L', 37, 'XI TJKT 2'),
(1274, '14489', '0089152369', 'MITA NADIA HANIFAH', 'P', 37, 'XI TJKT 2'),
(1275, '14490', '0078175191', 'MOCH. RISKI ILMAN', 'L', 37, 'XI TJKT 2'),
(1276, '14491', '0079641919', 'MOCHAMMAD AKMAL AL KHALIF', 'L', 37, 'XI TJKT 2'),
(1277, '14492', '0076855711', 'MUHAMMAD AL FARIZI', 'L', 37, 'XI TJKT 2'),
(1278, '14493', '0073056609', 'MUHAMMAD RAFI SYAHWALHAQ PRATAMA', 'L', 37, 'XI TJKT 2'),
(1279, '14494', '0072512801', 'MUHAMMAD RIZKI ALFAQIH', 'L', 37, 'XI TJKT 2'),
(1280, '14495', '0074233346', 'NURUL BAHRUDIN ISMAIL AM', 'L', 37, 'XI TJKT 2'),
(1281, '14496', '0068903123', 'PANDU PRAYOGA', 'L', 37, 'XI TJKT 2'),
(1282, '14497', '0062917836', 'RESVI CHANDRA SEPTIA SYAHARANI', 'P', 37, 'XI TJKT 2'),
(1283, '14498', '0068416658', 'RIZKA AMELIA', 'P', 37, 'XI TJKT 2'),
(1284, '14499', '0061833488', 'SINZI BAKASRAYA', 'L', 37, 'XI TJKT 2'),
(1285, '14500', '0071118960', 'YUNIZAR ARDIYANSYAH', 'L', 37, 'XI TJKT 2'),
(1286, '14501', '0066346901', 'ADIT SETIAWAN', 'L', 38, 'XI TJKT 3'),
(1287, '14502', '0062524285', 'AHMAD FAUZAN', 'L', 38, 'XI TJKT 3'),
(1288, '14503', '0068172764', 'AHMAT PIRDAUS', 'L', 38, 'XI TJKT 3'),
(1289, '14504', '0074769492', 'AKBAR MAULANA IBRAHIM', 'L', 38, 'XI TJKT 3'),
(1290, '14505', '0072760152', 'ALDI', 'L', 38, 'XI TJKT 3'),
(1291, '14506', '0078007599', 'ANJASMARA', 'L', 38, 'XI TJKT 3'),
(1292, '14507', '0078221069', 'ARDIANSYAH', 'L', 38, 'XI TJKT 3'),
(1293, '14508', '0065261996', 'BUNGA SYIFA AULIA', 'P', 38, 'XI TJKT 3'),
(1294, '14509', '0077200768', 'DEVAN RIFALI', 'L', 38, 'XI TJKT 3'),
(1295, '14510', '0067868284', 'DZAKY KHAIRULLAH', 'L', 38, 'XI TJKT 3'),
(1296, '14511', '0079473423', 'IFANSYAH GALANG RAMADHAN', 'L', 38, 'XI TJKT 3'),
(1297, '14512', '0072245126', 'ISKANDARSYAH', 'L', 38, 'XI TJKT 3'),
(1298, '14513', '0076668968', 'KURNIA HABIBI SUANDI', 'L', 38, 'XI TJKT 3'),
(1299, '14514', '0078629910', 'M IQBAL MAULANA', 'L', 38, 'XI TJKT 3'),
(1300, '14515', '0074591104', 'M. RAMA', 'L', 38, 'XI TJKT 3'),
(1301, '14516', '78908827', 'MEYSELLA NASYAH', 'P', 38, 'XI TJKT 3'),
(1302, '14517', '0077573193', 'MITA FITRI NADORI', 'P', 38, 'XI TJKT 3'),
(1303, '14518', '0072033218', 'MUHAMMAD ARYA ZAKI', 'L', 38, 'XI TJKT 3'),
(1304, '14519', '0078819817', 'MUHAMMAD EGI ANGGARA', 'L', 38, 'XI TJKT 3'),
(1305, '14520', '0063196439', 'MUHAMMAD GIBRAN ALGHIFFARI', 'L', 38, 'XI TJKT 3'),
(1306, '14521', '0077679285', 'MUHAMMAD RAIHAN RAFFI AKBAR', 'L', 38, 'XI TJKT 3'),
(1307, '14522', '0072090732', 'MUHAMMAD RASYA', 'L', 38, 'XI TJKT 3'),
(1308, '14523', '0072692341', 'NABILAH AUDRIH', 'P', 38, 'XI TJKT 3'),
(1309, '14524', '0078459266', 'NAYLA ASIFFA SALMA', 'P', 38, 'XI TJKT 3'),
(1310, '14525', '0078227253', 'PANJI SYAIF ABI', 'L', 38, 'XI TJKT 3'),
(1311, '14526', '0069593308', 'PUTRI REGITA LESTARI', 'P', 38, 'XI TJKT 3'),
(1312, '14527', '0064383739', 'RIA RAMADANI', 'P', 38, 'XI TJKT 3'),
(1313, '14528', '0076820042', 'RIDHO IRWANSYAH', 'L', 38, 'XI TJKT 3'),
(1314, '14529', '0073558928', 'RIFKY ARYA PUTRA', 'L', 38, 'XI TJKT 3'),
(1315, '14530', '0072824582', 'RIZKY FIRMANSYAH', 'L', 38, 'XI TJKT 3'),
(1316, '14531', '0088917520', 'SANIA SINTA NOVIYANI', 'P', 38, 'XI TJKT 3'),
(1317, '14532', '0066695688', 'SASKIA ZAHWA', 'P', 38, 'XI TJKT 3'),
(1318, '14533', '0075067700', 'SILVINA JULIA PUTRI', 'P', 38, 'XI TJKT 3'),
(1319, '14534', '0064243969', 'SRI RAHMA DINI', 'P', 38, 'XI TJKT 3'),
(1320, '14535', '0077488199', 'SUCI FITRIANI', 'p', 38, 'XI TJKT 3'),
(1321, '14537', '0062471239', 'TOMY PRANATA', 'L', 38, 'XI TJKT 3'),
(1322, '14538', '0076007663', 'AISYAH AQEELAH AZZAHRA', 'P', 39, 'XI DKV 1'),
(1323, '14539', '0076109556', 'ALVIRA KHAYLILA RAMADHANI', 'P', 39, 'XI DKV 1'),
(1324, '14540', '0075738666', 'ANDHIKA YOGA PRATAMA', 'L', 39, 'XI DKV 1'),
(1325, '14541', '0075873822', 'ANGGITA NAULI', 'P', 39, 'XI DKV 1'),
(1326, '14542', '0063736651', 'ARSYI ZINEDIN YAZID ZIDAN', 'L', 39, 'XI DKV 1'),
(1327, '14543', '0074944417', 'ASSYFA DINI GUSTINA', 'P', 39, 'XI DKV 1'),
(1328, '14544', '0071266001', 'DIN CHANTIKA SHEIKHARIS D\'SOUZA', 'P', 39, 'XI DKV 1'),
(1329, '14545', '0071505513', 'DIVA RIZKA LARASATY', 'P', 39, 'XI DKV 1'),
(1330, '14546', '0084012501', 'DONITA BEKTI PRATIWI', 'P', 39, 'XI DKV 1'),
(1331, '14547', '0078198929', 'FERDIAN TRI ANGGORO', 'L', 39, 'XI DKV 1'),
(1332, '14548', '0079442084', 'FIZRIA ARDELYTA SHAFIRA', 'P', 39, 'XI DKV 1'),
(1333, '13700', '0068081734', 'IQBAL NURINDRA', 'L', 39, 'XI DKV 1'),
(1334, '14549', '3066974070', 'M. HANIF AKRAM', 'L', 39, 'XI DKV 1'),
(1335, '14550', '0078841251', 'M. IQBAL APRIL YANSYAH', 'L', 39, 'XI DKV 1'),
(1336, '14551', '0062839997', 'MASIROL WALFAIZIN', 'L', 39, 'XI DKV 1'),
(1337, '14552', '0074765501', 'MOUZA IMELDA ZULIA', 'P', 39, 'XI DKV 1'),
(1338, '14553', '0066648070', 'MUHAMAD BAGAS BIMANTORO', 'L', 39, 'XI DKV 1'),
(1339, '14554', '0049913241', 'MUHAMAD FAISAL', 'L', 39, 'XI DKV 1'),
(1340, '14555', '0069487903', 'MUHAMAD JEHAN ALFAREZI', 'L', 39, 'XI DKV 1'),
(1341, '14556', '0071350170', 'MUHAMMAD ARIF', 'L', 39, 'XI DKV 1'),
(1342, '14557', '0068893898', 'NADIN NOVITA SARI', 'P', 39, 'XI DKV 1'),
(1343, '14558', '0079712521', 'NAYLA SYAKIRA', 'P', 39, 'XI DKV 1'),
(1344, '14559', '0068158911', 'NINA GUSTIYANA', 'P', 39, 'XI DKV 1'),
(1345, '14560', '0062357601', 'OKTA AYU ANDINI', 'P', 39, 'XI DKV 1'),
(1346, '14561', '0064079288', 'PRASOJO AGEMING MUKTI', 'L', 39, 'XI DKV 1'),
(1347, '14562', '0069648215', 'PUTIKA DWI HASNA SAFIRA', 'P', 39, 'XI DKV 1'),
(1348, '14563', '3073837029', 'RAHMA MELIA PUTRI', 'P', 39, 'XI DKV 1'),
(1349, '14564', '0071810598', 'RASYA PUTRA FAHAMSYAH', 'L', 39, 'XI DKV 1'),
(1350, '14565', '0088523147', 'RAYSAH ULFAH AL TASYA', 'P', 39, 'XI DKV 1'),
(1351, '14566', '0072853456', 'RIZKY FEBRIYANTO', 'L', 39, 'XI DKV 1'),
(1352, '14567', '0075959508', 'SHAIRA RIGAYANTI', 'P', 39, 'XI DKV 1'),
(1353, '14568', '0069638587', 'SISKA PUTRI RAMA DANTI', 'P', 39, 'XI DKV 1'),
(1354, '14569', '0073495379', 'SYAFIQ DZUL HILMI', 'L', 39, 'XI DKV 1'),
(1355, '14570', '0077514327', 'TITAN ENDY AVALA', 'L', 39, 'XI DKV 1'),
(1356, '14571', '0076513823', 'VIRGIANA KUSUMAH', 'P', 39, 'XI DKV 1'),
(1357, '14572', '0075168882', 'ZAHROTUSITA', 'P', 39, 'XI DKV 1'),
(1358, '14573', '0074249068', 'ZAIDAN KURNIAWAN', 'L', 39, 'XI DKV 1'),
(1359, '14574', '0077278186', 'ADRIAN RIZKI MAULANA', 'L', 40, 'XI DKV 2'),
(1360, '14575', '0068675737', 'AL DINO WICAKSONO', 'L', 40, 'XI DKV 2'),
(1361, '14576', '0076817203', 'APRILIA NURSYAFITRI UTAMI', 'P', 40, 'XI DKV 2'),
(1362, '14830', '0078891113', 'AQILA HULWAH MUFIDAH POWI', 'P', 40, 'XI DKV 2'),
(1363, '14578', '0071568444', 'BAGUS MAHMUD WALUYO JATI', 'L', 40, 'XI DKV 2'),
(1364, '14579', '0071172635', 'BAYU RIZKI', 'L', 40, 'XI DKV 2'),
(1365, '14580', '0079376804', 'BOJES SULENDRO', 'L', 40, 'XI DKV 2'),
(1366, '14581', '0062713744', 'DESKA AULIA PUTRI', 'P', 40, 'XI DKV 2'),
(1367, '14582', '3076978324', 'FATHIR AIFAL FADILAH', 'L', 40, 'XI DKV 2'),
(1368, '14583', '0076966359', 'HAFIZ AZRIAN UTOMO', 'L', 40, 'XI DKV 2'),
(1369, '14584', '0074100890', 'HENDY ALDIANSYAH PUTRA', 'L', 40, 'XI DKV 2'),
(1370, '14585', '0046459740', 'ICHSAN WIRA PRATAMA', 'L', 40, 'XI DKV 2'),
(1371, '14586', '0075764315', 'INAS ATIQAH RAHMASARI', 'P', 40, 'XI DKV 2'),
(1372, '14587', '0075995433', 'IRSAN ANUGRAH', 'L', 40, 'XI DKV 2'),
(1373, '13700', '0068081734', 'IQBAL NURINDRA', 'L', 40, 'XI DKV 2'),
(1374, '14588', '0061555961', 'JAORIA UTAMA PAWE', 'L', 40, 'XI DKV 2'),
(1375, '14589', '0064345094', 'KAYLA BUNGA LESTARI', 'P', 40, 'XI DKV 2'),
(1376, '14590', '0076058694', 'KINANTI MAHARANI', 'P', 40, 'XI DKV 2'),
(1377, '14591', '0079585989', 'LANA BALYRNA', 'P', 40, 'XI DKV 2'),
(1378, '14592', '0079262536', 'MIKHAEL SUSANTO JUNIOR', 'L', 40, 'XI DKV 2'),
(1379, '14594', '0074350088', 'MUHAMMAD AZHAR AL FATIH', 'L', 40, 'XI DKV 2'),
(1380, '14595', '0061520656', 'MUHAMMAD HAEKAL PUTRA WIJAYA', 'L', 40, 'XI DKV 2'),
(1381, '14596', '0063017039', 'MUHAMMAD HAKKAM NAJJAH', 'L', 40, 'XI DKV 2'),
(1382, '14597', '0077451594', 'MUHAMMAD RADITYA AWANG RAMADHAN', 'L', 40, 'XI DKV 2'),
(1383, '14598', '0073543054', 'MUHAMMAD SATYA PUTRA', 'L', 40, 'XI DKV 2'),
(1384, '14599', '0072519389', 'NADIA FEBRIANTI', 'P', 40, 'XI DKV 2'),
(1385, '14600', '0066249570', 'PASHA AL BAIHAQI', 'P', 40, 'XI DKV 2'),
(1386, '14601', '0077130808', 'RANGGA ARDI PRATAMA', 'L', 40, 'XI DKV 2'),
(1387, '14602', '0073127943', 'RASYA ADITIA', 'L', 40, 'XI DKV 2'),
(1388, '14603', '0075892264', 'RESTI FERA', 'L', 40, 'XI DKV 2'),
(1389, '14604', '0071379033', 'RICCO KURNIAWAN SALIM', 'L', 40, 'XI DKV 2'),
(1390, '14605', '0075862971', 'SHALSABILA TRIYANA', 'P', 40, 'XI DKV 2'),
(1391, '14606', '0069612876', 'SYAHDILLA FITRI VANIA', 'P', 40, 'XI DKV 2'),
(1392, '14607', '3068950080', 'ZAHRA SHAFA ERLITA', 'P', 40, 'XI DKV 2'),
(1393, '14608', '0078675644', 'ZALIKHA KAYLA RAHMATIKA', 'P', 40, 'XI DKV 2'),
(1394, '14609', '0074778689', 'ZULAYKA ANASTASYA AZZAHRA', 'P', 40, 'XI DKV 2'),
(1395, '14246', '0063209954', 'ADZKRA RAMADHAN', 'L', 41, 'XI PPLG 1'),
(1396, '14247', '0061551529', 'AGUNG SEMPURNO', 'L', 41, 'XI PPLG 1'),
(1397, '14248', '0075657492', 'AHMAD DHANIYARSYAH', 'L', 41, 'XI PPLG 1'),
(1398, '14249', '0072498051', 'AHMAD RAFI PRASENDA', 'L', 41, 'XI PPLG 1'),
(1399, '14250', '0077669680', 'AISYAH ZULAIKHA', 'P', 41, 'XI PPLG 1'),
(1400, '14251', '0077309118', 'AL FARRAS MUYASSAR', 'L', 41, 'XI PPLG 1'),
(1401, '14252', '0063935347', 'AMERIE NOVIA RIANTY', 'P', 41, 'XI PPLG 1'),
(1402, '14253', '0073664630', 'ARDHIKA PRANATHA', 'L', 41, 'XI PPLG 1'),
(1403, '14254', '0077962708', 'ARDYANT FARREL YUANS CANCERRA', 'L', 41, 'XI PPLG 1'),
(1404, '14255', '0075477614', 'BAYU WIJAYA', 'L', 41, 'XI PPLG 1'),
(1405, '14256', '0065451736', 'DENIS SETIAWAN', 'L', 41, 'XI PPLG 1'),
(1406, '14257', '3074672670', 'DIMAS REZA PRATAMA', 'L', 41, 'XI PPLG 1'),
(1407, '14258', '0066911664', 'FIKRI AL-MASRI', 'L', 41, 'XI PPLG 1'),
(1408, '14259', '0074503719', 'JEKSON PARNAEHAN PURBA', 'L', 41, 'XI PPLG 1'),
(1409, '14260', '0073588850', 'KGS ADITTIO RAMADHANI', 'L', 41, 'XI PPLG 1'),
(1410, '14261', '0076787964', 'LUKMAN HAKIM', 'L', 41, 'XI PPLG 1'),
(1411, '14262', '0076705616', 'M. AZFAR AT THAARIQ', 'L', 41, 'XI PPLG 1'),
(1412, '14263', '0074388415', 'M. GAJENDRA FAVIAN ANUBHAWA', 'L', 41, 'XI PPLG 1'),
(1413, '14264', '0073313354', 'M. MAULANA ZIDANE', 'L', 41, 'XI PPLG 1'),
(1414, '14265', '0067681605', 'MUHAMAD FAJAR AUNUR HIDAYAT', 'L', 41, 'XI PPLG 1'),
(1415, '14266', '0073753156', 'MUHAMMAD RIANDRA RAI KURNIAWAN SYAH', 'L', 41, 'XI PPLG 1'),
(1416, '14267', '0076048971', 'MUHAMMAD RICO FERDIYAN', 'L', 41, 'XI PPLG 1'),
(1417, '14268', '0075714475', 'MUHAMMAD RIZKY APRILIANTO', 'L', 41, 'XI PPLG 1'),
(1418, '14269', '0065856998', 'NABIEL MULYANA', 'L', 41, 'XI PPLG 1'),
(1419, '14270', '0075689905', 'NADYA PURI YOLANDA', 'P', 41, 'XI PPLG 1'),
(1420, '14271', '0077577740', 'PAKSI MIJIL KALITIDO', 'L', 41, 'XI PPLG 1'),
(1421, '14272', '0079159976', 'PARLINDUNGAN HUTAGALUNG', 'L', 41, 'XI PPLG 1'),
(1422, '14273', '0061821953', 'PUTRI DESTIFA', 'P', 41, 'XI PPLG 1'),
(1423, '14274', '0072423369', 'RAFI ADRIAN ALINSKY', 'L', 41, 'XI PPLG 1'),
(1424, '14275', '0077096557', 'RASYA ADITIA NUGROHO', 'L', 41, 'XI PPLG 1'),
(1425, '14276', '0075257115', 'REYNO ZULYEN ADAM', 'L', 41, 'XI PPLG 1'),
(1426, '14277', '0069568291', 'RIZA HAFIZ AL KHAIRI', 'L', 41, 'XI PPLG 1'),
(1427, '14278', '0075468640', 'SANIAH JAYANTI', 'P', 41, 'XI PPLG 1');
INSERT INTO `tb_siswa` (`id`, `nis`, `nisn`, `nama_siswa`, `jk`, `id_kelas`, `nama_kelas`) VALUES
(1428, '14279', '0077500664', 'SINTA NAILA RAMADANI', 'P', 41, 'XI PPLG 1'),
(1429, '14280', '0065462595', 'WALY SYAIDINA BADAY', 'L', 41, 'XI PPLG 1'),
(1430, '14281', '0071907397', 'ZASKIA AULIA PUTRI', 'P', 41, 'XI PPLG 1'),
(1431, '14282', '0078038127', 'ADITYA SURYA PRATAMA', 'L', 42, 'XI PPLG 2'),
(1432, '14283', '0063034230', 'AHMAD BAYU PANGESTU', 'L', 42, 'XI PPLG 2'),
(1433, '14284', '0061508249', 'ALDO SAPUTRA', 'L', 42, 'XI PPLG 2'),
(1434, '14285', '0054793684', 'AMELIA NURUL FIRDAYANTI', 'P', 42, 'XI PPLG 2'),
(1435, '14286', '0068148122', 'ARDJUN SETIAWAN DANI', 'L', 42, 'XI PPLG 2'),
(1436, '14287', '0074954322', 'BENNY ENDRAHADI AMRU', 'L', 42, 'XI PPLG 2'),
(1437, '14288', '0069139289', 'DAFFI PRAYUDA', 'L', 42, 'XI PPLG 2'),
(1438, '14289', '0074256248', 'DEVAL ANDRIYANO', 'L', 42, 'XI PPLG 2'),
(1439, '14290', '0063190117', 'DIMAS ADITYA', 'L', 42, 'XI PPLG 2'),
(1440, '14291', '0075991646', 'FAREL ALFIAN', 'L', 42, 'XI PPLG 2'),
(1441, '14292', '0084775473', 'FARRIS ZHAMBADA', 'L', 42, 'XI PPLG 2'),
(1442, '14293', '0073359941', 'GALANG ADREAN WIRYA', 'L', 42, 'XI PPLG 2'),
(1443, '14294', '0062610089', 'GUNAWAN', 'L', 42, 'XI PPLG 2'),
(1444, '14295', '0061604320', 'HARI KRISNA', 'L', 42, 'XI PPLG 2'),
(1445, '14296', '0049606493', 'IRVAN RAMADHANI', 'L', 42, 'XI PPLG 2'),
(1446, '14297', '0076276730', 'KEMAS ODHI ILHAM SAPUTRA', 'L', 42, 'XI PPLG 2'),
(1447, '14298', '0071359190', 'M. AKBAR RAGA IZHAR PERDANA', 'L', 42, 'XI PPLG 2'),
(1448, '14299', '0064641752', 'M. ALWI FASYA ARASYID', 'L', 42, 'XI PPLG 2'),
(1449, '14300', '0075207880', 'M. GALUH ARYA WIJAYA', 'L', 42, 'XI PPLG 2'),
(1450, '14301', '0066413876', 'M. RAFLY SAPUTRA', 'L', 42, 'XI PPLG 2'),
(1451, '14302', '0081835593', 'M. RIZKI SAPUTRA', 'L', 42, 'XI PPLG 2'),
(1452, '14303', '0077137571', 'M.MAULANA BAHRUL AZIZ', 'L', 42, 'XI PPLG 2'),
(1453, '14304', '0071076287', 'MUCHAMAD FAHRELL', 'L', 42, 'XI PPLG 2'),
(1454, '14305', '0076837161', 'MUHAMMAD DAFFA AN NAUFAL', 'L', 42, 'XI PPLG 2'),
(1455, '14306', '0069238870', 'MUHAMMAD FAREL', 'L', 42, 'XI PPLG 2'),
(1456, '14307', '0079926735', 'MUHAMMAD FAZRI', 'L', 42, 'XI PPLG 2'),
(1457, '14308', '0066265536', 'MUHAMMAD FHARIEZ ALFALH', 'L', 42, 'XI PPLG 2'),
(1458, '14309', '00766340008', 'MUHAMMAD RAFI HABIBI', 'L', 42, 'XI PPLG 2'),
(1459, '14310', '0062504988', 'MUHAMMAD RAFLI RADITYA', 'L', 42, 'XI PPLG 2'),
(1460, '14311', '0068084571', 'MUHAMMAD TYO MUZAKI', 'L', 42, 'XI PPLG 2'),
(1461, '14312', '0074320091', 'OKTARA PUTRI ALIZA', 'P', 42, 'XI PPLG 2'),
(1462, '14313', '0062568715', 'PUTRA RAHMAWAN', 'L', 42, 'XI PPLG 2'),
(1463, '14314', '0079957088', 'RAFLY ANAQHABA', 'L', 42, 'XI PPLG 2'),
(1464, '14315', '0074533209', 'RAYANDA KUSUMA ATMAJA', 'L', 42, 'XI PPLG 2'),
(1465, '14316', '0078503973', 'RIFAN LIKARDO EKA PRATAMA', 'L', 42, 'XI PPLG 2'),
(1466, '14317', '0075946165', 'SAHREZA AL KAFI', 'L', 42, 'XI PPLG 2'),
(1467, '14610', '0065161631', 'ADIESHA ALFARA JUNICA', 'P', 43, 'XI Pht 1'),
(1468, '14611', '0076863881', 'AGRIPA CESAR ALENO', 'L', 43, 'XI Pht 1'),
(1469, '14612', '3062856236', 'AHMAD SAUQI ARDIANSYAH', 'L', 43, 'XI Pht 1'),
(1470, '14613', '0073631648', 'ALFATIH MAULANA', 'L', 43, 'XI Pht 1'),
(1471, '14614', '0065813747', 'ALIYAH NAFIS\'AH', 'P', 43, 'XI Pht 1'),
(1472, '14615', '0077088921', 'ANANDA SAFFA RAHIMA', 'P', 43, 'XI Pht 1'),
(1473, '14616', '3076551142', 'ANGGUN LESTARI', 'P', 43, 'XI Pht 1'),
(1474, '14617', '0074755373', 'ARYA SETIANI PUTRI', 'P', 43, 'XI Pht 1'),
(1475, '14618', '0075044701', 'CHERY KHASILAH', 'P', 43, 'XI Pht 1'),
(1476, '14619', '0071009229', 'CLAUDYA SINTA SAPUTRI', 'P', 43, 'XI Pht 1'),
(1477, '14620', '0064332140', 'DESI ALFIAYANTI', 'P', 43, 'XI Pht 1'),
(1478, '14621', '0073404274', 'ERLINSHA LISPA MELANI', 'P', 43, 'XI Pht 1'),
(1479, '14622', '0074387683', 'FARISYA PUTRI UTHAMI', 'P', 43, 'XI Pht 1'),
(1480, '13838', '3060965631', 'FIKI ALMUHAROM', 'L', 43, 'XI Pht 1'),
(1481, '14623', '0066469420', 'GANI FEBRIANSYAH', 'L', 43, 'XI Pht 1'),
(1482, '14624', '0078294336', 'GILANG BAGAS SAPUTRA', 'L', 43, 'XI Pht 1'),
(1483, '14625', '0079066258', 'HARISTRADA AKBAR MAHESA', 'L', 43, 'XI Pht 1'),
(1484, '14626', '0068050175', 'JODDY ALFAYED', 'L', 43, 'XI Pht 1'),
(1485, '14627', '0071662285', 'JULI ANTO TRI ANDIKA', 'L', 43, 'XI Pht 1'),
(1486, '14628', '0071846846', 'KHAIRUNNISA SULISTIANI', 'P', 43, 'XI Pht 1'),
(1487, '14629', '0068364036', 'LUTFI DIYAUL AULIYA', 'P', 43, 'XI Pht 1'),
(1488, '14630', '0077724684', 'M. ARYARAFFI DWI CHANDRA', 'L', 43, 'XI Pht 1'),
(1489, '14631', '0062689619', 'MAHFIUDIN', 'L', 43, 'XI Pht 1'),
(1490, '13844', '0058283607', 'M. FALDA PRATAMA', 'L', 43, 'XI Pht 1'),
(1491, '14632', '3085091787', 'MARCEL DENGURETU', 'L', 43, 'XI Pht 1'),
(1492, '14633', '0074200096', 'MELVY AULIA NABILA', 'P', 43, 'XI Pht 1'),
(1493, '14634', '0063387722', 'MUHAMMAD FACHRI ILHAM', 'L', 43, 'XI Pht 1'),
(1494, '14635', '0069615667', 'MUHAMMAD FADEL ATHAILLAH', 'L', 43, 'XI Pht 1'),
(1495, '14636', '0075548134', 'MUHAMMAD RAVA FADILLAH', 'L', 43, 'XI Pht 1'),
(1496, '14637', '0063443317', 'NAJWA NAYILLA PUTRI ZANA', 'P', 43, 'XI Pht 1'),
(1497, '14639', '0077450825', 'REGINA APRILIANA', 'P', 43, 'XI Pht 1'),
(1498, '14640', '0073303992', 'SALSA AMALIA PUTRI', 'P', 43, 'XI Pht 1'),
(1499, '14641', '0073191002', 'SHERLY PURNAMA SARI', 'P', 43, 'XI Pht 1'),
(1500, '14642', '0065471049', 'SYAHRUL ARIFIN', 'L', 43, 'XI Pht 1'),
(1501, '14643', '0072821852', 'THEOFILLO NICHOLAS SEIYA', 'L', 43, 'XI Pht 1'),
(1502, '14644', '0075338857', 'VIKA AUREL NATASYA', 'P', 43, 'XI Pht 1'),
(1503, '14645', '0067018006', 'YOFA TARANIA DANUARI', 'P', 43, 'XI Pht 1'),
(1504, '14646', '0072204052', 'ADJIE HADIYANSAH', 'L', 44, 'XI Pht 2'),
(1505, '14647', '0075075952', 'AHMAD MUHTADI', 'L', 44, 'XI Pht 2'),
(1506, '14648', '0069146387', 'ALWIS YUDA KUSUMO', 'L', 44, 'XI Pht 2'),
(1507, '14649', '0076389263', 'ARDILA VEGA PERTIWI', 'P', 44, 'XI Pht 2'),
(1508, '14650', '0079949159', 'ARYA WIRAWAN', 'L', 44, 'XI Pht 2'),
(1509, '14651', '0075746678', 'AYU AMALIA', 'P', 44, 'XI Pht 2'),
(1510, '14652', '0075846277', 'BALYA MAULANA', 'L', 44, 'XI Pht 2'),
(1511, '14653', '0072267390', 'DECHA AYU AMARTA', 'P', 44, 'XI Pht 2'),
(1512, '14654', '0079107799', 'FITRIA WAYANI', 'P', 44, 'XI Pht 2'),
(1513, '14655', '0073158079', 'GITA NOFRIYANTI', 'P', 44, 'XI Pht 2'),
(1514, '13840', '0153973457', 'HAPPY DESTA PRATAMA', 'L', 44, 'XI Pht 2'),
(1515, '14656', '0079711431', 'INTAN KHIRANIPUTRI USMAN', 'P', 44, 'XI Pht 2'),
(1516, '14657', '0072759054', 'JAYA PUSPITA SARI', 'P', 44, 'XI Pht 2'),
(1517, '14658', '3069230823', 'KAYLA AGUSTIN', 'P', 44, 'XI Pht 2'),
(1518, '14659', '0063594850', 'M. FADLAN LUTHFI NAJWAN PUTRA', 'L', 44, 'XI Pht 2'),
(1519, '14660', '0081601322', 'MARFEL MAULANA', 'L', 44, 'XI Pht 2'),
(1520, '14661', '0069231823', 'MUH. ZULIAN RIVALDO', 'L', 44, 'XI Pht 2'),
(1521, '14662', '0079584244', 'MUHAMMAD AKHMAL FAKHRI', 'L', 44, 'XI Pht 2'),
(1522, '14663', '0054060898', 'MUHAMMAD DAVA AFRIZAL', 'L', 44, 'XI Pht 2'),
(1523, '14664', '0079407795', 'MUHAMMAD DIRLY AFRIJAL', 'L', 44, 'XI Pht 2'),
(1524, '14665', '0074934163', 'MUHAMMAD YAFI AKIFAN', 'L', 44, 'XI Pht 2'),
(1525, '14666', '0077725705', 'NABILA ANDRI YANI', 'P', 44, 'XI Pht 2'),
(1526, '14667', '0073558983', 'NIKEN LAURA VIANA', 'P', 44, 'XI Pht 2'),
(1527, '14668', '0075225629', 'PAHRIL', 'L', 44, 'XI Pht 2'),
(1528, '14669', '0061899450', 'PYKO SOFIAN SADEWO', 'L', 44, 'XI Pht 2'),
(1529, '14670', '0063141618', 'RAMADANI HARY KUSUMA', 'L', 44, 'XI Pht 2'),
(1530, '14671', '0075208705', 'RANI ARDHITA SARI', 'P', 44, 'XI Pht 2'),
(1531, '14672', '0074381043', 'RISKIKA DAMAYANTI', 'P', 44, 'XI Pht 2'),
(1532, '14673', '0052522451', 'RIZKY ARDIANSYAH', 'L', 44, 'XI Pht 2'),
(1533, '14674', '0078999758', 'SAIFUL HIDAYAH', 'L', 44, 'XI Pht 2'),
(1534, '14675', '0077054905', 'SALSABILA FITRIA RAMADHANI', 'P', 44, 'XI Pht 2'),
(1535, '14676', '0075548848', 'SATRIA WIJAYA', 'L', 44, 'XI Pht 2'),
(1536, '14677', '0077430593', 'SIFA NUR AINI', 'P', 44, 'XI Pht 2'),
(1537, '14678', '0138867896', 'SRI AZWANA PALASTRI', 'P', 44, 'XI Pht 2'),
(1538, '14679', '0136590246', 'SUCI DIANKAH', 'P', 44, 'XI Pht 2'),
(1539, '14680', '0078429208', 'TYA BUNGA LESTARI', 'P', 44, 'XI Pht 2'),
(1540, '14681', '0084683224', 'VENDRA VERNANDO', 'L', 44, 'XI Pht 2'),
(1541, '14682', '0064775610', 'ACHMADI BAYU SYAHPUTRA', 'L', 45, 'XI Pht 3'),
(1542, '13824', '5500947036', 'AGUSTINA VINA SARI', 'P', 45, 'XI Pht 3'),
(1543, '14683', '0075217471', 'ALDI ROMA DIANSYAH', 'L', 45, 'XI Pht 3'),
(1544, '13827', '8400001496', 'ALFRIZO RAMADO', 'L', 45, 'XI Pht 3'),
(1545, '14684', '0064929360', 'ALLYA MUKHBITA', 'P', 45, 'XI Pht 3'),
(1546, '14685', '0063005458', 'ANISA OKTAVIA RAMADHANI', 'P', 45, 'XI Pht 3'),
(1547, '14686', '0075840011', 'ANNISA AULIA RAMADHANI', 'P', 45, 'XI Pht 3'),
(1548, '14687', '0071221324', 'BAYU TALO PERMANA', 'L', 45, 'XI Pht 3'),
(1549, '14688', '0079359440', 'BARNAS HADINATA', 'L', 45, 'XI Pht 3'),
(1550, '14689', '0063643890', 'DEYA APRILIA', 'P', 45, 'XI Pht 3'),
(1551, '14690', '0078096890', 'DWI NOVI YANTI', 'P', 45, 'XI Pht 3'),
(1552, '14691', '0072670118', 'FABIAN AFANDI', 'L', 45, 'XI Pht 3'),
(1553, '14692', '0062611336', 'FAJAR MAULANA', 'L', 45, 'XI Pht 3'),
(1554, '14693', '0068177374', 'GUNTUR RAKHA PRADIPA', 'L', 45, 'XI Pht 3'),
(1555, '14694', '0089262280', 'JIHAN NOPITASARI', 'P', 45, 'XI Pht 3'),
(1556, '14695', '0085195093', 'LAURA CANTIKA PUTRI', 'P', 45, 'XI Pht 3'),
(1557, '14696', '0069402636', 'LISA REVANI', 'P', 45, 'XI Pht 3'),
(1558, '14697', '75980792', 'M KHADAFI OSKAR', 'L', 45, 'XI Pht 3'),
(1559, '14698', '0079891193', 'M. DAVI RANGGA . S', 'L', 45, 'XI Pht 3'),
(1560, '14699', '0081575527', 'M. FEBRYAN SHIPA SORI', 'L', 45, 'XI Pht 3'),
(1561, '14700', '0056607945', 'MAULANA YUSUF', 'L', 45, 'XI Pht 3'),
(1562, '14701', '0071210061', 'MUHAMMAD ABDUL RUYAN', 'L', 45, 'XI Pht 3'),
(1563, '14702', '0062382583', 'MUHAMMAD FARID ALVARO', 'L', 45, 'XI Pht 3'),
(1564, '14703', '0076767609', 'MUHAMMAD MAULANA AKBAR', 'L', 45, 'XI Pht 3'),
(1565, '14704', '0078892020', 'MUTMAINAH', 'P', 45, 'XI Pht 3'),
(1566, '14705', '0074365254', 'NAILA ANSARIA', 'P', 45, 'XI Pht 3'),
(1567, '14706', '0074755323', 'NASYWALITA FITRIANI', 'P', 45, 'XI Pht 3'),
(1568, '14707', '0065111371', 'NAZRA AULIA', 'P', 45, 'XI Pht 3'),
(1569, '14708', '0076495549', 'NURAISYAH', 'P', 45, 'XI Pht 3'),
(1570, '14709', '0073350635', 'PUTRI SUCI RAMADHANI', 'P', 45, 'XI Pht 3'),
(1571, '14710', '0078923549', 'RAIHAN ALHADI PURNAMA', 'L', 45, 'XI Pht 3'),
(1572, '14711', '0076813237', 'REVALINA RAMADANTY', 'P', 45, 'XI Pht 3'),
(1573, '14712', '0074401444', 'SANDY PRAYOGA', 'L', 45, 'XI Pht 3'),
(1574, '14713', '0075617443', 'SANTI ARTIKA JULIYANI', 'L', 45, 'XI Pht 3'),
(1575, '14714', '0077897219', 'SASKIA BUNGA AMANDA', 'P', 45, 'XI Pht 3'),
(1576, '14715', '0068853569', 'SRI AYU LESTARI', 'P', 45, 'XI Pht 3'),
(1577, '14716', '0072941616', 'WILDAN MA\'ARIF', 'L', 45, 'XI Pht 3'),
(1578, '14717', '0085698022', 'ZAHRATUSSITA IMANI', 'P', 45, 'XI Pht 3'),
(1579, '14318', '0071202070', 'ADE PURNAMA SARI', 'P', 46, 'XI Kul 1'),
(1580, '14319', '0076374732', 'AGLA ARTA LIDIA', 'P', 46, 'XI Kul 1'),
(1581, '14320', '0079222443', 'ALVICYA MEZA WIJAYA', 'P', 46, 'XI Kul 1'),
(1582, '14321', '0077409874', 'AMELIA PUTRI', 'P', 46, 'XI Kul 1'),
(1583, '14322', '0072794367', 'ANGEL MIRACLE LAM', 'P', 46, 'XI Kul 1'),
(1584, '14323', '0064984579', 'ARTHACIA YUMIKA BIERKY', 'P', 46, 'XI Kul 1'),
(1585, '14325', '0066185668', 'BELLA DWI HAPSARI', 'P', 46, 'XI Kul 1'),
(1586, '14326', '0079428772', 'BUNGA ZAHRA AMELIA KELANA', 'P', 46, 'XI Kul 1'),
(1587, '14327', '0066802334', 'DEKA WINARTA', 'L', 46, 'XI Kul 1'),
(1588, '14328', '0062738578', 'DWI SASTA OLIVIA', 'P', 46, 'XI Kul 1'),
(1589, '14829', '0066399459', 'EVA AGISTI', 'P', 46, 'XI Kul 1'),
(1590, '14329', '0061085727', 'HANIFA NUR RAHMA', 'P', 46, 'XI Kul 1'),
(1591, '14330', '0071667992', 'HARI EKA SAPUTRA', 'L', 46, 'XI Kul 1'),
(1592, '14331', '0073198215', 'IQLIMA NUR FARESHA', 'P', 46, 'XI Kul 1'),
(1593, '14332', '0072600399', 'IZYAN ZAHIDA WAFY', 'L', 46, 'XI Kul 1'),
(1594, '14333', '0069408809', 'KHANSA DWI FITRIA', 'P', 46, 'XI Kul 1'),
(1595, '14334', '0071988001', 'MARSHA AULYA NAPOLION', 'P', 46, 'XI Kul 1'),
(1596, '14335', '0067976983', 'MUHAMMAD ZAKI ALIM', 'L', 46, 'XI Kul 1'),
(1597, '14336', '0078430343', 'NABILA AZKIA PUTRI', 'P', 46, 'XI Kul 1'),
(1598, '14337', '0074927565', 'NADHIRA PUTRI MASICHA', 'P', 46, 'XI Kul 1'),
(1599, '14338', '3066400399', 'NADIA AZHRA LUTFIAH PANJAITAN', 'P', 46, 'XI Kul 1'),
(1600, '14339', '0062463946', 'NADIA RAHMA PUTRI', 'P', 46, 'XI Kul 1'),
(1601, '14340', '0067892651', 'NAZWA RAHMAYANTI', 'P', 46, 'XI Kul 1'),
(1602, '14341', '0073363772', 'NILA KURMILA DEWA', 'P', 46, 'XI Kul 1'),
(1603, '14342', '0075054075', 'NILAM PERTIWI', 'P', 46, 'XI Kul 1'),
(1604, '14343', '0071408312', 'RASHA AUFA DHILAH', 'P', 46, 'XI Kul 1'),
(1605, '14344', '0061327439', 'RATU SAFIRA ADZAHRA', 'P', 46, 'XI Kul 1'),
(1606, '14345', '0072747077', 'SAFA QAYLA PRAMUDYA', 'P', 46, 'XI Kul 1'),
(1607, '14346', '0065071810', 'SASYA BERLIANDA', 'P', 46, 'XI Kul 1'),
(1608, '14347', '0074186265', 'SEPTIA RAMADANI', 'P', 46, 'XI Kul 1'),
(1609, '14348', '0071001928', 'SILVI ZESKIA', 'P', 46, 'XI Kul 1'),
(1610, '14349', '0078153586', 'SYAFIRA ALODIYA', 'P', 46, 'XI Kul 1'),
(1611, '14350', '3077753339', 'SYARIFAH NINA NAYLA', 'P', 46, 'XI Kul 1'),
(1612, '14351', '0087281780', 'TASYA FEBRIA', 'P', 46, 'XI Kul 1'),
(1613, '14352', '0079435650', 'TRISTAN MUHAMMAD DIEGO', 'L', 46, 'XI Kul 1'),
(1614, '14353', '0078768138', 'YANI', 'P', 46, 'XI Kul 1'),
(1615, '14354', '0079953068', 'ACHA', 'P', 47, 'XI Kul 2'),
(1616, '14355', '0087656427', 'ADEL JELITA', 'P', 47, 'XI Kul 2'),
(1617, '14356', '0078075059', 'AFFIRALDA HENGKY ANGGUN ROSELLY', 'P', 47, 'XI Kul 2'),
(1618, '14357', '0071732530', 'AHMAD YASEER SACHIO', 'L', 47, 'XI Kul 2'),
(1619, '14358', '0074107210', 'ALLIYAH KHAIRUNISA', 'P', 47, 'XI Kul 2'),
(1620, '14359', '0076124574', 'ATIQ RASIKAH LUTHFI', 'P', 47, 'XI Kul 2'),
(1621, '14360', '0077188958', 'DEPI SUCI ANDANI', 'P', 47, 'XI Kul 2'),
(1622, '14361', '0066047230', 'DESTIVA DHEA ANANDA', 'P', 47, 'XI Kul 2'),
(1623, '14362', '0075696375', 'FARREL ARIANTO', 'L', 47, 'XI Kul 2'),
(1624, '14363', '0063320532', 'FIRA FARIDA', 'P', 47, 'XI Kul 2'),
(1625, '14364', '006783102', 'HENGKI ANDRE SAPUTRA', 'L', 47, 'XI Kul 2'),
(1626, '14365', '0072871480', 'INDRA MAULANA', 'L', 47, 'XI Kul 2'),
(1627, '14366', '0077375678', 'JEAVAN ANDREAS SANJAYA', 'L', 47, 'XI Kul 2'),
(1628, '14367', '0066772068', 'KAYLA SALSABILLA', 'P', 47, 'XI Kul 2'),
(1629, '14369', '0073858828', 'LAILA AS SHADIA', 'P', 47, 'XI Kul 2'),
(1630, '14370', '0075050183', 'MAKAILLA AGATHA', 'P', 47, 'XI Kul 2'),
(1631, '14371', '0076142701', 'MOH IKHSAN KURNIAWAN', 'L', 47, 'XI Kul 2'),
(1632, '14372', '0062572934', 'MUHAMAD ANDHIKA PRATAMA', 'L', 47, 'XI Kul 2'),
(1633, '14373', '0056332910', 'MUHAMMAD SATRIA', 'L', 47, 'XI Kul 2'),
(1634, '14374', '0061778678', 'NASWA AULIA', 'P', 47, 'XI Kul 2'),
(1635, '14375', '0077071483', 'NASYA VIOLETTA SIDHARTA', 'P', 47, 'XI Kul 2'),
(1636, '14376', '0083475846', 'NIKY NURASYIFA SUBEKI', 'P', 47, 'XI Kul 2'),
(1637, '14377', '0079717385', 'NURHASANAH', 'P', 47, 'XI Kul 2'),
(1638, '14378', '0077906172', 'RAHMAT FAJAR FEBRIYAN', 'L', 47, 'XI Kul 2'),
(1639, '14379', '0063657004', 'RAHMAWATI', 'P', 47, 'XI Kul 2'),
(1640, '14380', '0086111741', 'RAISYA FADILLAH S RIYADI', 'P', 47, 'XI Kul 2'),
(1641, '14381', '0068440920', 'RAYA IDILIA FITRI', 'P', 47, 'XI Kul 2'),
(1642, '14382', '0078246777', 'REGITA CAHYANI', 'P', 47, 'XI Kul 2'),
(1643, '14383', '3078192589', 'RIZKY AL FATHIR SAM', 'L', 47, 'XI Kul 2'),
(1644, '14384', '0072323665', 'SASKIA FEBRIANI', 'P', 47, 'XI Kul 2'),
(1645, '14385', '0072907649', 'SASKIA RAMADHANI', 'P', 47, 'XI Kul 2'),
(1646, '14386', '0078019189', 'SEFTI RAMA DHANIA', 'P', 47, 'XI Kul 2'),
(1647, '14387', '0078891893', 'SHELA FITALOKA', 'P', 47, 'XI Kul 2'),
(1648, '14388', '0069474383', 'SIFFA AMARA', 'P', 47, 'XI Kul 2'),
(1649, '14389', '0061262525', 'SYKA REGIYANI', 'P', 47, 'XI Kul 2'),
(1650, '14390', '0074451555', 'YOHANES ANDRETAN', 'L', 47, 'XI Kul 2'),
(1651, '14391', '0063881605', 'AHMAD ADAM', 'L', 48, 'XI Bus'),
(1652, '14392', '0071643376', 'AMELIA MIFTAKHUL JANNAH', 'P', 48, 'XI Bus'),
(1653, '14393', '0076155271', 'ANGELIA ZENIAR PUTRI', 'P', 48, 'XI Bus'),
(1654, '14394', '0062935141', 'ARINA FADHILAH SETYASIH', 'P', 48, 'XI Bus'),
(1655, '14396', '0075170823', 'BUNGA NOVITA SARI', 'P', 48, 'XI Bus'),
(1656, '14397', '0073220992', 'CATUR SYAFIRA RISMANDA', 'P', 48, 'XI Bus'),
(1657, '14398', '0077148174', 'CHAYNA DWI ADIJAYANTI', 'P', 48, 'XI Bus'),
(1658, '14399', '0072512316', 'DEWI APRIYANA PUTRI', 'P', 48, 'XI Bus'),
(1659, '14400', '0078586572', 'DIMAS ANDREAN', 'L', 48, 'XI Bus'),
(1660, '14401', '0075382530', 'ELSA PUSFITA', 'P', 48, 'XI Bus'),
(1661, '14402', '0062763652', 'FINKA WAHYU ARINDI', 'P', 48, 'XI Bus'),
(1662, '14403', '0067093567', 'FRISKA FERINA BR MARBUN', 'P', 48, 'XI Bus'),
(1663, '14404', '0079463297', 'GHINAAYA RIZKY AUZA', 'P', 48, 'XI Bus'),
(1664, '14405', '0075054875', 'GISKA ANGGUN AZAHRA', 'P', 48, 'XI Bus'),
(1665, '14406', '0076196918', 'GLADIS AULIA PERMANA', 'P', 48, 'XI Bus'),
(1666, '14407', '0075579226', 'INTAN FEBRIYANI', 'P', 48, 'XI Bus'),
(1667, '14408', '0075814224', 'ISNAINI ANNISA DEWI', 'P', 48, 'XI Bus'),
(1668, '14409', '0068026936', 'KAYLA RAHMADHANI', 'P', 48, 'XI Bus'),
(1669, '14410', '0073898379', 'LUNA LOVINA KURNIAWAN', 'P', 48, 'XI Bus'),
(1670, '14411', '0075915106', 'MARGITA SYARANI', 'P', 48, 'XI Bus'),
(1671, '14412', '0082208557', 'MELANI PUSPITA SARI', 'P', 48, 'XI Bus'),
(1672, '14413', '0068043836', 'NALA NINDISA QANITAH IRAWAN', 'P', 48, 'XI Bus'),
(1673, '14414', '0082518349', 'NAYLA RAHMALIA PUTRI', 'P', 48, 'XI Bus'),
(1674, '14415', '0079841355', 'NAYSILA JULIA SARENDRA', 'P', 48, 'XI Bus'),
(1675, '14416', '0079396053', 'NISRINA SEPTIANI', 'P', 48, 'XI Bus'),
(1676, '14417', '0078675692', 'NOVIRA AMELIA PUTRI', 'P', 48, 'XI Bus'),
(1677, '14418', '0051640468', 'PUSPA NOVANTI', 'P', 48, 'XI Bus'),
(1678, '14419', '0077635972', 'PUTRI DWI SHAFIRA', 'P', 48, 'XI Bus'),
(1679, '14420', '0074196967', 'RANI DESTIANA', 'P', 48, 'XI Bus'),
(1680, '14421', '0066947926', 'SAFANI ZAHRA RULIA', 'P', 48, 'XI Bus'),
(1681, '14422', '0064974858', 'SINTIA MONIKA', 'P', 48, 'XI Bus'),
(1682, '14423', '0079002914', 'SITI ANISA', 'P', 48, 'XI Bus'),
(1683, '14424', '0077409270', 'SITI PERA FADILA', 'P', 48, 'XI Bus'),
(1684, '14425', '3089468553', 'SUMINI AULIA WATI', 'P', 48, 'XI Bus'),
(1685, '14426', '0077076645', 'TASYA ANGGRAINI', 'P', 48, 'XI Bus'),
(1686, '13178', '8400000449', 'ADEL JULI SAPUTRI', 'P', 49, 'XII AKL 1'),
(1687, '13179', '0057758084', 'AFIF NAUFAL MULIA', 'L', 49, 'XII AKL 1'),
(1688, '13180', '0064179933', 'AHMAD QADLI ZAKA', 'L', 49, 'XII AKL 1'),
(1689, '13181', '0061192780', 'AINUN SELA FEBI INTANA', 'P', 49, 'XII AKL 1'),
(1690, '13182', '0062785575', 'ALIYAH SAFITRI', 'P', 49, 'XII AKL 1'),
(1691, '13183', '0067982916', 'ALSYA AZZAHRA PRIMADONA', 'P', 49, 'XII AKL 1'),
(1692, '13184', '0065422106', 'ANANDA PUTRI AWALIA', 'P', 49, 'XII AKL 1'),
(1693, '13185', '0061668955', 'ANISA', 'P', 49, 'XII AKL 1'),
(1694, '13186', '0055502594', 'ARIBAH SALSA BILLAH', 'P', 49, 'XII AKL 1'),
(1695, '13187', '0053437121', 'ARLISA NIARUM', 'P', 49, 'XII AKL 1'),
(1696, '13188', '0065113337', 'DELLA APRILIA', 'P', 49, 'XII AKL 1'),
(1697, '13189', '0066898267', 'DIMAS ARYO WIBOWO', 'L', 49, 'XII AKL 1'),
(1698, '13190', '0057851328', 'FITRI DWI ARLIANI', 'P', 49, 'XII AKL 1'),
(1699, '13191', '0047980259', 'I MADE SUWIDNYANA', 'L', 49, 'XII AKL 1'),
(1700, '13192', '0061816386', 'IGMA ANDANA NURLUTFIA', 'P', 49, 'XII AKL 1'),
(1701, '13193', '0042728612', 'INAWANG KOESBANDIYAH', 'P', 49, 'XII AKL 1'),
(1702, '13194', '0062979820', 'INDAH SUTRI CAHYANI', 'P', 49, 'XII AKL 1'),
(1703, '13195', '0065294130', 'KANAYA FERISKA', 'P', 49, 'XII AKL 1'),
(1704, '13196', '0064734806', 'MAULANA YUSUF RAMADHAN', 'L', 49, 'XII AKL 1'),
(1705, '13197', '0062473241', 'MOUDY NURIL HUDA', 'P', 49, 'XII AKL 1'),
(1706, '13198', '8400001753', 'NAJLA ARIFKA AMALYA', 'P', 49, 'XII AKL 1'),
(1707, '13199', '0059854028', 'NAMIRA KESYA SALSABILA', 'P', 49, 'XII AKL 1'),
(1708, '13200', '0066369613', 'NAURA SILVANIA PUTRI', 'P', 49, 'XII AKL 1'),
(1709, '13201', '0049108384', 'NOVELA SAPITRI', 'P', 49, 'XII AKL 1'),
(1710, '13202', '0062466648', 'OCHA AULIA AZZAHRA', 'P', 49, 'XII AKL 1'),
(1711, '13203', '0068141026', 'RASYA AZKA PUSPITA', 'P', 49, 'XII AKL 1'),
(1712, '13204', '0069927963', 'RIO GUNAWAN', 'L', 49, 'XII AKL 1'),
(1713, '13205', '8400001602', 'SISI ANASTASIA', 'P', 49, 'XII AKL 1'),
(1714, '13206', '0068235126', 'SUCI HELMATHIA', 'P', 49, 'XII AKL 1'),
(1715, '13207', '0061838250', 'SUCI MAHARANI', 'P', 49, 'XII AKL 1'),
(1716, '13208', '0063360370', 'SYFA AUDIA KINANTI', 'P', 49, 'XII AKL 1'),
(1717, '13209', '0054171741', 'TIARA SEPTIYANI', 'P', 49, 'XII AKL 1'),
(1718, '13210', '0067442852', 'TRI DESTI ASTUTI', 'P', 49, 'XII AKL 1'),
(1719, '13211', '0044476621', 'VIA ZAHRA ANGGRAINI', 'P', 49, 'XII AKL 1'),
(1720, '13212', '0055966153', 'VIOLA LAURA', 'P', 49, 'XII AKL 1'),
(1721, '13213', '8400001757', 'VIVIAN NASYWA ELYSIA', 'P', 49, 'XII AKL 1'),
(1722, '13214', '0058159987', 'ADELLA DISAURA', 'P', 50, 'XII AKL 2'),
(1723, '13215', '0066507961', 'AULIYA RAHMA', 'P', 50, 'XII AKL 2'),
(1724, '13216', '0063637595', 'BINTANG AURA MAESSA AYU', 'P', 50, 'XII AKL 2'),
(1725, '13217', '8400001773', 'CALLYSTA CANTIKA LAREINA', 'P', 50, 'XII AKL 2'),
(1726, '13218', '0068147728', 'DHIKA YANUARTA', 'L', 50, 'XII AKL 2'),
(1727, '13219', '0055789868', 'DINA FITRIAH', 'P', 50, 'XII AKL 2'),
(1728, '13220', '0064106182', 'FANI RAHMAWATI', 'P', 50, 'XII AKL 2'),
(1729, '13221', '0064559543', 'FRANESA DIAZIZA YUSAS', 'P', 50, 'XII AKL 2'),
(1730, '13222', '0067598783', 'IIS DESMITA', 'P', 50, 'XII AKL 2'),
(1731, '13223', '0067348219', 'JESICA LAURENSIA', 'P', 50, 'XII AKL 2'),
(1732, '13224', '0064256693', 'MAYURI HERGIANTI ZAVARANI', 'P', 50, 'XII AKL 2'),
(1733, '13225', '0067742701', 'MUTIA MAULIDINA', 'P', 50, 'XII AKL 2'),
(1734, '13226', '0063663978', 'NABILA DEWI SUGIARTO', 'P', 50, 'XII AKL 2'),
(1735, '13227', '0053682900', 'NABILA SAFFA AULIA', 'P', 50, 'XII AKL 2'),
(1736, '13228', '0064219229', 'NABILAH SILVIA PUTRI ANGGRAINI', 'P', 50, 'XII AKL 2'),
(1737, '13229', '0064014685', 'NADIA DWI LESTARI', 'P', 50, 'XII AKL 2'),
(1738, '13230', '0051003507', 'NAYLA INDAH AZIZAH', 'P', 50, 'XII AKL 2'),
(1739, '13231', '0077190065', 'NITYA FEBRI YANTI', 'P', 50, 'XII AKL 2'),
(1740, '13232', '0061259953', 'NOVA ANANDA', 'P', 50, 'XII AKL 2'),
(1741, '13233', '0058342879', 'NOVELIA PUTRI', 'P', 50, 'XII AKL 2'),
(1742, '13234', '0059442787', 'NURUL IZZATUL SALWA', 'P', 50, 'XII AKL 2'),
(1743, '13235', '0064142026', 'RAHMA LESTARI', 'P', 50, 'XII AKL 2'),
(1744, '13236', '0064161226', 'RAHMA RAMADHANI', 'P', 50, 'XII AKL 2'),
(1745, '13237', '0074900673', 'SICA SALSABILA', 'P', 50, 'XII AKL 2'),
(1746, '13238', '0067600633', 'SINTIYA SALSA BILA', 'P', 50, 'XII AKL 2'),
(1747, '13239', '0061092482', 'SORTA HOTMAULI PATRICIA BR. SO', 'P', 50, 'XII AKL 2'),
(1748, '13240', '0064610698', 'SYAFIQA NABILA', 'P', 50, 'XII AKL 2'),
(1749, '13241', '0058138660', 'TIARA AMALIA RAHMAYANI', 'P', 50, 'XII AKL 2'),
(1750, '13242', '0061539665', 'TYAS SYAH RATU PUTRI', 'P', 50, 'XII AKL 2'),
(1751, '13243', '8400001318', 'VANIA FITRIANY', 'P', 50, 'XII AKL 2'),
(1752, '13244', '0059375788', 'WAHYU PUTRA WIJAYA', 'L', 50, 'XII AKL 2'),
(1753, '13245', '0058273463', 'YENTI ARDILA', 'P', 50, 'XII AKL 2'),
(1754, '13246', '0069860020', 'YOLANDA AGUSTINAH', 'P', 50, 'XII AKL 2'),
(1755, '13247', '0069433262', 'YOLANDA SUVIRA', 'P', 50, 'XII AKL 2'),
(1756, '13248', '0066848463', 'YUWONO BAYU TIRTO', 'L', 50, 'XII AKL 2'),
(1757, '13249', '0068901988', 'ADITYA SAPUTRA WINAKA', 'L', 51, 'XII AKL 3'),
(1758, '13250', '0059227117', 'ALISA MAULIDAWATI', 'P', 51, 'XII AKL 3'),
(1759, '13251', '0061020187', 'AMELIA PUTRI', 'P', 51, 'XII AKL 3'),
(1760, '13252', '0068514789', 'AMELIKA YULIANTI', 'P', 51, 'XII AKL 3'),
(1761, '13253', '0075839497', 'ANANDA AULIA PUTRI', 'P', 51, 'XII AKL 3'),
(1762, '13254', '0061133977', 'APRILLIANI', 'P', 51, 'XII AKL 3'),
(1763, '13255', '0069403106', 'AULIA SANTIKA', 'P', 51, 'XII AKL 3'),
(1764, '13256', '0073819866', 'CAHAYA RIA AQOBA', 'P', 51, 'XII AKL 3'),
(1765, '13257', '0056497173', 'DANISHA ARYANI', 'P', 51, 'XII AKL 3'),
(1766, '13258', '0068831946', 'DEA AGISTIN', 'P', 51, 'XII AKL 3'),
(1767, '13259', '0068738718', 'DEBY CINTIYA PUTRI', 'P', 51, 'XII AKL 3'),
(1768, '13260', '8400001068', 'DELLA MONIKA', 'P', 51, 'XII AKL 3'),
(1769, '13261', '0057639224', 'DERA AYU KISMIANI', 'P', 51, 'XII AKL 3'),
(1770, '13262', '0055540172', 'DESI ANITA SARI', 'P', 51, 'XII AKL 3'),
(1771, '13263', '0053557400', 'DEWI SANDRA ANGGRAINI', 'P', 51, 'XII AKL 3'),
(1772, '13264', '0062930793', 'ELISA FEBRIANTI', 'P', 51, 'XII AKL 3'),
(1773, '13265', '0058232423', 'ERLIS SINTIA BELLA', 'P', 51, 'XII AKL 3'),
(1774, '13266', '0063562002', 'FANISA CANTICKA AURELYANTI', 'P', 51, 'XII AKL 3'),
(1775, '13267', '0051567968', 'INGGRID INDRIYANI', 'P', 51, 'XII AKL 3'),
(1776, '13268', '0063522839', 'KAKA DWIDERLA', 'L', 51, 'XII AKL 3'),
(1777, '13269', '0068019607', 'M. FATAN NUGRAHA', 'L', 51, 'XII AKL 3'),
(1778, '13270', '0064716964', 'MONICA TRIWULANDARI', 'P', 51, 'XII AKL 3'),
(1779, '13271', '0062062182', 'MUHAMMAD GIVAR PAMUNGKAS', 'L', 51, 'XII AKL 3'),
(1780, '13272', '0061649798', 'NAFA ANDINI FITRI', 'P', 51, 'XII AKL 3'),
(1781, '13273', '0062079059', 'NAHILA RAHMAH', 'P', 51, 'XII AKL 3'),
(1782, '13274', '0054898559', 'NOVIA RAHMAWATI', 'P', 51, 'XII AKL 3'),
(1783, '13275', '0065682918', 'OMPU AINIS', 'P', 51, 'XII AKL 3'),
(1784, '13276', '0066977708', 'REVA MEIDIANTI', 'P', 51, 'XII AKL 3'),
(1785, '13277', '0053649513', 'RIDHO ELIEZER', 'L', 51, 'XII AKL 3'),
(1786, '13278', '0075490402', 'RIO FEBRIANSYAH', 'L', 51, 'XII AKL 3'),
(1787, '13279', '0054979062', 'RIZKY HENDRATMO', 'L', 51, 'XII AKL 3'),
(1788, '13280', '0054102638', 'SAHIRA RAMADHANI AKBARI', 'P', 51, 'XII AKL 3'),
(1789, '13281', '0068126767', 'WIDYA AMELIA PUTRI', 'P', 51, 'XII AKL 3'),
(1790, '13282', '0066769847', 'ZAHRA SYAPUTRI', 'P', 51, 'XII AKL 3'),
(1791, '13283', '0068716137', 'ZAHRA AWALLUNA SALSABILA', 'P', 51, 'XII AKL 3'),
(1792, '13284', '0064702643', 'ABI APRIZA FATTIHA', 'L', 52, 'XII AKL 4'),
(1793, '13285', '0065319495', 'AHMAD NUH', 'L', 52, 'XII AKL 4'),
(1794, '13286', '0063739292', 'AYU MARSADILLA', 'P', 52, 'XII AKL 4'),
(1795, '13287', '0063927369', 'CHELSEA CESARI ASYIFA', 'P', 52, 'XII AKL 4'),
(1796, '13288', '0055612861', 'CIARA NURRAISA', 'P', 52, 'XII AKL 4'),
(1797, '13289', '0064812210', 'CLARISTA RAHMI KHOIRUNNISA', 'P', 52, 'XII AKL 4'),
(1798, '13290', '0064746074', 'CRISNANDA', 'L', 52, 'XII AKL 4'),
(1799, '13292', '0064107627', 'DINDA PRATIWI', 'P', 52, 'XII AKL 4'),
(1800, '13293', '0062943765', 'EDWINA MARTAWILA', 'P', 52, 'XII AKL 4'),
(1801, '13294', '0065331166', 'EFITA TIPANI', 'P', 52, 'XII AKL 4'),
(1802, '13295', '0066830091', 'ELANG RIMBABARA', 'L', 52, 'XII AKL 4'),
(1803, '13296', '0076345862', 'FANY NURMAYA SARI', 'P', 52, 'XII AKL 4'),
(1804, '13297', '0069104123', 'INCIK DWI PUTRI INAYAH RIFQAH', 'P', 52, 'XII AKL 4'),
(1805, '13298', '0068484171', 'INDAH MAHARANI', 'P', 52, 'XII AKL 4'),
(1806, '13299', '0055508854', 'INDAH PUSPITA SARI', 'P', 52, 'XII AKL 4'),
(1807, '13300', '0051261582', 'JASMINE ZAHRA ZHETA', 'P', 52, 'XII AKL 4'),
(1808, '13301', '0058439538', 'JUWITA MAYANG SARI', 'P', 52, 'XII AKL 4'),
(1809, '13302', '0061169461', 'KHAIRANISA RAHARJA', 'P', 52, 'XII AKL 4'),
(1810, '13303', '0066397264', 'LAURA ANGELLINA', 'P', 52, 'XII AKL 4'),
(1811, '13304', '0066831322', 'NADJA NABILA MAYSUN MAHDIYAH', 'P', 52, 'XII AKL 4'),
(1812, '13305', '0062809932', 'PUTRI NOVA AYU LESTARI', 'P', 52, 'XII AKL 4'),
(1813, '13306', '0056795376', 'RAFA ARABI SABILLAH', 'P', 52, 'XII AKL 4'),
(1814, '13307', '0067006156', 'RAFIT MASHURI', 'L', 52, 'XII AKL 4'),
(1815, '13308', '0062003073', 'REVALINA PUTRI AZZAHRA', 'P', 52, 'XII AKL 4'),
(1816, '13309', '0052106032', 'REVANI ADHELIA', 'P', 52, 'XII AKL 4'),
(1817, '13310', '0068172346', 'REZZA JULLYANSYAH', 'L', 52, 'XII AKL 4'),
(1818, '13311', '0068825277', 'RINDI PUTRI RIZANTINA', 'P', 52, 'XII AKL 4'),
(1819, '13312', '0071902045', 'SHELLA APRILIANA', 'P', 52, 'XII AKL 4'),
(1820, '13313', '0061320511', 'SINDI FAURA', 'P', 52, 'XII AKL 4'),
(1821, '13314', '0063186229', 'TIS\'A ANDINI APRILIA', 'P', 52, 'XII AKL 4'),
(1822, '13315', '0068429239', 'VIOLETTA AZ ZAHRA', 'P', 52, 'XII AKL 4'),
(1823, '13316', '0066151767', 'VIVI DWI PERMATA SARI', 'P', 52, 'XII AKL 4'),
(1824, '13317', '0065599300', 'WIDYA', 'P', 52, 'XII AKL 4'),
(1825, '13318', '0068727360', 'ZASKIA AULI NABILIA', 'P', 52, 'XII AKL 4'),
(1826, '13319', '0067160202', 'ALINDA AL- SYAHRA', 'P', 53, 'XII AKL 5'),
(1827, '13320', '0067440686', 'ANANDA HOLIVIA', 'P', 53, 'XII AKL 5'),
(1828, '13321', '0058294868', 'ANGGRA DAMA YANTI', 'P', 53, 'XII AKL 5'),
(1829, '13322', '0078712617', 'ANNISA NADYA ULYA', 'P', 53, 'XII AKL 5'),
(1830, '13323', '0052710009', 'AS SYIFA DAVINA A', 'P', 53, 'XII AKL 5'),
(1831, '13324', '0061252690', 'AYU FADHILLAH', 'P', 53, 'XII AKL 5'),
(1832, '13325', '0059874394', 'AZAHRA SHAL SABILA', 'P', 53, 'XII AKL 5'),
(1833, '13326', '0066595545', 'CITRA AYU WANDIRA', 'P', 53, 'XII AKL 5'),
(1834, '13327', '0057969359', 'DELA SUCI RENATA', 'P', 53, 'XII AKL 5'),
(1835, '13328', '0064292690', 'DEWINTA REVA NAULITA', 'P', 53, 'XII AKL 5'),
(1836, '13329', '0064301232', 'DINA MAISAH', 'P', 53, 'XII AKL 5'),
(1837, '13330', '0065798385', 'FANESA NABILA', 'P', 53, 'XII AKL 5'),
(1838, '13331', '0063424259', 'FIRLIA RUSYDAH RIYANI', 'P', 53, 'XII AKL 5'),
(1839, '13332', '0063671424', 'ICHA WISMI PRAYA DWITA', 'P', 53, 'XII AKL 5'),
(1840, '13333', '0052636214', 'IKA SAFITRI', 'P', 53, 'XII AKL 5'),
(1841, '13334', '0067339497', 'INTAN SUCI NURULAINI', 'P', 53, 'XII AKL 5'),
(1842, '13335', '8400001794', 'IRANI PUSPITA', 'P', 53, 'XII AKL 5'),
(1843, '13336', '0047305699', 'MUHAMMAD RIZKI RAHMANDA', 'L', 53, 'XII AKL 5'),
(1844, '13337', '0065245372', 'MUNISA NUR FADHILLAH', 'P', 53, 'XII AKL 5'),
(1845, '13338', '0067133224', 'NAMIRA AURELLY', 'P', 53, 'XII AKL 5'),
(1846, '13339', '0064039087', 'NAZWA MAUDINA', 'P', 53, 'XII AKL 5'),
(1847, '13340', '0069075533', 'NELY YANA RAMADHANI', 'P', 53, 'XII AKL 5'),
(1848, '13342', '0062492937', 'PUTRI SALSA KAMILA', 'P', 53, 'XII AKL 5'),
(1849, '13343', '0069385855', 'RAHMA AULIA', 'P', 53, 'XII AKL 5'),
(1850, '13344', '0077365787', 'RENO AL-BUKHORI', 'L', 53, 'XII AKL 5'),
(1851, '13345', '0061621596', 'RESTI RAHAYU', 'P', 53, 'XII AKL 5'),
(1852, '13346', '0062395908', 'REVANNY ZALYTHA SARI', 'P', 53, 'XII AKL 5'),
(1853, '13347', '0052683622', 'RIKA DESTRIYANTI', 'P', 53, 'XII AKL 5'),
(1854, '13348', '0062598549', 'RISYA ZAHRANI', 'P', 53, 'XII AKL 5'),
(1855, '13349', '0059984685', 'SAGITA DWI ORLIN INDIRA', 'P', 53, 'XII AKL 5'),
(1856, '13350', '0064336340', 'SAKILA ANISA NINGRUM', 'P', 53, 'XII AKL 5'),
(1857, '13351', '0062443865', 'SOFIA SOCHA', 'P', 53, 'XII AKL 5'),
(1858, '13352', '0061741580', 'TYRZA PUSPA DIVIA', 'P', 53, 'XII AKL 5'),
(1859, '13353', '0066460108', 'ULFA MELISA UTAMI', 'P', 53, 'XII AKL 5'),
(1860, '13860', '0037770125', 'ALYA EKA PRATIWI', 'P', 54, 'XII MPLB'),
(1861, '13861', '0062761752', 'AMANDA RAMADHANI', 'P', 54, 'XII MPLB'),
(1862, '13862', '0071064765', 'AMELIA PUTRI FAIZAL', 'P', 54, 'XII MPLB'),
(1863, '13863', '0063844346', 'ANGGUN PUTRI CAHYATI', 'P', 54, 'XII MPLB'),
(1864, '13864', '0052890740', 'ANNISA VIRGYANI', 'P', 54, 'XII MPLB'),
(1865, '13865', '0069859041', 'APRILYA JULIYANTI', 'P', 54, 'XII MPLB'),
(1866, '13866', '0061328357', 'ASSY SYIFA MULYA . L', 'P', 54, 'XII MPLB'),
(1867, '13867', '0063206388', 'ASSYA RAMADHANI', 'P', 54, 'XII MPLB'),
(1868, '13868', '0068830564', 'CENDYA WANDANA', 'P', 54, 'XII MPLB'),
(1869, '13869', '0055213626', 'CHRISTABEL GIONADI', 'P', 54, 'XII MPLB'),
(1870, '13870', '0059217469', 'DESWITA INTAN ROSAVELANDA', 'P', 54, 'XII MPLB'),
(1871, '13871', '0063580119', 'DESWITA WIDYA SARI', 'P', 54, 'XII MPLB'),
(1872, '13872', '0058916814', 'DEWI NURJANAH', 'P', 54, 'XII MPLB'),
(1873, '13873', '8400001293', 'EKA NADILA RAMADHANTI', 'P', 54, 'XII MPLB'),
(1874, '13874', '0057806077', 'ERIKA SALSA BILLA', 'P', 54, 'XII MPLB'),
(1875, '13875', '0067369300', 'HENSTY MALAY P', 'P', 54, 'XII MPLB'),
(1876, '13876', '0062896315', 'MARSHELLA AL TATIA', 'P', 54, 'XII MPLB'),
(1877, '13532', '0068481898', 'MERIANA', 'P', 54, 'XII MPLB'),
(1878, '13877', '0064750002', 'MUTIARA ADEL', 'P', 54, 'XII MPLB'),
(1879, '13878', '0068173518', 'MUTIARA NOVITA SARI', 'P', 54, 'XII MPLB'),
(1880, '13879', '0065785065', 'NADYA SIPA', 'P', 54, 'XII MPLB'),
(1881, '13880', '0058120683', 'NASHWA AULYA SUWARDI', 'P', 54, 'XII MPLB'),
(1882, '13881', '0068331488', 'NATASYA PUTRI RAHAYU', 'P', 54, 'XII MPLB'),
(1883, '13882', '0069229451', 'NIRINA PUTRI AMELIA', 'P', 54, 'XII MPLB'),
(1884, '13883', '0056727514', 'NUR AZIZAH', 'P', 54, 'XII MPLB'),
(1885, '13884', '0066542051', 'OLIVIA WULANDARI', 'P', 54, 'XII MPLB'),
(1886, '13885', '0063918259', 'PUTRI ASHRI LESTARI', 'P', 54, 'XII MPLB'),
(1887, '13886', '0058516300', 'SAFITRI ALIA ZAHRA', 'P', 54, 'XII MPLB'),
(1888, '13887', '0068296440', 'SASKIA ANDINI', 'P', 54, 'XII MPLB'),
(1889, '13888', '0062960227', 'SITI AISYAH', 'P', 54, 'XII MPLB'),
(1890, '13889', '0054454416', 'SITI ZULAEKHA MAHARANI', 'P', 54, 'XII MPLB'),
(1891, '13890', '0068285867', 'SYAKILA ARTIKA SARI', 'P', 54, 'XII MPLB'),
(1892, '13891', '0066497765', 'TRI SRI MULYANI', 'P', 54, 'XII MPLB'),
(1893, '13892', '0071796505', 'VADELIA ZISGIA AMANDA', 'P', 54, 'XII MPLB'),
(1894, '13893', '0058554509', 'VIA RAHMAWATI', 'P', 54, 'XII MPLB'),
(1895, '13894', '0061316266', 'YULIA', 'P', 54, 'XII MPLB'),
(1896, '13354', '0067497022', 'ADHI NUGROHO', 'L', 55, 'XII PM 1'),
(1897, '13355', '0028725994', 'ALIA AYU CAHYATI', 'P', 55, 'XII PM 1'),
(1898, '13356', '0051732888', 'ARRI JALULFAFIZ', 'L', 55, 'XII PM 1'),
(1899, '13357', '0069441926', 'ASIH LESTARI', 'P', 55, 'XII PM 1'),
(1900, '13358', '0065772375', 'AULIA PRATIWI', 'P', 55, 'XII PM 1'),
(1901, '13359', '0063274628', 'CHELSEA AULIANSYAH', 'P', 55, 'XII PM 1'),
(1902, '13360', '0063005487', 'CHELSIANA SHANYAWAN', 'P', 55, 'XII PM 1'),
(1903, '13361', '0059984653', 'CHIKA AZZAHRA PUTRI DINDA', 'P', 55, 'XII PM 1'),
(1904, '13362', '0059098767', 'DEVINA AULIA', 'P', 55, 'XII PM 1'),
(1905, '13363', '0063784208', 'FAUZAN HERNANDO', 'L', 55, 'XII PM 1'),
(1906, '13364', '0068732763', 'FITRI YUNINGSIH', 'P', 55, 'XII PM 1'),
(1907, '13365', '0056265446', 'HELEN NOVITA', 'P', 55, 'XII PM 1'),
(1908, '13366', '0065765629', 'IRFAN MAULANA', 'L', 55, 'XII PM 1'),
(1909, '13367', '0065411022', 'KARINA TRI ELGIYANTI', 'P', 55, 'XII PM 1'),
(1910, '13368', '0057458810', 'LAILA SAFITRI', 'P', 55, 'XII PM 1'),
(1911, '13369', '0066398476', 'MAURA DIVA FERNANDA', 'P', 55, 'XII PM 1'),
(1912, '13370', '0066335822', 'M. ZELIK DAWA PUTRA TJ', 'L', 55, 'XII PM 1'),
(1913, '13371', '0068349520', 'MIDAH ALINI', 'P', 55, 'XII PM 1'),
(1914, '13372', '0064431222', 'MUTIAWATI', 'P', 55, 'XII PM 1'),
(1915, '13373', '0079617003', 'NABILA SALSABILA NAHUWAY', 'P', 55, 'XII PM 1'),
(1916, '13374', '0062721810', 'NADIA PUTRI HASIBUAN', 'P', 55, 'XII PM 1'),
(1917, '13375', '0064623738', 'NUR FARAH AINI', 'P', 55, 'XII PM 1'),
(1918, '13376', '0053559317', 'RAHMI MUGIA PINASTY', 'P', 55, 'XII PM 1'),
(1919, '13377', '0062898619', 'RAYSHA ZAHRANI DEWI', 'P', 55, 'XII PM 1'),
(1920, '13378', '0051739450', 'RENO PUTRA ARWENA', 'L', 55, 'XII PM 1'),
(1921, '13379', '0067181371', 'SADILA AFSARI', 'P', 55, 'XII PM 1'),
(1922, '13380', '0056135072', 'SEPTI ANGGRAINI', 'P', 55, 'XII PM 1'),
(1923, '13381', '0065366370', 'SITI HAJIJAH', 'P', 55, 'XII PM 1'),
(1924, '13382', '0065172709', 'SITI NUR ZAHRA', 'P', 55, 'XII PM 1'),
(1925, '13383', '0043959513', 'WINDI FEBRIZA RAHMAYANI', 'P', 55, 'XII PM 1'),
(1926, '13384', '0068032053', 'YUZA APRIZA', 'L', 55, 'XII PM 1'),
(1927, '13385', '0065431337', 'ZAHRA SAHRANI', 'P', 55, 'XII PM 1'),
(1928, '13386', '0062132915', 'ZAURA AULIA PRATIWI', 'P', 55, 'XII PM 1'),
(1929, '13387', '0069284870', 'ANDINI ERISYA PRASTIA', 'P', 56, 'XII PM 2'),
(1930, '13388', '0063751924', 'APRILIA HASLINDA', 'P', 56, 'XII PM 2'),
(1931, '13389', '0008184756', 'AZZAHRA SAQILA AMANDA', 'P', 56, 'XII PM 2'),
(1932, '13390', '0061451456', 'DAVA BAGAS MARYADI', 'L', 56, 'XII PM 2'),
(1933, '13392', '0069534768', 'DWI ULFA RAHMAWATI', 'P', 56, 'XII PM 2'),
(1934, '13393', '0068875078', 'DYALOVA ISA FINANCE', 'P', 56, 'XII PM 2'),
(1935, '13394', '0074951122', 'FEYLIANI', 'P', 56, 'XII PM 2'),
(1936, '13395', '0067567245', 'HARIRI GILANG RAMADHAN', 'L', 56, 'XII PM 2'),
(1937, '13396', '0067846160', 'HRM YOGA ERSI PRATAMA', 'L', 56, 'XII PM 2'),
(1938, '13397', '0055832470', 'INTAN CAHYANI', 'P', 56, 'XII PM 2'),
(1939, '13398', '0069030464', 'ISMA ISNAYA', 'P', 56, 'XII PM 2'),
(1940, '13399', '0066173430', 'JEANY INTAN F', 'P', 56, 'XII PM 2'),
(1941, '13400', '0066521276', 'JENNY ROSITA SARI', 'P', 56, 'XII PM 2'),
(1942, '13401', '0062301875', 'KALISAH ALFAA SALSABILA', 'P', 56, 'XII PM 2'),
(1943, '13402', '0076825839 ', 'LAURENSIA  CHARISA', 'P', 56, 'XII PM 2'),
(1944, '13403', '0058653680', 'MOCHAMAD NOVIANTO', 'P', 56, 'XII PM 2'),
(1945, '13404', '0062513291', 'MUHAMAD AGUS PRASETIO', 'L', 56, 'XII PM 2'),
(1946, '13405', '0062975059', 'MUHAMAD RIFALDO', 'L', 56, 'XII PM 2'),
(1947, '13407', '0038109813', 'NOPRIYANSYAH', 'L', 56, 'XII PM 2'),
(1948, '13408', '0072847815', 'RAHMAT HIDAYAT', 'L', 56, 'XII PM 2'),
(1949, '13409', '0057184439', 'RAHMAT SAPUTRA', 'L', 56, 'XII PM 2'),
(1950, '13410', '0053047010', 'REFAL AHMAD WELDIYANTO', 'L', 56, 'XII PM 2'),
(1951, '13411', '0051605696', 'RISKY PUTRI RAMADHANI', 'P', 56, 'XII PM 2'),
(1952, '13412', '0057303774', 'ROSA ULANDARI', 'P', 56, 'XII PM 2'),
(1953, '13413', '0062421582', 'SEPTI RAHMADANI', 'P', 56, 'XII PM 2'),
(1954, '13415', '0064466782', 'SRI WAHYUNI', 'P', 56, 'XII PM 2'),
(1955, '13416', '0065496090', 'SULISTIAWATI', 'P', 56, 'XII PM 2'),
(1956, '13417', '0066339282', 'WARDAH HAYATUN NUFUS', 'P', 56, 'XII PM 2'),
(1957, '13418', '0061567646', 'WHIDIA AULIA SHINTIA PUTRI', 'P', 56, 'XII PM 2'),
(1958, '13420', '0067402651', 'AGIL FARUQ. A', 'L', 57, 'XII PM 3'),
(1959, '13422', '0062598244', 'ANDIKA PRATAMA', 'L', 57, 'XII PM 3'),
(1960, '13423', '0066266807', 'AURELIA KUSUMAWARDHANI', 'P', 57, 'XII PM 3'),
(1961, '13424', '0065871344', 'BAYU PUTRA SETYAWAN', 'L', 57, 'XII PM 3'),
(1962, '13425', '8400001267', 'BRIAN WISNU NARENDRA', 'L', 57, 'XII PM 3'),
(1963, '13426', '0065479835', 'DAVID GERSIA WEDA', 'L', 57, 'XII PM 3'),
(1964, '13427', '0057994219', 'DESRIYANTO', 'L', 57, 'XII PM 3'),
(1965, '13428', '8400001716', 'DEWI PUSPITA', 'P', 57, 'XII PM 3'),
(1966, '13429', '0072232921', 'DIDIN MAULANA', 'L', 57, 'XII PM 3'),
(1967, '13430', '0066327006', 'FADILLA ALZHA JESICA', 'P', 57, 'XII PM 3'),
(1968, '13432', '0063589320', 'FEBY SASMITA', 'P', 57, 'XII PM 3'),
(1969, '13433', '0064855784', 'FEREN APRILIA', 'P', 57, 'XII PM 3'),
(1970, '13435', '0061061928', 'INDAH VERA YUNANDA', 'P', 57, 'XII PM 3'),
(1971, '13436', '0069527515', 'INTAN NUR\'AINI', 'P', 57, 'XII PM 3'),
(1972, '13437', '0079478369', 'KEZA ANANDA APRILIAN', 'L', 57, 'XII PM 3'),
(1973, '13439', '0061568099', 'M. DWIKI RIJA AMRULLAH', 'L', 57, 'XII PM 3'),
(1974, '13441', '0055061972', 'M. RIFQI', 'L', 57, 'XII PM 3'),
(1975, '13442', '0068250735', 'MUHAMMAD AFRIZA', 'L', 57, 'XII PM 3'),
(1976, '13443', '0061735828', 'MUHAMAD RIDWAN', 'L', 57, 'XII PM 3'),
(1977, '13444', '0055391383', 'RENDI SETIAWAN', 'L', 57, 'XII PM 3'),
(1978, '13445', '0064066477', 'RIZKY SAPUTRA', 'L', 57, 'XII PM 3'),
(1979, '13446', '0065598617', 'ROHMAN FADJRI PRATAMA', 'L', 57, 'XII PM 3'),
(1980, '13448', '0062491724', 'SEPTIAN RIDHO ZAKARIA AR', 'L', 57, 'XII PM 3'),
(1981, '13449', '0060118178', 'TALITA MARSELA', 'P', 57, 'XII PM 3'),
(1982, '13450', '0067481362', 'TASYA ANDEA', 'P', 57, 'XII PM 3'),
(1983, '13451', '0068602974', 'TIARA NABILA CHANDRA', 'P', 57, 'XII PM 3'),
(1984, '13895', '0065600028', 'ADZRA ZAHRA WIJAYA', 'P', 58, 'XII ULP 1'),
(1985, '13897', '0037778312', 'AZMI SALSALIA PUTRI', 'P', 58, 'XII ULP 1'),
(1986, '13899', '0052596019', 'DISCA PUTRI AINURIDA', 'P', 58, 'XII ULP 1'),
(1987, '13900', '0063938727', 'FERALDI RIZKI SAPUTRA', 'L', 58, 'XII ULP 1'),
(1988, '13901', '0063825619', 'GISKA MANUELA SIMAMORA', 'P', 58, 'XII ULP 1'),
(1989, '13902', '0063007397', 'HANYFA DWI AGNEZIA', 'P', 58, 'XII ULP 1'),
(1990, '13903', '8400001761', 'INGGRID PUTRI SYAHRANI', 'P', 58, 'XII ULP 1'),
(1991, '13904', '0065666507', 'IRMA ADELIA', 'P', 58, 'XII ULP 1'),
(1992, '13905', '0061695783', 'KAYLA ALFIA NURINAIA', 'P', 58, 'XII ULP 1'),
(1993, '13906', '0066731645', 'KAYLA OLIVIA KHAIRUNNISA', 'P', 58, 'XII ULP 1'),
(1994, '13907', '0055801810', 'M. AFRIZAL', 'L', 58, 'XII ULP 1'),
(1995, '13909', '0064576569', 'MEYLINDA AYU SAPUTRI', 'P', 58, 'XII ULP 1'),
(1996, '13910', '0078240777', 'MUHAMMAD ILHAM', 'L', 58, 'XII ULP 1'),
(1997, '13911', '0069052165', 'MUTIARA ALIFAH', 'P', 58, 'XII ULP 1'),
(1998, '13912', '0056393923', 'NABILA RAHMAWATI', 'P', 58, 'XII ULP 1'),
(1999, '13913', '0069422885', 'NADYA AFIFA RAHMA', 'P', 58, 'XII ULP 1'),
(2000, '13914', '0058824330', 'NATHASA FARAH AMELIA', 'P', 58, 'XII ULP 1'),
(2001, '13916', '8400001668', 'RADEN NANDANA SYAIFULLAH', 'L', 58, 'XII ULP 1'),
(2002, '13917', '0058261079', 'RIDHO YOFANSYAH', 'L', 58, 'XII ULP 1'),
(2003, '13918', '0058944401', 'RIZKY AGANNY', 'L', 58, 'XII ULP 1'),
(2004, '13919', '8400001551', 'ROSSI FATIKA DEWI', 'P', 58, 'XII ULP 1'),
(2005, '13920', '0068130657', 'SALSABILLA PUTRI', 'P', 58, 'XII ULP 1'),
(2006, '13921', '0068879892', 'SALWA AULIA', 'P', 58, 'XII ULP 1'),
(2007, '13922', '0072796210', 'SERLI PRAMUDITA', 'P', 58, 'XII ULP 1'),
(2008, '13924', '8400001316', 'ADELIA SAFITRI', 'P', 59, 'XII ULP 2'),
(2009, '13925', '0067607043', 'AHMAD FAISAL', 'L', 59, 'XII ULP 2'),
(2010, '13926', '0076897894', 'ANGGUN KENCANA PUTRI', 'P', 59, 'XII ULP 2'),
(2011, '13927', '0067362412', 'ARDELIA GITA CAHYANI', 'P', 59, 'XII ULP 2'),
(2012, '13928', '0059751459', 'AULIA PUTRI RAMADHANI', 'P', 59, 'XII ULP 2'),
(2013, '13930', '0063761956', 'DANIEL FRANSISCO', 'L', 59, 'XII ULP 2'),
(2014, '13933', '0058693429', 'FARIS AL BUCHOIRI', 'L', 59, 'XII ULP 2'),
(2015, '13934', '0066473279', 'GRACE NATHALIE ELIZABETH SINAG', 'P', 59, 'XII ULP 2'),
(2016, '13935', '0062193550', 'JUSTIN SEAN KARUNA', 'L', 59, 'XII ULP 2'),
(2017, '13936', '0072048807', 'KEISYA FEBRIANI HENSI', 'P', 59, 'XII ULP 2'),
(2018, '13937', '0067867596', 'MARCELLINA YOHANES', 'P', 59, 'XII ULP 2'),
(2019, '13938', '0065270031', 'NABILA CHELSEA SAPIRA', 'P', 59, 'XII ULP 2'),
(2020, '13939', '0068704340', 'NURUL AFIAH', 'P', 59, 'XII ULP 2'),
(2021, '13940', '0059232493', 'RADETA ABEL LESTARI', 'P', 59, 'XII ULP 2'),
(2022, '13941', '0056281157', 'RADJA ARFINDA PRASETYA', 'L', 59, 'XII ULP 2'),
(2023, '13942', '0053785418', 'REVA AMELIA LESTARI', 'P', 59, 'XII ULP 2'),
(2024, '13943', '0069208366', 'RIA SEPTIANA', 'P', 59, 'XII ULP 2'),
(2025, '13944', '0065657315', 'RIDA RAHMA WATI', 'P', 59, 'XII ULP 2'),
(2026, '13945', '0066827688', 'ROSALINDA', 'P', 59, 'XII ULP 2'),
(2027, '13946', '8400001462', 'SERLI ANJANI', 'P', 59, 'XII ULP 2'),
(2028, '13948', '0056756519', 'VANIA ADINDA SAPUTRI', 'P', 59, 'XII ULP 2'),
(2029, '13949', '0075469053', 'VENEZUELA LEONY AGUS VINA DARMAWAN', 'P', 59, 'XII ULP 2'),
(2030, '13950', '0051221869', 'ZAHRA AMELIA', 'P', 59, 'XII ULP 2'),
(2031, '13951', '0068928476', 'ZENI SEPTIYANI PUTRI', 'P', 59, 'XII ULP 2'),
(2032, '13546', '0069671726', 'ADAM KRISNA SUHENDI', 'L', 60, 'XII TJKT 1'),
(2033, '13547', '0065427273', 'ADITYA FARHAN SIREGAR', 'L', 60, 'XII TJKT 1'),
(2034, '13548', '0059138463', 'AHMAD DANDY SYAHPUTRA', 'L', 60, 'XII TJKT 1'),
(2035, '13549', '0064157297', 'AKBAR NUGRAHA MAYENDI P.', 'L', 60, 'XII TJKT 1'),
(2036, '13550', '0053441523', 'AKBAR REIZA DHARMAWAN', 'L', 60, 'XII TJKT 1'),
(2037, '13551', '0062007530', 'AMELIA', 'P', 60, 'XII TJKT 1'),
(2038, '13552', '0061261427', 'ARSANDY SAPUTRA', 'L', 60, 'XII TJKT 1'),
(2039, '13553', '0062487634', 'BAGAS KHALIS MAULANA YUSUF', 'L', 60, 'XII TJKT 1'),
(2040, '13554', '0065574542', 'BAYU KURNIAWAN', 'L', 60, 'XII TJKT 1'),
(2041, '13555', '0061166028', 'CIASI FERLINDA', 'P', 60, 'XII TJKT 1'),
(2042, '13556', '0065566744', 'DIANDRA PARAMITHA ADITYA SOFA', 'P', 60, 'XII TJKT 1'),
(2043, '13557', '0068769609', 'ERDIKA FARRAS ARKANANTA', 'L', 60, 'XII TJKT 1'),
(2044, '13558', '0067996554', 'FANINA AULIA', 'P', 60, 'XII TJKT 1'),
(2045, '13559', '0077038054', 'FHABIO WAHYU SAPUTRA', 'L', 60, 'XII TJKT 1'),
(2046, '13560', '0066408261', 'FHIQIH NUR HIDAYAT', 'L', 60, 'XII TJKT 1'),
(2047, '13561', '0057683251', 'GEO RIZIQ SAPUTRA', 'L', 60, 'XII TJKT 1'),
(2048, '13562', '0056665427', 'HABIB HYANGGI PRATAMA', 'L', 60, 'XII TJKT 1'),
(2049, '13563', '0067367767', 'I NYOMAN ANUGRAH SUPUTRA', 'L', 60, 'XII TJKT 1'),
(2050, '13564', '0063854015', 'KAWAKIBI HADIYAN PUTRA', 'L', 60, 'XII TJKT 1'),
(2051, '13565', '0067180819', 'LINGGA ZAHRA JANUA MAHESWARI', 'P', 60, 'XII TJKT 1'),
(2052, '13566', '0069522656', 'M. PEDRO FAREL THOOMASZEN', 'L', 60, 'XII TJKT 1'),
(2053, '13567', '0051557392', 'M. SEVVA SAPUTRA', 'L', 60, 'XII TJKT 1'),
(2054, '13568', '8400000929', 'M. ZIDAN ALVIDNYA MUSLIM', 'L', 60, 'XII TJKT 1'),
(2055, '13569', '0058237419', 'MEUTIA CAHYA SEPTINA', 'P', 60, 'XII TJKT 1'),
(2056, '13570', '0061804626', 'MUHAMMAD AL FAKHRY AKBAR', 'L', 60, 'XII TJKT 1'),
(2057, '13572', '0061682423', 'MUHAMMAD SOLEH', 'L', 60, 'XII TJKT 1'),
(2058, '13573', '0054468489', 'RANDI', 'L', 60, 'XII TJKT 1'),
(2059, '13574', '0068907931', 'RICKI HERMAWAN', 'L', 60, 'XII TJKT 1'),
(2060, '13575', '0051150982', 'RIO RAGIL DAFINDRA', 'L', 60, 'XII TJKT 1'),
(2061, '13576', '0066842204', 'RIZKY NUR ALIFAH TRIANEZA', 'P', 60, 'XII TJKT 1'),
(2062, '13577', '0057107129', 'TAUFIK HIDAYAT', 'L', 60, 'XII TJKT 1'),
(2063, '13578', '0056758906', 'TRI AGUNG PRADINATA WARUWU', 'L', 60, 'XII TJKT 1'),
(2064, '13579', '0067748868', 'YUDHA SEPTRIANSYAH', 'L', 60, 'XII TJKT 1'),
(2065, '13580', '0053674883', 'ZIQRI RAMADANI', 'L', 60, 'XII TJKT 1'),
(2066, '13581', '0027328462', 'ABDUR ROZZAK NOUFAL', 'L', 61, 'XII TJKT 2'),
(2067, '13582', '0064493673', 'AHMAD RIZKI ALPA REJA', 'L', 61, 'XII TJKT 2'),
(2068, '13583', '0052135128', 'ALDO CIPTA FERDINATA', 'L', 61, 'XII TJKT 2'),
(2069, '13584', '8400001618', 'ANDARI AYU HANDITA', 'P', 61, 'XII TJKT 2'),
(2070, '13585', '0051850079', 'ARSHAL ADITYA SAPUTRA', 'L', 61, 'XII TJKT 2'),
(2071, '13586', '8400000288', 'BUNGA CITRA LESTARI', 'P', 61, 'XII TJKT 2'),
(2072, '13587', '0051174746', 'DEA RAMADHANI', 'P', 61, 'XII TJKT 2'),
(2073, '13588', '0078119593', 'DIMAS ARYA PANGESTU', 'L', 61, 'XII TJKT 2'),
(2074, '13589', '0075698352', 'DINA AULIA', 'P', 61, 'XII TJKT 2'),
(2075, '13590', '0052061201', 'ELSA NABILA PITOYO', 'P', 61, 'XII TJKT 2'),
(2076, '13591', '0058810774', 'EZRA NADIVA VICI MUHAMMAD THAMRIN PUTRA PERDANA', 'L', 61, 'XII TJKT 2'),
(2077, '13592', '0051007902', 'FADLI ARDIYANSYAH', 'L', 61, 'XII TJKT 2'),
(2078, '13593', '0079951063', 'ILDA KIRAN RAMADHAN', 'P', 61, 'XII TJKT 2'),
(2079, '13594', '0058462353', 'IMAM MAHFUD ZAKI', 'L', 61, 'XII TJKT 2'),
(2080, '13595', '0068889514', 'IRWAN SAHRONY', 'L', 61, 'XII TJKT 2'),
(2081, '13596', '0054633976', 'JIMMY LEON SYAHPUTRA', 'L', 61, 'XII TJKT 2'),
(2082, '13597', '0061208876', 'M. AKBAR JAYA INDRA', 'L', 61, 'XII TJKT 2'),
(2083, '13598', '0063556655', 'M. FATHAN PRIANGGA KEANU Y', 'L', 61, 'XII TJKT 2'),
(2084, '13599', '0064152410', 'M.AL FA\'QIH', 'L', 61, 'XII TJKT 2'),
(2085, '13600', '8400001817', 'M.SOFIYULLOH', 'L', 61, 'XII TJKT 2'),
(2086, '13602', '0052353322', 'MUHAMMAD NAQQULA', 'L', 61, 'XII TJKT 2'),
(2087, '13603', '0063491906', 'MUHAMMAD RAFLY', 'L', 61, 'XII TJKT 2'),
(2088, '13604', '0064906226', 'NADILA MAHARANI MULIA', 'P', 61, 'XII TJKT 2'),
(2089, '13605', '0055216415', 'NAZWA ARDISTA', 'P', 61, 'XII TJKT 2'),
(2090, '13606', '0067953053', 'OKTAVIA RAHMADANI', 'P', 61, 'XII TJKT 2'),
(2091, '13607', '0056127869', 'PRANAJA RAFI QOIS', 'L', 61, 'XII TJKT 2'),
(2092, '13608', '0058996062', 'PRIANDA', 'L', 61, 'XII TJKT 2'),
(2093, '13609', '0063187763', 'RESTY AMELIA', 'P', 61, 'XII TJKT 2'),
(2094, '13610', '0056430767', 'RIO ARTA PRATAMA', 'L', 61, 'XII TJKT 2'),
(2095, '13611', '0055526615', 'SEPTIA PUTRI ANGGRAINI', 'P', 61, 'XII TJKT 2'),
(2096, '13612', '0064965355', 'SURYA AL FAZRI', 'L', 61, 'XII TJKT 2'),
(2097, '13613', '8400001292', 'SUSI MAREFI', 'P', 61, 'XII TJKT 2'),
(2098, '13614', '8400001792', 'VIOLIN ANANDA PUTRI', 'P', 61, 'XII TJKT 2'),
(2099, '13615', '0047808512', 'WENDI SAPUTRA', 'L', 61, 'XII TJKT 2'),
(2100, '13616', '0062451897', 'ACHMAD NABIL ANUGERAH', 'L', 62, 'XII TJKT 3'),
(2101, '13617', '8400000601', 'AILA NADIANTI', 'P', 62, 'XII TJKT 3'),
(2102, '13618', '0057999389', 'ALDO DWI SAPUTRA', 'L', 62, 'XII TJKT 3'),
(2103, '13619', '0054405190', 'ALYA ZAHRA', 'P', 62, 'XII TJKT 3'),
(2104, '13620', '0053479916', 'ARMAN MAULANA', 'L', 62, 'XII TJKT 3'),
(2105, '13621', '0063235471', 'AZHAR FADIL RAHMAN', 'L', 62, 'XII TJKT 3'),
(2106, '13622', '0063953447', 'BILLAL AL HAFFIS', 'L', 62, 'XII TJKT 3'),
(2107, '14827', '0066903441', 'CLARA JINGGA AMELIA', 'P', 62, 'XII TJKT 3'),
(2108, '13624', '0065337856', 'DINI PRATIWI', 'P', 62, 'XII TJKT 3'),
(2109, '13625', '0061330371', 'DINI TRI SEPTIANI', 'P', 62, 'XII TJKT 3'),
(2110, '13626', '0063770650', 'ILHAM ARVINDO', 'L', 62, 'XII TJKT 3'),
(2111, '13956', '0059062653', 'IVAN ARDI RIYANTO', 'L', 62, 'XII TJKT 3'),
(2112, '13627', '8400000395', 'LATIFAH', 'P', 62, 'XII TJKT 3'),
(2113, '13628', '0068724117', 'M. ANDIKA NAFIS', 'L', 62, 'XII TJKT 3'),
(2114, '13629', '0062885322', 'M. DUTA AJI PRATAMA', 'L', 62, 'XII TJKT 3'),
(2115, '13630', '8400001599', 'M. GUSTI ARYA NUGRAHA', 'L', 62, 'XII TJKT 3'),
(2116, '13631', '0066317160', 'M. ZIDANE A-KASYA', 'L', 62, 'XII TJKT 3'),
(2117, '13632', '0063964768', 'MARCEL', 'L', 62, 'XII TJKT 3'),
(2118, '13633', '0066945478', 'MINKA SYAHROH HABIBILA', 'P', 62, 'XII TJKT 3'),
(2119, '13634', '0067225143', 'MUCHAMAD DAFFA NURROKHMAN', 'L', 62, 'XII TJKT 3'),
(2120, '13635', '0067622400', 'MUHAMAD FEBRIYANSAH', 'L', 62, 'XII TJKT 3'),
(2121, '13636', '0038603937', 'MUHAMAD IKBAL', 'L', 62, 'XII TJKT 3'),
(2122, '13637', '0058290671', 'MUHAMAT ARIL', 'L', 62, 'XII TJKT 3'),
(2123, '13638', '0063469254', 'MUHAMMAD AGIL MAKSUM', 'L', 62, 'XII TJKT 3'),
(2124, '13639', '0051611589', 'MUHAMMAD ALIF PRATAMA', 'L', 62, 'XII TJKT 3');
INSERT INTO `tb_siswa` (`id`, `nis`, `nisn`, `nama_siswa`, `jk`, `id_kelas`, `nama_kelas`) VALUES
(2125, '13640', '0048013426', 'MUHAMMAD AZIS DZIKRI', 'L', 62, 'XII TJKT 3'),
(2126, '13641', '0061363737', 'MUHAMMAD TAUFIQ IS,AD', 'L', 62, 'XII TJKT 3'),
(2127, '13642', '0051397889', 'NOVALLIANO SAPUTRA', 'L', 62, 'XII TJKT 3'),
(2128, '13643', '0063851131', 'NUH ANDIKA HARYANTO', 'L', 62, 'XII TJKT 3'),
(2129, '13644', '0062400566', 'PUTRA HERLAMBANG', 'L', 62, 'XII TJKT 3'),
(2130, '13645', '0049121094', 'RESTU PEBRIYANTO', 'L', 62, 'XII TJKT 3'),
(2131, '13646', '0069388555', 'SALSA DWI AVRILLIA', 'P', 62, 'XII TJKT 3'),
(2132, '13647', '0055053707', 'SATRIO RAHMADI', 'L', 62, 'XII TJKT 3'),
(2133, '13649', '0049641858', 'SOFI AYU LESTARI', 'P', 62, 'XII TJKT 3'),
(2134, '13650', '0063479546', 'SYIFA AMALIA', 'P', 62, 'XII TJKT 3'),
(2135, '13651', '0057296445', 'ADI KURNIAWAN', 'L', 63, 'XII TJKT 4'),
(2136, '13652', '0066035350', 'AHMAD YANI', 'L', 63, 'XII TJKT 4'),
(2137, '13653', '0068425230', 'AKBAR DEWANGGA', 'L', 63, 'XII TJKT 4'),
(2138, '13654', '0061907345', 'ALEXANDER HASHEEM BALIAN', 'L', 63, 'XII TJKT 4'),
(2139, '13655', '0061784432', 'ALFIN MUHAMMAT FATIR', 'L', 63, 'XII TJKT 4'),
(2140, '13656', '0052762475', 'ALIEF MUAMAR DARUSSALAM', 'L', 63, 'XII TJKT 4'),
(2141, '13657', '0068392027', 'APRILIA MUSTIKA', 'P', 63, 'XII TJKT 4'),
(2142, '13658', '0066063450', 'ARYA MAULANA SADEWO', 'L', 63, 'XII TJKT 4'),
(2143, '13659', '0063621439', 'CELLI NABILA', 'P', 63, 'XII TJKT 4'),
(2144, '13660', '0069519644', 'CHARREL ARDHINA', 'L', 63, 'XII TJKT 4'),
(2145, '13661', '0065226646', 'DANYAL SAMUDRA GUNTARA', 'L', 63, 'XII TJKT 4'),
(2146, '13662', '0052299576', 'DEVA SAFITRI', 'P', 63, 'XII TJKT 4'),
(2147, '13663', '0057717654', 'DIAN FERNANDO', 'L', 63, 'XII TJKT 4'),
(2148, '13664', '0061495140', 'DWI KHAIRUNNISA', 'P', 63, 'XII TJKT 4'),
(2149, '13665', '0064656604', 'FARREL DWI KAISAR', 'L', 63, 'XII TJKT 4'),
(2150, '13666', '0063462277', 'HAIKAL AKBAR PRATAMA', 'L', 63, 'XII TJKT 4'),
(2151, '13667', '0062094371', 'LUTFI CANDRA HERNANTO', 'L', 63, 'XII TJKT 4'),
(2152, '13668', '0069909479', 'M. ARIF HARMEN', 'L', 63, 'XII TJKT 4'),
(2153, '13669', '0069461198', 'M. RAFLY RAMADHAN', 'L', 63, 'XII TJKT 4'),
(2154, '13670', '0072607287', 'M. RASYAD AL HAFIZ GEMAYEL', 'L', 63, 'XII TJKT 4'),
(2155, '13671', '0069739740', 'M. REGHA MAULANA', 'L', 63, 'XII TJKT 4'),
(2156, '13672', '0056349566', 'MAULANA MALIK IBRAHIM', 'L', 63, 'XII TJKT 4'),
(2157, '13674', '0062615443', 'MUHAMMAD RADITYA PUTRA', 'L', 63, 'XII TJKT 4'),
(2158, '13675', '0064066522', 'MUHAMMAD RIZKI', 'L', 63, 'XII TJKT 4'),
(2159, '13676', '0069473150', 'MUHAMMAD USMAN AL AMRI', 'L', 63, 'XII TJKT 4'),
(2160, '13677', '0061525682', 'NOVELIA ATIK PURNAMA', 'P', 63, 'XII TJKT 4'),
(2161, '13678', '0067885182', 'RADHIVA GILANG SURYA SAPUTRA', 'L', 63, 'XII TJKT 4'),
(2162, '13679', '8400001738', 'RAFLI', 'L', 63, 'XII TJKT 4'),
(2163, '13680', '0069901131', 'RAIHAN DZAKI', 'L', 63, 'XII TJKT 4'),
(2164, '13681', '0066549607', 'SALWA ABELIA', 'P', 63, 'XII TJKT 4'),
(2165, '13682', '0058375283', 'SLAMET ARIYANDI', 'L', 63, 'XII TJKT 4'),
(2166, '13683', '3062223280', 'SYAKIRA NOVA AMELYA', 'P', 63, 'XII TJKT 4'),
(2167, '13684', '0065713197', 'TALITHA SASIKIRANA', 'P', 63, 'XII TJKT 4'),
(2168, '13685', '0059491835 ', 'TIO MAULANA HARIS', 'L', 63, 'XII TJKT 4'),
(2169, '13686', '0061021190', 'YO ERVINIE', 'P', 63, 'XII TJKT 4'),
(2170, '13688', '0063024859', 'ADE RUSWANDA', 'L', 64, 'XII DKV 1'),
(2171, '13689', '0054783092', 'ALI TAMBRIN', 'L', 64, 'XII DKV 1'),
(2172, '13690', '0057822618', 'AMAR ALFA RABI', 'L', 64, 'XII DKV 1'),
(2173, '13691', '8400001671', 'ANNISA NUR FADHILAH', 'P', 64, 'XII DKV 1'),
(2174, '13692', '0068307680', 'CHYNTIA ANINDA PUTRI', 'P', 64, 'XII DKV 1'),
(2175, '13693', '0069480393', 'CLAFFINOVA THESAR RAFAGA', 'L', 64, 'XII DKV 1'),
(2176, '13694', '0058757978', 'DELLA PUTRI YULIANTI', 'P', 64, 'XII DKV 1'),
(2177, '13695', '0055034450', 'DONI RIZKI SURYAWAN', 'L', 64, 'XII DKV 1'),
(2178, '13696', '0067465682', 'EKA WIDHEA TANTRI', 'P', 64, 'XII DKV 1'),
(2179, '13697', '0053444867', 'FAZRI ADHARI', 'L', 64, 'XII DKV 1'),
(2180, '13698', '8400001113', 'HABIB MEILFIANDO', 'L', 64, 'XII DKV 1'),
(2181, '13699', '8400001112', 'HARLAND AGUSTIAN', 'L', 64, 'XII DKV 1'),
(2182, '13701', '0065531212', 'IQBAL RIPALDI', 'L', 64, 'XII DKV 1'),
(2183, '13703', '0061308256', 'MASAYU ANATASIA', 'P', 64, 'XII DKV 1'),
(2184, '13704', '0063059394', 'MITA APRILIA', 'P', 64, 'XII DKV 1'),
(2185, '13705', '0067537416', 'MUHAMMAD AGUM ALUGORO', 'L', 64, 'XII DKV 1'),
(2186, '13706', '0069074500', 'MUHAMMAD DAMAR ALIEFI', 'L', 64, 'XII DKV 1'),
(2187, '13707', '0051300057', 'MUHAMMAD TAUFIK', 'L', 64, 'XII DKV 1'),
(2188, '13708', '8400001795', 'MUSFIQ AMRULLAH', 'L', 64, 'XII DKV 1'),
(2189, '13709', '0064605770', 'NAUFAL AZIZ', 'L', 64, 'XII DKV 1'),
(2190, '13711', '0064448063', 'OKTAVIANSYAH', 'L', 64, 'XII DKV 1'),
(2191, '13712', '8400001006', 'RAIHAN ARYA FITRA', 'L', 64, 'XII DKV 1'),
(2192, '13713', '0064577610', 'RAKHA RIMANDIKA', 'L', 64, 'XII DKV 1'),
(2193, '13714', '0065072629', 'REVA SAFITRI', 'P', 64, 'XII DKV 1'),
(2194, '13715', '0065894425', 'SEVERUS AHIMSA PANGESTU', 'L', 64, 'XII DKV 1'),
(2195, '13716', '0063110428', 'SHELMA ANRIKA DWIYANTI', 'P', 64, 'XII DKV 1'),
(2196, '13717', '0063535790', 'SIERRA ALESSANDRA FATHIYA HIDAYAT', 'P', 64, 'XII DKV 1'),
(2197, '13718', '0069103786', 'SITI FATIMATUL ZAHRO', 'P', 64, 'XII DKV 1'),
(2198, '13719', '0067799517', 'WILLIAM AVIN JOHANSYAH', 'L', 64, 'XII DKV 1'),
(2199, '13720', '0006525803', 'YUNITA SARI', 'P', 64, 'XII DKV 1'),
(2200, '13721', '0069441478', 'ZOYA PUTIH PATAN', 'P', 64, 'XII DKV 1'),
(2201, '13722', '0063930029', 'ADELIA MANDASARI', 'P', 65, 'XII DKV 2'),
(2202, '13723', '0062751945', 'ADIT KURNIAWAN', 'L', 65, 'XII DKV 2'),
(2203, '13724', '0066467317', 'AHMAD IBNU LABIB', 'L', 65, 'XII DKV 2'),
(2204, '13725', '0052133874', 'AJI LUKMAN', 'L', 65, 'XII DKV 2'),
(2205, '13726', '0052418956', 'ALIF AKBAR', 'L', 65, 'XII DKV 2'),
(2206, '13727', '0063329806', 'ALIF ARRAZAQU', 'L', 65, 'XII DKV 2'),
(2207, '13729', '0054027261', 'BAGUS PRIAMBUDI', 'L', 65, 'XII DKV 2'),
(2208, '13730', '0062126037', 'BANYU LAKSANA BIMANTARA', 'L', 65, 'XII DKV 2'),
(2209, '13731', '0069307572', 'BENART JUANDES', 'L', 65, 'XII DKV 2'),
(2210, '13732', '0064740730', 'BIMO ADYAKSA', 'L', 65, 'XII DKV 2'),
(2211, '13733', '0068650390', 'CANTIKA BINTANG AULIA', 'P', 65, 'XII DKV 2'),
(2212, '13734', '0061073328', 'DENY RIFWANSYAH', 'L', 65, 'XII DKV 2'),
(2213, '13735', '0054566068', 'DONI DESTA SIREGAR', 'L', 65, 'XII DKV 2'),
(2214, '13736', '0063933692', 'JONATHAN', 'L', 65, 'XII DKV 2'),
(2215, '13737', '0064155816', 'KHAYLILAH NATASHA SYAHRONI', 'P', 65, 'XII DKV 2'),
(2216, '13739', '8400001071', 'M. ABIYYU WIJAYA', 'L', 65, 'XII DKV 2'),
(2217, '13740', '0067677400', 'M. REGI SYAPUTRA', 'L', 65, 'XII DKV 2'),
(2218, '13741', '0063171859', 'MAYA MAHARANI', 'P', 65, 'XII DKV 2'),
(2219, '13742', '0068225656', 'MIFTAHUL JANNAH', 'P', 65, 'XII DKV 2'),
(2220, '13743', '0044542008', 'MUHAMMAD RADITYA PRATAMA', 'L', 65, 'XII DKV 2'),
(2221, '13744', '0063782829', 'NAZWA ADINDA ZHULAIKHA', 'P', 65, 'XII DKV 2'),
(2222, '13745', '0068387871', 'RAHMAT WAHYU HIDAYATULLOH', 'L', 65, 'XII DKV 2'),
(2223, '13746', '0051739203', 'RAMEYZA ALYA', 'P', 65, 'XII DKV 2'),
(2224, '13747', '0067196697', 'RIFALDO FERY SOFIAN', 'L', 65, 'XII DKV 2'),
(2225, '13748', '0061450389', 'RISKY DEAN AD\'HA', 'L', 65, 'XII DKV 2'),
(2226, '13749', '0057180564', 'ROMADHONI SAPUTRA', 'L', 65, 'XII DKV 2'),
(2227, '13750', '0063692128', 'ROSA SEBRIANI', 'P', 65, 'XII DKV 2'),
(2228, '13751', '0056854603', 'SIFA AURA THALITA', 'P', 65, 'XII DKV 2'),
(2229, '13752', '0063684414', 'STEVEN ALFIAN', 'L', 65, 'XII DKV 2'),
(2230, '13753', '0051466740', 'TRI AGUSTIN', 'P', 65, 'XII DKV 2'),
(2231, '13754', '0052885728', 'TRI AUREL PATONAH', 'P', 65, 'XII DKV 2'),
(2232, '13755', '0051711368', 'VEBRY ARI SAPUTRA', 'L', 65, 'XII DKV 2'),
(2233, '13756', '0067132490', 'ZAZKIYA AL ZAHRA', 'P', 65, 'XII DKV 2'),
(2234, '13452', '0055716270', 'ADINDA DESWITA MAHARANI', 'P', 66, 'XII PPLG'),
(2235, '13453', '0064548176', 'ADINDA KARUNIA PUTRI', 'P', 66, 'XII PPLG'),
(2236, '13454', '0067319759', 'AMANDA SARAS AYU ANGGITA', 'P', 66, 'XII PPLG'),
(2237, '13455', '8400001542', 'ARYA FATAWA BASUKI', 'L', 66, 'XII PPLG'),
(2238, '13456', '0059289720', 'BIMO AULIANO', 'L', 66, 'XII PPLG'),
(2239, '13457', '0068456370', 'BUNGA DWI LESTARI', 'P', 66, 'XII PPLG'),
(2240, '13458', '0067248660', 'DAFFA WIJAYA SETIAWAN', 'L', 66, 'XII PPLG'),
(2241, '13459', '0069224890', 'DICK RICHARD REINARA', 'L', 66, 'XII PPLG'),
(2242, '14828', '0064890959', 'FADHIL ARAFAT EL VITO', 'L', 66, 'XII PPLG'),
(2243, '13461', '0062637051', 'FARHAN FEBRIAN NOVAL', 'L', 66, 'XII PPLG'),
(2244, '13462', '0061595258', 'FAUZAN AHNAF', 'L', 66, 'XII PPLG'),
(2245, '13463', '0063799722', 'FIRSTIAN ALVAZO', 'L', 66, 'XII PPLG'),
(2246, '13464', '0064766771', 'GREYS OLAN TIMOTHY SIALLAGAN', 'L', 66, 'XII PPLG'),
(2247, '13465', '0053824101', 'HANIF TRESNA YUDHA', 'L', 66, 'XII PPLG'),
(2248, '13466', '0069964934', 'IDHA NURA SANTI', 'P', 66, 'XII PPLG'),
(2249, '13467', '0051572331', 'IRFAN SEPTIAWAN', 'L', 66, 'XII PPLG'),
(2250, '13469', '0066853035', 'M.AJI RIZKI', 'L', 66, 'XII PPLG'),
(2251, '13470', '0066676252', 'MADEN ARKHAB', 'L', 66, 'XII PPLG'),
(2252, '13471', '0056175331', 'MUHAMMAD FIGO DARMAWAN', 'L', 66, 'XII PPLG'),
(2253, '13472', '0066798484', 'MUHAMMAD GHALIB FADHLURROHMAN', 'L', 66, 'XII PPLG'),
(2254, '13473', '0066099129', 'MUHAMMAD NUGROHO RIZKI PRASETIO', 'L', 66, 'XII PPLG'),
(2255, '13474', '8400001650', 'MUHAMMAD PRAWIRA WICAKSONO', 'L', 66, 'XII PPLG'),
(2256, '13475', '8400000611', 'MUHAMMAD SAJID IZZULHAQ', 'L', 66, 'XII PPLG'),
(2257, '13476', '3061172508', 'MUHAMMAD NABIL DAVIAN', 'L', 66, 'XII PPLG'),
(2258, '13477', '0066757759', 'NAZAHRA ADILA SUDRAJAT', 'P', 66, 'XII PPLG'),
(2259, '13478', '0067635541', 'R. ASKARROFI PRABULARIZDA ANGGORO', 'L', 66, 'XII PPLG'),
(2260, '13479', '0061061856', 'RAMADHANU', 'L', 66, 'XII PPLG'),
(2261, '13480', '8400000515', 'REZA PAJAR ADHA', 'L', 66, 'XII PPLG'),
(2262, '13481', '3052537138', 'RIFKY FATURAHMAN', 'L', 66, 'XII PPLG'),
(2263, '13482', '8400001784', 'RIZKA SALSABILA', 'P', 66, 'XII PPLG'),
(2264, '13483', '0059899053', 'ROMA DONA EFENDI', 'P', 66, 'XII PPLG'),
(2265, '13484', '0061688050', 'TIO ADAM SAPUTRA', 'L', 66, 'XII PPLG'),
(2266, '13485', '0066845376', 'TITTO VAHLEVI', 'L', 66, 'XII PPLG'),
(2267, '13486', '0069168352', 'YANS ALI RAMAWAN', 'L', 66, 'XII PPLG'),
(2268, '13792', '0067670576', 'AIDA ANGGRAINI', 'P', 67, 'XII Pht 1'),
(2269, '13826', '0074148029', 'AILEEN ANASTASYA', 'P', 67, 'XII Pht 1'),
(2270, '13825', '0068739900', 'AL KAVI HIDAYAT', 'L', 67, 'XII Pht 1'),
(2271, '13757', '0067677896', 'ALDI SAPUTRA', 'L', 67, 'XII Pht 1'),
(2272, '13758', '8400000926', 'AMANDA SAGITA PUTRI', 'P', 67, 'XII Pht 1'),
(2273, '13955', '0067907122', 'AYU MANDA SARI', 'P', 67, 'XII Pht 1'),
(2274, '13834', '0065830968', 'BAGAS RAMADHAN', 'L', 67, 'XII Pht 1'),
(2275, '13761', '0066425896', 'DANIA RAHMAWATI', 'P', 67, 'XII Pht 1'),
(2276, '13762', '0068493907', 'DENDY TRI JAYA SYAPUTRA HUTABARAT', 'L', 67, 'XII Pht 1'),
(2277, '13837', '0067783887', 'DEVINA REVA PRADIPTA', 'P', 67, 'XII Pht 1'),
(2278, '13764', '0066512455', 'DIMAS AGUNG PANGESTU', 'L', 67, 'XII Pht 1'),
(2279, '13766', '0074568431', 'FELIA APRIANI', 'P', 67, 'XII Pht 1'),
(2280, '13768', '0065653095', 'GALANG FAJAR DANI', 'L', 67, 'XII Pht 1'),
(2281, '13770', '0063103113', 'JONATHAN DILAPANGA', 'L', 67, 'XII Pht 1'),
(2282, '13841', '0065112186', 'JUHER DIANSYAH', 'L', 67, 'XII Pht 1'),
(2283, '13771', '0053919429', 'LISA AMELIA', 'P', 67, 'XII Pht 1'),
(2284, '13803', '0066308452', 'M.ANWAR', 'L', 67, 'XII Pht 1'),
(2285, '13774', '0069851448', 'MARSYA PARAMITA', 'P', 67, 'XII Pht 1'),
(2286, '13804', '8400001829', 'MOHAMAD SYAHLAN AL FAJAR SIDIK', 'L', 67, 'XII Pht 1'),
(2287, '13808', '0068053686', 'NAJWA MEIZIRA', 'P', 67, 'XII Pht 1'),
(2288, '13848', '0063152933', 'NESSA MAULINA', 'P', 67, 'XII Pht 1'),
(2289, '13778', '0066810074', 'NIA PUTRI BUNGA WIJAYA', 'P', 67, 'XII Pht 1'),
(2290, '13779', '0059879684', 'OKA INDHIRA RIYANTO', 'L', 67, 'XII Pht 1'),
(2291, '13780', '0069677821', 'PINGKAN OKTA SARI', 'P', 67, 'XII Pht 1'),
(2292, '13781', '0058067239', 'PRISTIA SUGITA', 'P', 67, 'XII Pht 1'),
(2293, '13811', '0065279419', 'RAFLI SAPUTRA', 'L', 67, 'XII Pht 1'),
(2294, '13782', '0058869971', 'RAHMAD OKTA PRATAMA', 'L', 67, 'XII Pht 1'),
(2295, '13786', '0061509035', 'SILVIA NAYLA NOVIANTI', 'P', 67, 'XII Pht 1'),
(2296, '13858', '0053910762', 'TASSYA ASTIKA MIRANDA', 'P', 67, 'XII Pht 1'),
(2297, '13787', '0055786159', 'TIO RIZKI KURNIAWAN', 'L', 67, 'XII Pht 1'),
(2298, '13789', '0063420579', 'YULIANA DAMAYANTI', 'P', 67, 'XII Pht 1'),
(2299, '13791', '0057933124', 'ADE DIMAS SETIAWAN', 'L', 68, 'XII Pht 2'),
(2300, '13793', '0056335216', 'AKHDAN IHTI SYAMUDIN', 'L', 68, 'XII Pht 2'),
(2301, '13831', '0066826365', 'AQILA NADINDA PUTRI', 'P', 68, 'XII Pht 2'),
(2302, '13760', '8400001491', 'AURA AZWAN ACHMARLIA', 'P', 68, 'XII Pht 2'),
(2303, '13835', '0071222371', 'BUNGA SANDHY AULIA HARTONO', 'P', 68, 'XII Pht 2'),
(2304, '13796', '0061563040', 'DHEA APRIL PRASETYA', 'P', 68, 'XII Pht 2'),
(2305, '13763', '0062594179', 'DIANA TASYA', 'P', 68, 'XII Pht 2'),
(2306, '13797', '0053467685', 'DINA DAMAYANTI', 'P', 68, 'XII Pht 2'),
(2307, '13798', '8400001825', 'DIRA SAFITRI', 'P', 68, 'XII Pht 2'),
(2308, '13799', '0068740172', 'DWI PASYA RAMADANI', 'P', 68, 'XII Pht 2'),
(2309, '13765', '0063374555', 'ESYA BUDI APRIANA', 'P', 68, 'XII Pht 2'),
(2310, '13839', '0051726556', 'GILANG RAHMADANI', 'L', 68, 'XII Pht 2'),
(2311, '13800', '0064950880', 'HANAFI GOBI YANSYAH', 'L', 68, 'XII Pht 2'),
(2312, '13769', '0068660941', 'IKHSAN SURYA PUTRA', 'L', 68, 'XII Pht 2'),
(2313, '13802', '0061625235', 'INTAN PUTRI WULANDARI', 'P', 68, 'XII Pht 2'),
(2314, '13842', '8400001706', 'JULIA RAHMAH', 'P', 68, 'XII Pht 2'),
(2315, '13805', '0069891396', 'MUHAMAD RAMADAN', 'L', 68, 'XII Pht 2'),
(2316, '13847', '0059493916', 'MUHAMMAD FEBRIANSYAH', 'L', 68, 'XII Pht 2'),
(2317, '13809', '0065066643', 'NICKOLA DARMAJAYA', 'L', 68, 'XII Pht 2'),
(2318, '13810', '0067623782', 'NOVA', 'P', 68, 'XII Pht 2'),
(2319, '13851', '0053923457', 'PUTRI NABILA', 'P', 68, 'XII Pht 2'),
(2320, '13812', '0067256158', 'RESTI APRILLIDIA', 'P', 68, 'XII Pht 2'),
(2321, '13855', '0066421755', 'RIA SAPUTRI', 'P', 68, 'XII Pht 2'),
(2322, '13814', '0068988997', 'RISKY OKTA FUANDI', 'L', 68, 'XII Pht 2'),
(2323, '13815', '0065824985', 'SELVI ANGGRAINI', 'P', 68, 'XII Pht 2'),
(2324, '13817', '0071097723', 'SHELLY APRILLIANI', 'P', 68, 'XII Pht 2'),
(2325, '13822', '0062996297', 'TANTI NUARDA SARI', 'P', 68, 'XII Pht 2'),
(2326, '13788', '0062224536', 'VHIRGIAWAN SAMANTHA', 'L', 68, 'XII Pht 2'),
(2327, '13859', '0068104148', 'YUNITA EKAMEILIA', 'P', 68, 'XII Pht 2'),
(2328, '13828', '0064398407', 'AMELIA SAFITRI', 'P', 69, 'XII Pht 3'),
(2329, '13829', '0064333133', 'ANANDA AULIA', 'P', 69, 'XII Pht 3'),
(2330, '13830', '0068442520', 'ANGELINA NUR DZAKIYAH', 'P', 69, 'XII Pht 3'),
(2331, '13759', '0053252231', 'ANGGUN', 'P', 69, 'XII Pht 3'),
(2332, '13832', '0065347338', 'ARIF RAHMAN', 'L', 69, 'XII Pht 3'),
(2333, '13794', '0065181291', 'ASYIPA ZAHRA', 'P', 69, 'XII Pht 3'),
(2334, '13833', '0066535407', 'AULIA LEVINA AWALIAH', 'P', 69, 'XII Pht 3'),
(2335, '13836', '3051900565', 'DANIEL RAMADHON', 'L', 69, 'XII Pht 3'),
(2336, '13795', '0066348041', 'DESVIKA LIVYA HAPSARI', 'P', 69, 'XII Pht 3'),
(2337, '13772', '0058852319', 'M.DANA KUSUMA', 'L', 69, 'XII Pht 3'),
(2338, '13773', '0047916247', 'M.VIGO SAPUTRA', 'L', 69, 'XII Pht 3'),
(2339, '13846', '0055068236', 'MAESTARI DWI MELFIANI', 'P', 69, 'XII Pht 3'),
(2340, '13775', '0062225726', 'MUHAMMAD ALLAIKA REVALDO', 'L', 69, 'XII Pht 3'),
(2341, '13807', '0072775284', 'NADILA OKTAFIA RAMADINA', 'P', 69, 'XII Pht 3'),
(2342, '13777', '8400001815', 'NASYIVA FITRI UTAMI', 'P', 69, 'XII Pht 3'),
(2343, '13849', '0061173355', 'NESSYA CAROLLYNE L', 'P', 69, 'XII Pht 3'),
(2344, '13850', '0024705026', 'PUTRI FEBRIYANA', 'P', 69, 'XII Pht 3'),
(2345, '13853', '0056355990', 'RANI SEPDA SARI', 'P', 69, 'XII Pht 3'),
(2346, '13783', '0062609980', 'REFANI ZAHRA', 'P', 69, 'XII Pht 3'),
(2347, '13854', '0066362154', 'REYNALDI RIZKIFERNA HANDOKO', 'L', 69, 'XII Pht 3'),
(2348, '13813', '0057284155', 'RHESTY AURELEA', 'P', 69, 'XII Pht 3'),
(2349, '13784', '0031624249', 'ROJI SAPUTRA', 'L', 69, 'XII Pht 3'),
(2350, '13856', '0064281146', 'SALSA DEYA ANASTASYA', 'P', 69, 'XII Pht 3'),
(2351, '13816', '0058557659', 'SEPTA DWI CAHYANI', 'P', 69, 'XII Pht 3'),
(2352, '13818', '0068547493', 'SHENDY AYU MARLINA', 'P', 69, 'XII Pht 3'),
(2353, '13857', '0066349390', 'SHIFA MUTIARA DIFA. F', 'P', 69, 'XII Pht 3'),
(2354, '13819', '0087133693', 'SITI KHADIJAH', 'P', 69, 'XII Pht 3'),
(2355, '13820', '0061531652', 'SUCI MARDIYAH HAYATI', 'P', 69, 'XII Pht 3'),
(2356, '13821', '0067600318', 'SUNDARI', 'P', 69, 'XII Pht 3'),
(2357, '13823', '0081199358', 'YESSY AMELYA VEGA', 'P', 69, 'XII Pht 3'),
(2358, '13790', '0054599635', 'ZULFA ANGGRAINI', 'P', 69, 'XII Pht 3'),
(2359, '13487', '0067337298', 'ADI WIJOYO', 'L', 70, 'XII Kul'),
(2360, '13488', '0058913545', 'AIMAN MUZAKI EDITIA', 'L', 70, 'XII Kul'),
(2361, '13489', '0067991618', 'ALGHANIY BALQIS', 'P', 70, 'XII Kul'),
(2362, '13490', '0065505352', 'ALIA RAHMA', 'P', 70, 'XII Kul'),
(2363, '13491', '0061801831', 'ALYA SYAHARA', 'P', 70, 'XII Kul'),
(2364, '13492', '8400001790', 'ANNISA UMMA ROFIAH', 'P', 70, 'XII Kul'),
(2365, '13493', '0046209452', 'ARIKA SYAHRANI', 'P', 70, 'XII Kul'),
(2366, '13494', '3061752530', 'ARROSA SAUSAN', 'P', 70, 'XII Kul'),
(2367, '13495', '0001294729', 'AULIA NABILA PERTIWI', 'P', 70, 'XII Kul'),
(2368, '13496', '8400000054', 'CHARYNA ASTARY', 'P', 70, 'XII Kul'),
(2369, '13497', '0052967161', 'CHEISYA SHAHADA DEVINA PUTRI', 'P', 70, 'XII Kul'),
(2370, '13498', '0057305970', 'CITRA AMELIA NINGSIH', 'P', 70, 'XII Kul'),
(2371, '13499', '0067536262', 'FATIKA AZARIA PUTRI', 'P', 70, 'XII Kul'),
(2372, '13500', '0066364295', 'FITRI WULANDARI', 'P', 70, 'XII Kul'),
(2373, '13501', '0065822391', 'GHEA LUNA RAMADHANI', 'P', 70, 'XII Kul'),
(2374, '13502', '0063665359', 'IRANIA ROSI AGUSTIN', 'P', 70, 'XII Kul'),
(2375, '13953', '0054907127', 'JIHAN ERFIANA SUBIJANTO', 'P', 70, 'XII Kul'),
(2376, '13503', '0067935932', 'KEYSHA AULIA PUTRI', 'P', 70, 'XII Kul'),
(2377, '13504', '0062898702', 'MELISA ARIYANTI', 'P', 70, 'XII Kul'),
(2378, '13506', '0023668349', 'MUTIARA KHADIJAH', 'P', 70, 'XII Kul'),
(2379, '13507', '0063673306', 'NAIZHA YULANDA KHOIRUNNISA', 'P', 70, 'XII Kul'),
(2380, '13508', '0066518135', 'NAJAH KAFKA NAVISA S.A', 'P', 70, 'XII Kul'),
(2381, '13509', '0062629915', 'NISRINA NAFIAH', 'P', 70, 'XII Kul'),
(2382, '13510', '0069014830', 'NYIMAS MUTHIA CAHYU ANDINI', 'P', 70, 'XII Kul'),
(2383, '13511', '0069639693', 'PERTIWI AULIA ANGGRAINI', 'P', 70, 'XII Kul'),
(2384, '13512', '0078044940', 'RAHMA PUTRI CANTIKA', 'P', 70, 'XII Kul'),
(2385, '13513', '0067044712', 'RATU PRATAMI PUTRI', 'P', 70, 'XII Kul'),
(2386, '13514', '0042878714', 'RESTA APRILIYANI', 'P', 70, 'XII Kul'),
(2387, '13515', '0068112829', 'RESTI PERTIWI', 'P', 70, 'XII Kul'),
(2388, '13516', '0066567381', 'REVALINA ROSSA', 'P', 70, 'XII Kul'),
(2389, '13517', '0065097388', 'RISKA RAMADHANI', 'P', 70, 'XII Kul'),
(2390, '13518', '0077651388', 'SABRINA RHOUDATUL JANNAH', 'P', 70, 'XII Kul'),
(2391, '13519', '0069639681', 'SAFA KALILA YUNI', 'P', 70, 'XII Kul'),
(2392, '13520', '0066270016', 'VALERINA RAMADHANI', 'P', 70, 'XII Kul'),
(2393, '13521', '0059126673', 'YOLANDA', 'P', 70, 'XII Kul'),
(2394, '13522', '0056874689', 'ALIYA ZAKKAHA SHAQI', 'P', 71, 'XII Bus'),
(2395, '13523', '3068213197', 'ANGGITA PUTRI CHERISYA', 'P', 71, 'XII Bus'),
(2396, '13524', '0063303219', 'ANNISA IDHAR ANGESTA', 'P', 71, 'XII Bus'),
(2397, '13525', '0065571207', 'AZZAHRA SALSABILA', 'P', 71, 'XII Bus'),
(2398, '13526', '0068487291', 'DARA ANGGRAINI', 'P', 71, 'XII Bus'),
(2399, '13527', '8400001701', 'ELSYA NUR FATILLAH', 'P', 71, 'XII Bus'),
(2400, '13528', '8400001621', 'EUIS SETIAWATI', 'P', 71, 'XII Bus'),
(2401, '13529', '0062197532', 'FRISCILLA ANJANI', 'P', 71, 'XII Bus'),
(2402, '13530', '0062859739', 'HESTI DINDA ASTUTI', 'P', 71, 'XII Bus'),
(2403, '13531', '0065516504', 'INDIKA RATULIU', 'P', 71, 'XII Bus'),
(2404, '13533', '8400000733', 'MUTIA ARISKA SAFITRI', 'P', 71, 'XII Bus'),
(2405, '13534', '0055846203', 'NADIA NOVALIA', 'P', 71, 'XII Bus'),
(2406, '13535', '0066995785', 'NADYA AYU SYAHRANI', 'P', 71, 'XII Bus'),
(2407, '13536', '8400000055', 'NAI SHELA BUNGA SUCITA', 'P', 71, 'XII Bus'),
(2408, '13537', '0062840044', 'NASYWA SALSABILA RAMADHINI RIDWAN', 'P', 71, 'XII Bus'),
(2409, '13538', '0055167700', 'NAZWA DIANNITA DARMAWI', 'P', 71, 'XII Bus'),
(2410, '13539', '0063390341', 'NOVITASARI', 'P', 71, 'XII Bus'),
(2411, '13540', '0061622111', 'PANGESTI MAHARANI', 'P', 71, 'XII Bus'),
(2412, '13541', '0055392995', 'PUPUT CAHYANI', 'P', 71, 'XII Bus'),
(2413, '13542', '0066197780', 'PUTRI HASANAH ZAHRA', 'P', 71, 'XII Bus'),
(2414, '13543', '0068245793', 'REHANA', 'P', 71, 'XII Bus'),
(2415, '13544', '0066364856', 'SHEKA ACMELIA', 'P', 71, 'XII Bus'),
(2416, '13545', '0067980609', 'TALITHA ROIHANAH SALSABILA', 'P', 71, 'XII Bus');

-- --------------------------------------------------------

--
-- Struktur dari tabel `tb_users`
--

CREATE TABLE `tb_users` (
  `id` int NOT NULL,
  `id_hari` int DEFAULT NULL,
  `nama_hari` varchar(100) CHARACTER SET utf8mb4 COLLATE utf8mb4_general_ci DEFAULT NULL,
  `username` varchar(100) CHARACTER SET utf8mb4 COLLATE utf8mb4_general_ci NOT NULL,
  `password` varchar(225) CHARACTER SET utf8mb4 COLLATE utf8mb4_general_ci NOT NULL DEFAULT '$2y$10$oxTNOCipE9QDMf4.Ow5/KeX7sgYASH2vzbg9KuZiMWUda4LpZh1Eq',
  `role` varchar(100) CHARACTER SET utf8mb4 COLLATE utf8mb4_general_ci NOT NULL DEFAULT 'Guru Manage',
  `id_guru` int DEFAULT NULL,
  `nama_guru` varchar(100) CHARACTER SET utf8mb4 COLLATE utf8mb4_general_ci DEFAULT NULL,
  `area_piket` text CHARACTER SET utf8mb4 COLLATE utf8mb4_general_ci,
  `ket` varchar(100) CHARACTER SET utf8mb4 COLLATE utf8mb4_general_ci DEFAULT NULL
) ENGINE=InnoDB DEFAULT CHARSET=utf8mb4 COLLATE=utf8mb4_general_ci;

--
-- Dumping data untuk tabel `tb_users`
--

INSERT INTO `tb_users` (`id`, `id_hari`, `nama_hari`, `username`, `password`, `role`, `id_guru`, `nama_guru`, `area_piket`, `ket`) VALUES
(1, 1, 'Senin', 'Damaiyanti', '$2y$10$cvSAjRxXwuJApjLntxU1TOh16y65cjnLSxw0ddrpML14upowyaauS', 'Guru Piket', 95, 'Damaiyanti, S.S', 'X Pht 1, X Pht 2, X Pht 3, X MPLB, XI MPLB, XII PM 1, XII PM 2, XII PM 3, XII TJKT 1, XII MPLB', 'E4.9.23'),
(2, 1, 'Senin', 'Misna Yunita', '$2y$10$oxTNOCipE9QDMf4.Ow5/KeX7sgYASH2vzbg9KuZiMWUda4LpZh1Eq', 'Guru Piket', 140, 'Misna Yunita. S.Pd.', 'XI ULP 1, XI ULP 2, X ULP 1, X ULP 2, XI Pht 1, XI Pht 2, XI Pht 3, X TJKT 1, X TJKT 2, XII ULP 1, XII ULP 2', NULL),
(3, 1, 'Senin', 'Ayu Jayanti', '$2y$10$oxTNOCipE9QDMf4.Ow5/KeX7sgYASH2vzbg9KuZiMWUda4LpZh1Eq', 'Guru Piket', 112, 'Ayu Jayanti, S.Kom.', 'XI Pem 2, XI Pem 3, X Pem 1, X Pem 2, XII PPLG, XI PPLG 1, XI PPLG 2, X PPLG 1, X PPLG 2, XII PHT 1', NULL),
(4, 1, 'Senin', 'Santi Noviyana', '$2y$10$oxTNOCipE9QDMf4.Ow5/KeX7sgYASH2vzbg9KuZiMWUda4LpZh1Eq', 'Guru Piket', 18, 'Santi Noviyana, S.Pd', 'XI Pem 1, XII TJKT 1, XII TJKT 2, XII TJKT 3, XII TJKT 4, XI TJKT 1, XI TJKT 2, X TJKT 3, XI TJKT 3, X Bus 2', NULL),
(5, 1, 'Senin', 'Chandra Kusuma', '$2y$10$oxTNOCipE9QDMf4.Ow5/KeX7sgYASH2vzbg9KuZiMWUda4LpZh1Eq', 'Guru Piket', 20, 'Chandra Kusuma, M.Pd', 'XII DKV 2, XII DKV 1, XI AKL 5, XI AKL 4, XI AKL 3, XI DKV 1, XI DKV 2, XDKV 1, X DKV 2 ', NULL),
(6, 1, 'Senin', 'Andhita Marcelia', '$2y$10$oxTNOCipE9QDMf4.Ow5/KeX7sgYASH2vzbg9KuZiMWUda4LpZh1Eq', 'Guru Piket', 22, 'Andhita Marcelia, S.Pd', 'X AKL 1, X AKL 2, X AKL 3, X AKL 4, X AKL 5, XII AKL 1, XII AKL 2, XII AKL 3, XII AKL 4, XII PHT 2, XII PHT 3', NULL),
(7, 1, 'Senin', 'Carina Aurelia', '$2y$10$oxTNOCipE9QDMf4.Ow5/KeX7sgYASH2vzbg9KuZiMWUda4LpZh1Eq', 'Guru Piket', 19, 'Carina Aurelia, S.Pd', 'XI Kul 1, XI Kul 2, X Kul 1, X Kul 2, XII AKL 5, XI Bus, XI AKL 1, XI AKL 2, X Bus 1, XII Kul, XII Bus', NULL),
(8, 2, 'Selasa', 'Sugeng', '$2y$10$oxTNOCipE9QDMf4.Ow5/KeX7sgYASH2vzbg9KuZiMWUda4LpZh1Eq', 'Guru Piket', 97, 'Sugeng, S.Pd', 'X Pht 1, X Pht 2, X Pht 3, X MPLB, XI MPLB, XII PM 1, XII PM 2, XII PM 3, XII TJKT 1, XII MPLB', NULL),
(9, 2, 'Selasa', 'Ni Made Novia Rezkianti', '$2y$10$oxTNOCipE9QDMf4.Ow5/KeX7sgYASH2vzbg9KuZiMWUda4LpZh1Eq', 'Guru Piket', 119, 'Ni Made Novia Rezkianti, S.T', 'XI ULP 1, XI ULP 2, X ULP 1, X ULP 2, XI Pht 1, XI Pht 2, XI Pht 3, X TJKT 1, X TJKT 2, XII ULP 1, XII ULP 2', NULL),
(10, 2, 'Selasa', 'Dani Rudiyansah', '$2y$10$oxTNOCipE9QDMf4.Ow5/KeX7sgYASH2vzbg9KuZiMWUda4LpZh1Eq', 'Guru Piket', 137, 'Dani Rudiyansah, S.Pd.', 'XI Pem 2, XI Pem 3, X Pem 1, X Pem 2, XII PPLG, XI PPLG 1, XI PPLG 2, X PPLG 1, X PPLG 2, XII PHT 1', NULL),
(11, 2, 'Selasa', 'Yunita Sari', '$2y$10$oxTNOCipE9QDMf4.Ow5/KeX7sgYASH2vzbg9KuZiMWUda4LpZh1Eq', 'Guru Piket', 148, 'Yunita Sari, S.Pd', 'XI Pem 1, XII TJKT 1, XII TJKT 2, XII TJKT 3, XII TJKT 4, XI TJKT 1, XI TJKT 2, X TJKT 3, XI TJKT 3, X Bus 2', NULL),
(12, 2, 'Selasa', 'Indri Julianti Afnil', '$2y$10$oxTNOCipE9QDMf4.Ow5/KeX7sgYASH2vzbg9KuZiMWUda4LpZh1Eq', 'Guru Piket', 56, 'Indri Julianti Afnil, S.Pd', 'XII DKV 2, XII DKV 1, XI AKL 5, XI AKL 4, XI AKL 3, XI DKV 1, XI DKV 2, XDKV 1, X DKV 2 ', NULL),
(13, 2, 'Selasa', 'Sandria Febrianti', '$2y$10$oxTNOCipE9QDMf4.Ow5/KeX7sgYASH2vzbg9KuZiMWUda4LpZh1Eq', 'Guru Piket', 37, 'Sandria Febrianti, S.Si', 'X AKL 1, X AKL 2, X AKL 3, X AKL 4, X AKL 5, XII AKL 1, XII AKL 2, XII AKL 3, XII AKL 4, XII PHT 2, XII PHT 3', NULL),
(14, 2, 'Selasa', 'Wita Asiyah', '$2y$10$oxTNOCipE9QDMf4.Ow5/KeX7sgYASH2vzbg9KuZiMWUda4LpZh1Eq', 'Guru Piket', 49, 'Wita Asiyah, S.Pd', 'XI Kul 1, XI Kul 2, X Kul 1, X Kul 2, XII AKL 5, XI Bus, XI AKL 1, XI AKL 2, X Bus 1, XII Kul, XII Bus', NULL),
(15, 3, 'Rabu', 'Yesi Puspitasari', '$2y$10$oxTNOCipE9QDMf4.Ow5/KeX7sgYASH2vzbg9KuZiMWUda4LpZh1Eq', 'Guru Piket', 53, 'Yesi Puspitasari, S.Pd', 'X Pht 1, X Pht 2, X Pht 3, X MPLB, XI MPLB, XII PM 1, XII PM 2, XII PM 3, XII TJKT 1, XII MPLB', NULL),
(16, 3, 'Rabu', 'Murniyati', '$2y$10$oxTNOCipE9QDMf4.Ow5/KeX7sgYASH2vzbg9KuZiMWUda4LpZh1Eq', 'Guru Piket', 34, 'Murniyati, S.Pd', 'XI ULP 1, XI ULP 2, X ULP 1, X ULP 2, XI Pht 1, XI Pht 2, XI Pht 3, X TJKT 1, X TJKT 2, X TJKT 3, XI TJKT 3, XII ULP 1, XII ULP 2', NULL),
(17, 3, 'Rabu', 'Ahmad Dian Maulid', '$2y$10$oxTNOCipE9QDMf4.Ow5/KeX7sgYASH2vzbg9KuZiMWUda4LpZh1Eq', 'Guru Piket', 101, 'Ahmad Dian Maulid, A.Md.Par, S.E', 'XI Pem 2, XI Pem 3, X Pem 1, X Pem 2, XII PPLG, XI PPLG 1, XI PPLG 2, X PPLG 1, X PPLG 2, XII PHT 1', NULL),
(18, 3, 'Rabu', 'Yuli Seti Purwaningsih', '$2y$10$oxTNOCipE9QDMf4.Ow5/KeX7sgYASH2vzbg9KuZiMWUda4LpZh1Eq', 'Guru Piket', 55, 'Yuli Seti Purwaningsih, S.Pd', 'XI Pem 1, XII TJKT 2, XII TJKT 3, XII TJKT 4, XI TJKT 1, XI TJKT 2, X Bus 2, X Bus 1, XI Bus, XI Kul 1, XI Kul 2', NULL),
(19, 3, 'Rabu', 'Laedy Puspita Putri Taupan', '$2y$10$oxTNOCipE9QDMf4.Ow5/KeX7sgYASH2vzbg9KuZiMWUda4LpZh1Eq', 'Guru Piket', 141, 'Laedy Puspita Putri Taupan, S.Pd.', 'XII DKV 2, XII DKV 1, XI AKL 5, XI AKL 4, XI AKL 3, XI DKV 1, XI DKV 2, XDKV 1, X DKV 2, XI AKL 1, XI AKL2, XII PHT 2, XII PHT 3', NULL),
(20, 3, 'Rabu', 'Nur Fadillah', '$2y$10$oxTNOCipE9QDMf4.Ow5/KeX7sgYASH2vzbg9KuZiMWUda4LpZh1Eq', 'Guru Piket', 6, 'Nur Fadillah, S.Pd.I', 'X AKL 1, X AKL 2, X AKL 3, X AKL 4, X AKL 5, XII AKL 1, XII AKL 2, XII AKL 3, XII AKL 4, XII AKL 5, X Kul 1, X Kul 2, XII Kul, XII Bus', NULL),
(21, 4, 'Kamis', 'Bema Hayuliani', '$2y$10$oxTNOCipE9QDMf4.Ow5/KeX7sgYASH2vzbg9KuZiMWUda4LpZh1Eq', 'Guru Piket', 59, 'Bema Hayuliani, S.Pd', 'X Pht 1, X Pht 2, X Pht 3, X MPLB, XI MPLB, XII PM 1, XII PM 2, XII PM 3, XII TJKT 1, XII MPLB', NULL),
(22, 4, 'Kamis', 'Mutiara Iwana', '$2y$10$oxTNOCipE9QDMf4.Ow5/KeX7sgYASH2vzbg9KuZiMWUda4LpZh1Eq', 'Guru Piket', 78, 'Mutiara Iwana S.Pd', 'XI ULP 1, XI ULP 2, X ULP 1, X ULP 2, XI Pht 1, XI Pht 2, XI Pht 3, X TJKT 1, X TJKT 2, XII ULP 1, XII ULP 2', NULL),
(23, 4, 'Kamis', 'Maryanah', '$2y$10$oxTNOCipE9QDMf4.Ow5/KeX7sgYASH2vzbg9KuZiMWUda4LpZh1Eq', 'Guru Piket', 138, 'Maryanah, S.Pd.', 'XI Pem 2, XI Pem 3, X Pem 1, X Pem 2, XII PPLG, XI PPLG 1, XI PPLG 2, X PPLG 1, X PPLG 2', NULL),
(24, 4, 'Kamis', 'Insani Rahmawati', '$2y$10$oxTNOCipE9QDMf4.Ow5/KeX7sgYASH2vzbg9KuZiMWUda4LpZh1Eq', 'Guru Piket', 102, 'Insani Rahmawati, S.Tr. Par', 'XI Pem 1, XII TJKT 1, XII TJKT 2, XII TJKT 3, XII TJKT 4, XI TJKT 1, XI TJKT 2, X TJKT 3, XI TJKT 3, X Bus 2, XII PHT 1', NULL),
(25, 4, 'Kamis', 'Putri Auggraini', '$2y$10$oxTNOCipE9QDMf4.Ow5/KeX7sgYASH2vzbg9KuZiMWUda4LpZh1Eq', 'Guru Piket', 99, 'Putri Auggraini, S.S', 'XII DKV 2, XII DKV 1, XI AKL 5, XI AKL 4, XI AKL 3, XI DKV 1, XI DKV 2, X DKV 1, X DKV 2, XII PHT 2, XII PHT 3', NULL),
(26, 4, 'Kamis', 'Nelda Susanti', '$2y$10$oxTNOCipE9QDMf4.Ow5/KeX7sgYASH2vzbg9KuZiMWUda4LpZh1Eq', 'Guru Piket', 51, 'Nelda Susanti, S.Pd', 'X AKL 1, X AKL 2, X AKL 3, X AKL 4, X AKL 5, XII AKL 1, XII AKL 2, XII AKL 3, XII AKL 4', NULL),
(27, 4, 'Kamis', 'Citra Haningtyas', '$2y$10$oxTNOCipE9QDMf4.Ow5/KeX7sgYASH2vzbg9KuZiMWUda4LpZh1Eq', 'Guru Piket', 35, 'Citra Haningtyas, S.Pd', 'XI Kul 1, XI Kul 2, X Kul 1, X Kul 2, XII AKL 5, XI Bus, XI AKL 1, XI AKL 2, X Bus 1, XII Kul, XII Bus', NULL),
(28, 5, 'Jumat', 'Estianti', '$2y$10$oxTNOCipE9QDMf4.Ow5/KeX7sgYASH2vzbg9KuZiMWUda4LpZh1Eq', 'Guru Piket', 98, 'Estianti, S.Pd', 'X Pht 1, X Pht 2, X Pht 3, X MPLB, XI MPLB, XII PM 1, XII PM 2, XII PM 3, XII TJKT 1, XII MPLB', NULL),
(29, 5, 'Jumat', 'Nani Wulandari', '$2y$10$oxTNOCipE9QDMf4.Ow5/KeX7sgYASH2vzbg9KuZiMWUda4LpZh1Eq', 'Guru Piket', 139, 'Nani Wulandari, S.Pd.', 'XI ULP 1, XI ULP 2, X ULP 1, X ULP 2, XI Pht 1, XI Pht 2, XI Pht 3, X TJKT 1, X TJKT 2, X TJKT 3, XI TJKT 3, XII ULP 1, XII ULP 2', NULL),
(30, 5, 'Jumat', 'Heni Ayu Pertiwi', '$2y$10$oxTNOCipE9QDMf4.Ow5/KeX7sgYASH2vzbg9KuZiMWUda4LpZh1Eq', 'Guru Piket', 36, 'Heni Ayu Pertiwi, S.Si', 'XI Pem 2, XI Pem 3, X Pem 1, X Pem 2, XII PPLG, XI PPLG 1, XI PPLG 2, X PPLG 1, X PPLG 2, XII PHT 1', NULL),
(31, 5, 'Jumat', 'Ria Handayani', '$2y$10$oxTNOCipE9QDMf4.Ow5/KeX7sgYASH2vzbg9KuZiMWUda4LpZh1Eq', 'Guru Piket', 81, 'Ria Handayani, S.E', 'XI Pem 1, XII TJKT 2, XII TJKT 3, XII TJKT 4, XI TJKT 1, XI TJKT 2, X Bus 2, X Bus 1, XI Bus, XI Kul 1, XI Kul 2, XII PHT 2, XII PHT 3', NULL),
(32, 5, 'Jumat', 'Dewi Anggraini', '$2y$10$oxTNOCipE9QDMf4.Ow5/KeX7sgYASH2vzbg9KuZiMWUda4LpZh1Eq', 'Guru Piket', 120, 'Dewi Anggraini, S.Kom', 'XII DKV 2, XII DKV 1, XI AKL 5, XI AKL 4, XI AKL 3, XI DKV 1, XI DKV 2, X DKV 1, X DKV 2, XI AKL 1, XI AKL 2, XII Bus', NULL),
(33, 5, 'Jumat', 'Resliky Thofan', '$2y$10$oxTNOCipE9QDMf4.Ow5/KeX7sgYASH2vzbg9KuZiMWUda4LpZh1Eq', 'Guru Piket', 21, 'Resliky Thofan D, S.Pd', 'X AKL 1, X AKL 2, X AKL 3, X AKL 4, X AKL 5, XII AKL 1, XII AKL 2, XII AKL 3, XII AKL 4, XII AKL 5, X Kul 1, X Kul 2, XII Kul', NULL),
(34, NULL, NULL, 'Admin Absen', '$2y$10$BUDBxVcEYcqW9qc79Vrw.eIXf8IV1sTvkkD7fDzuTfWHLbkArYsxa', 'Admin', NULL, NULL, NULL, NULL),
(36, NULL, NULL, 'PEPELEG TEST', '$2y$10$N4mnirrRnp5NA0V7BUvs.OBOLjdcTL9NjXBOj3AhhQK2dF.5T48fy', 'Guru Piket', NULL, NULL, NULL, NULL),
(37, NULL, NULL, 'Manage', '$2y$10$RyLTXKHshbf0g.PyGSA.H.3H7aaJsyTq0.oP63MTaaDFUt4icxqcq', 'Guru Manage', NULL, NULL, NULL, NULL),
(38, NULL, NULL, 'Amelia', '$2y$10$oxTNOCipE9QDMf4.Ow5/KeX7sgYASH2vzbg9KuZiMWUda4LpZh1Eq', 'Guru Manage', NULL, 'Amelia Vidyastuti, M.Pd.', NULL, NULL),
(39, NULL, NULL, 'Darpin', '$2y$10$oxTNOCipE9QDMf4.Ow5/KeX7sgYASH2vzbg9KuZiMWUda4LpZh1Eq', 'Guru Manage', NULL, 'Drs.Darpin', NULL, NULL),
(40, NULL, NULL, 'Azizah', '$2y$10$oxTNOCipE9QDMf4.Ow5/KeX7sgYASH2vzbg9KuZiMWUda4LpZh1Eq', 'Guru Manage', NULL, 'Mas Azizah, M.Pd', NULL, NULL),
(41, NULL, NULL, 'Anneke', '$2y$10$oxTNOCipE9QDMf4.Ow5/KeX7sgYASH2vzbg9KuZiMWUda4LpZh1Eq', 'Guru Manage', NULL, 'Dra. Anneke Maulisa, M.M.Pd.', NULL, NULL),
(42, NULL, NULL, 'Lindaningsih', '$2y$10$oxTNOCipE9QDMf4.Ow5/KeX7sgYASH2vzbg9KuZiMWUda4LpZh1Eq', 'Guru Manage', NULL, 'Lindaningsih, S.Pd.', NULL, NULL),
(43, NULL, NULL, 'Sri', '$2y$10$oxTNOCipE9QDMf4.Ow5/KeX7sgYASH2vzbg9KuZiMWUda4LpZh1Eq', 'Guru Manage', NULL, 'Dra. Sri Wahyuni, M.M.', NULL, NULL),
(44, NULL, NULL, 'Wayan', '$2y$10$oxTNOCipE9QDMf4.Ow5/KeX7sgYASH2vzbg9KuZiMWUda4LpZh1Eq', 'Guru Manage', NULL, 'Wayan Sukanta, M.Pd', NULL, NULL),
(45, NULL, NULL, 'Uswatun', '$2y$10$oxTNOCipE9QDMf4.Ow5/KeX7sgYASH2vzbg9KuZiMWUda4LpZh1Eq', 'Guru Manage', NULL, 'Hj. Siti Uswatun Khasanah, M.Pd.', NULL, NULL),
(46, NULL, NULL, 'Ernita', '$2y$10$oxTNOCipE9QDMf4.Ow5/KeX7sgYASH2vzbg9KuZiMWUda4LpZh1Eq', 'Guru Manage', NULL, 'Dra. Hj. Ernita Wati', NULL, NULL),
(47, NULL, NULL, 'Sumiyati', '$2y$10$oxTNOCipE9QDMf4.Ow5/KeX7sgYASH2vzbg9KuZiMWUda4LpZh1Eq', 'Guru Manage', NULL, 'Sumiyati, S.Pd.', NULL, NULL),
(48, NULL, NULL, 'Elya', '$2y$10$oxTNOCipE9QDMf4.Ow5/KeX7sgYASH2vzbg9KuZiMWUda4LpZh1Eq', 'Guru Manage', NULL, 'Elya Yulina, S.Pd', NULL, NULL),
(49, NULL, NULL, 'Junpo', '$2y$10$oxTNOCipE9QDMf4.Ow5/KeX7sgYASH2vzbg9KuZiMWUda4LpZh1Eq', 'Guru Manage', NULL, 'Junpo, S.Kom', NULL, NULL),
(50, NULL, NULL, 'Aprilyanti', '$2y$10$oxTNOCipE9QDMf4.Ow5/KeX7sgYASH2vzbg9KuZiMWUda4LpZh1Eq', 'Guru Manage', NULL, 'Aprilyanti, S.Si.', NULL, NULL),
(51, NULL, NULL, 'Herlina', '$2y$10$oxTNOCipE9QDMf4.Ow5/KeX7sgYASH2vzbg9KuZiMWUda4LpZh1Eq', 'Guru Manage', NULL, 'Herlina, S.Pd', NULL, NULL),
(52, NULL, NULL, 'Ayu', '$2y$10$oxTNOCipE9QDMf4.Ow5/KeX7sgYASH2vzbg9KuZiMWUda4LpZh1Eq', 'Guru Manage', NULL, 'Pungky Ayu Lestari, S.Pd', NULL, NULL),
(53, NULL, NULL, 'Noffita', '$2y$10$oxTNOCipE9QDMf4.Ow5/KeX7sgYASH2vzbg9KuZiMWUda4LpZh1Eq', 'Guru Manage', NULL, 'Noffita Indah Furi, SE., M.Pd', NULL, NULL),
(54, NULL, NULL, 'Damaiyanti', '$2y$10$oxTNOCipE9QDMf4.Ow5/KeX7sgYASH2vzbg9KuZiMWUda4LpZh1Eq', 'Guru Manage', NULL, 'Damaiyanti, S.S', NULL, NULL),
(55, NULL, NULL, 'Dianmo', '$2y$10$oxTNOCipE9QDMf4.Ow5/KeX7sgYASH2vzbg9KuZiMWUda4LpZh1Eq', 'Guru Manage', NULL, 'Ahmad Dian Maulid, A.Md.Par', NULL, NULL),
(56, NULL, NULL, 'Ratih', '$2y$10$oxTNOCipE9QDMf4.Ow5/KeX7sgYASH2vzbg9KuZiMWUda4LpZh1Eq', 'Guru Manage', NULL, 'Ratih Windari, S.Kom', NULL, NULL),
(57, NULL, NULL, 'Edi', '$2y$10$oxTNOCipE9QDMf4.Ow5/KeX7sgYASH2vzbg9KuZiMWUda4LpZh1Eq', 'Guru Manage', NULL, 'Edi Hermanto, S.Kom', NULL, NULL),
(58, NULL, NULL, 'Dian', '$2y$10$oxTNOCipE9QDMf4.Ow5/KeX7sgYASH2vzbg9KuZiMWUda4LpZh1Eq', 'Guru Manage', NULL, 'Dian Sri Purwanti, S.Kom', NULL, NULL),
(59, NULL, NULL, 'Meilanza', '$2y$10$oxTNOCipE9QDMf4.Ow5/KeX7sgYASH2vzbg9KuZiMWUda4LpZh1Eq', 'Guru Manage', NULL, 'Meilanza Wardah Hasanah, S.Pd', NULL, NULL),
(60, NULL, NULL, 'Mulyana', '$2y$10$oxTNOCipE9QDMf4.Ow5/KeX7sgYASH2vzbg9KuZiMWUda4LpZh1Eq', 'Guru Manage', NULL, 'Yan Mulyana, A.Md Par.', NULL, NULL),
(61, NULL, NULL, 'Nurjanah', '$2y$10$oxTNOCipE9QDMf4.Ow5/KeX7sgYASH2vzbg9KuZiMWUda4LpZh1Eq', 'Guru Manage', NULL, 'Nurjanah, S.Pd., M.Pd', NULL, NULL);

--
-- Indexes for dumped tables
--

--
-- Indeks untuk tabel `tb_absensi`
--
ALTER TABLE `tb_absensi`
  ADD PRIMARY KEY (`id`);

--
-- Indeks untuk tabel `tb_absensi_guru`
--
ALTER TABLE `tb_absensi_guru`
  ADD PRIMARY KEY (`id`);

--
-- Indeks untuk tabel `tb_absensi_siswa`
--
ALTER TABLE `tb_absensi_siswa`
  ADD PRIMARY KEY (`id`);

--
-- Indeks untuk tabel `tb_guru`
--
ALTER TABLE `tb_guru`
  ADD PRIMARY KEY (`id_guru`);

--
-- Indeks untuk tabel `tb_hari`
--
ALTER TABLE `tb_hari`
  ADD PRIMARY KEY (`id_hari`);

--
-- Indeks untuk tabel `tb_jadwal`
--
ALTER TABLE `tb_jadwal`
  ADD PRIMARY KEY (`id`),
  ADD KEY `id_hari` (`id_hari`),
  ADD KEY `id_kelas` (`id_kelas`),
  ADD KEY `id_guru` (`id_guru`);

--
-- Indeks untuk tabel `tb_jadwal_gurupiket`
--
ALTER TABLE `tb_jadwal_gurupiket`
  ADD PRIMARY KEY (`id`);

--
-- Indeks untuk tabel `tb_kelas`
--
ALTER TABLE `tb_kelas`
  ADD PRIMARY KEY (`id_kelas`);

--
-- Indeks untuk tabel `tb_siswa`
--
ALTER TABLE `tb_siswa`
  ADD PRIMARY KEY (`id`);

--
-- Indeks untuk tabel `tb_users`
--
ALTER TABLE `tb_users`
  ADD PRIMARY KEY (`id`);

--
-- AUTO_INCREMENT untuk tabel yang dibuang
--

--
-- AUTO_INCREMENT untuk tabel `tb_absensi`
--
ALTER TABLE `tb_absensi`
  MODIFY `id` int NOT NULL AUTO_INCREMENT;

--
-- AUTO_INCREMENT untuk tabel `tb_absensi_guru`
--
ALTER TABLE `tb_absensi_guru`
  MODIFY `id` int NOT NULL AUTO_INCREMENT;

--
-- AUTO_INCREMENT untuk tabel `tb_absensi_siswa`
--
ALTER TABLE `tb_absensi_siswa`
  MODIFY `id` int NOT NULL AUTO_INCREMENT;

--
-- AUTO_INCREMENT untuk tabel `tb_guru`
--
ALTER TABLE `tb_guru`
  MODIFY `id_guru` int NOT NULL AUTO_INCREMENT, AUTO_INCREMENT=155;

--
-- AUTO_INCREMENT untuk tabel `tb_jadwal`
--
ALTER TABLE `tb_jadwal`
  MODIFY `id` int NOT NULL AUTO_INCREMENT, AUTO_INCREMENT=1061;

--
-- AUTO_INCREMENT untuk tabel `tb_jadwal_gurupiket`
--
ALTER TABLE `tb_jadwal_gurupiket`
  MODIFY `id` int NOT NULL AUTO_INCREMENT, AUTO_INCREMENT=34;

--
-- AUTO_INCREMENT untuk tabel `tb_kelas`
--
ALTER TABLE `tb_kelas`
  MODIFY `id_kelas` int NOT NULL AUTO_INCREMENT, AUTO_INCREMENT=75;

--
-- AUTO_INCREMENT untuk tabel `tb_siswa`
--
ALTER TABLE `tb_siswa`
  MODIFY `id` int NOT NULL AUTO_INCREMENT, AUTO_INCREMENT=2417;

--
-- AUTO_INCREMENT untuk tabel `tb_users`
--
ALTER TABLE `tb_users`
  MODIFY `id` int NOT NULL AUTO_INCREMENT, AUTO_INCREMENT=62;
COMMIT;

/*!40101 SET CHARACTER_SET_CLIENT=@OLD_CHARACTER_SET_CLIENT */;
/*!40101 SET CHARACTER_SET_RESULTS=@OLD_CHARACTER_SET_RESULTS */;
/*!40101 SET COLLATION_CONNECTION=@OLD_COLLATION_CONNECTION */;
